timestamp,open,high,low,close,volume
2026-05-01T00:00:00Z,76291.7,76444.0,76278.0,76442.8,5427.0
2026-05-01T00:05:00Z,76442.8,76468.1,76401.6,76460.1,8910.0
2026-05-01T00:10:00Z,76460.0,76460.0,76406.6,76422.4,551.0
2026-05-01T00:15:00Z,76433.0,76533.7,76433.0,76450.0,23522.0
2026-05-01T00:20:00Z,76450.0,76470.0,76426.4,76446.3,56753.0
2026-05-01T00:25:00Z,76446.3,76480.0,76446.3,76480.0,496.0
2026-05-01T00:30:00Z,76480.0,76512.0,76435.1,76444.7,3582.0
2026-05-01T00:35:00Z,76431.7,76461.1,76413.5,76423.1,5259.0
2026-05-01T00:40:00Z,76423.1,76493.3,76423.1,76488.5,2458.0
2026-05-01T00:45:00Z,76488.5,76550.7,76448.3,76448.3,10065.0
2026-05-01T00:50:00Z,76448.4,76454.6,76405.5,76415.1,1753.0
2026-05-01T00:55:00Z,76414.6,76423.9,76350.3,76415.1,6742.0
2026-05-01T01:00:00Z,76422.0,76440.0,76407.9,76423.3,2716.0
2026-05-01T01:05:00Z,76423.8,76538.7,76423.8,76516.6,5038.0
2026-05-01T01:10:00Z,76524.4,76548.8,76489.9,76515.0,7041.0
2026-05-01T01:15:00Z,76521.6,76586.0,76521.6,76569.9,15374.0
2026-05-01T01:20:00Z,76566.6,76586.0,76521.3,76526.7,9614.0
2026-05-01T01:25:00Z,76526.7,76526.7,76488.1,76495.6,5859.0
2026-05-01T01:30:00Z,76495.6,76530.0,76488.1,76527.2,2861.0
2026-05-01T01:35:00Z,76529.2,76554.9,76527.3,76541.4,4839.0
2026-05-01T01:40:00Z,76541.4,76596.0,76541.4,76580.3,7861.0
2026-05-01T01:45:00Z,76580.5,76688.0,76571.4,76650.0,37042.0
2026-05-01T01:50:00Z,76643.4,76717.9,76643.4,76686.9,52389.0
2026-05-01T01:55:00Z,76686.8,76737.4,76623.1,76644.0,15309.0
2026-05-01T02:00:00Z,76644.0,76648.3,76568.9,76630.9,24401.0
2026-05-01T02:05:00Z,76631.0,76700.0,76591.5,76674.1,10763.0
2026-05-01T02:10:00Z,76674.1,76674.1,76624.0,76624.0,22936.0
2026-05-01T02:15:00Z,76630.0,76688.0,76595.0,76595.0,3879.0
2026-05-01T02:20:00Z,76582.7,76589.5,76559.9,76587.4,2302.0
2026-05-01T02:25:00Z,76587.4,76600.0,76584.2,76584.2,1929.0
2026-05-01T02:30:00Z,76593.5,76596.6,76519.4,76530.0,15878.0
2026-05-01T02:35:00Z,76533.9,76599.6,76533.9,76574.5,4917.0
2026-05-01T02:40:00Z,76567.9,76569.5,76550.5,76550.5,2452.0
2026-05-01T02:45:00Z,76547.3,76556.0,76527.1,76553.4,1182.0
2026-05-01T02:50:00Z,76553.4,76576.7,76530.0,76530.0,1287.0
2026-05-01T02:55:00Z,76525.0,76552.8,76493.5,76552.8,2762.0
2026-05-01T03:00:00Z,76552.8,76552.8,76510.0,76510.0,4677.0
2026-05-01T03:05:00Z,76510.0,76625.5,76510.0,76617.8,13547.0
2026-05-01T03:10:00Z,76617.8,76666.8,76617.7,76651.8,8672.0
2026-05-01T03:15:00Z,76651.8,77184.1,76651.8,77184.0,173487.0
2026-05-01T03:20:00Z,77184.1,77420.1,77165.6,77277.9,110843.0
2026-05-01T03:25:00Z,77274.2,77300.0,77137.3,77152.0,41571.0
2026-05-01T03:30:00Z,77151.5,77220.8,77139.9,77184.4,6834.0
2026-05-01T03:35:00Z,77193.9,77249.5,77081.5,77090.4,12707.0
2026-05-01T03:40:00Z,77080.0,77130.0,77034.0,77116.9,27637.0
2026-05-01T03:45:00Z,77127.0,77150.0,77094.9,77115.2,18714.0
2026-05-01T03:50:00Z,77119.0,77157.5,77100.0,77100.7,5876.0
2026-05-01T03:55:00Z,77100.6,77100.6,77030.0,77082.6,19264.0
2026-05-01T04:00:00Z,77089.0,77121.1,77030.1,77074.2,11456.0
2026-05-01T04:05:00Z,77081.5,77117.2,77065.1,77091.2,5406.0
2026-05-01T04:10:00Z,77091.2,77133.9,77068.3,77069.8,10072.0
2026-05-01T04:15:00Z,77081.4,77171.0,77081.4,77152.1,13869.0
2026-05-01T04:20:00Z,77152.2,77152.2,77084.5,77123.9,16032.0
2026-05-01T04:25:00Z,77124.0,77137.9,76920.0,76981.6,10769.0
2026-05-01T04:30:00Z,76979.1,77045.5,76957.6,77039.5,5481.0
2026-05-01T04:35:00Z,77039.5,77050.0,77010.0,77046.8,4708.0
2026-05-01T04:40:00Z,77040.2,77050.1,76978.1,77046.4,16813.0
2026-05-01T04:45:00Z,77039.5,77039.5,77007.0,77012.6,2728.0
2026-05-01T04:50:00Z,77012.6,77073.8,77012.5,77015.0,2516.0
2026-05-01T04:55:00Z,77015.7,77031.0,76987.7,76997.3,3855.0
2026-05-01T05:00:00Z,76997.5,77075.8,76988.4,77075.8,2924.0
2026-05-01T05:05:00Z,77075.9,77147.5,77069.2,77114.8,9425.0
2026-05-01T05:10:00Z,77119.8,77128.5,77097.6,77100.0,598.0
2026-05-01T05:15:00Z,77100.0,77105.6,77021.2,77024.6,6593.0
2026-05-01T05:20:00Z,77024.7,77069.2,77024.7,77060.0,1952.0
2026-05-01T05:25:00Z,77053.8,77084.0,77044.5,77044.6,4368.0
2026-05-01T05:30:00Z,77037.3,77062.5,77028.4,77062.5,3600.0
2026-05-01T05:35:00Z,77062.5,77072.5,77018.7,77072.4,2365.0
2026-05-01T05:40:00Z,77070.8,77083.9,77056.1,77083.9,1586.0
2026-05-01T05:45:00Z,77083.9,77135.6,77072.5,77113.1,4117.0
2026-05-01T05:50:00Z,77113.1,77128.7,77098.6,77108.0,1151.0
2026-05-01T05:55:00Z,77121.0,77127.0,77107.8,77122.7,3725.0
2026-05-01T06:00:00Z,77122.9,77138.0,77102.2,77109.9,6512.0
2026-05-01T06:05:00Z,77106.1,77142.5,77094.7,77094.7,6267.0
2026-05-01T06:10:00Z,77094.7,77108.8,77043.6,77100.4,9929.0
2026-05-01T06:15:00Z,77104.6,77143.6,77096.4,77096.5,7565.0
2026-05-01T06:20:00Z,77096.5,77104.1,77071.6,77104.1,6434.0
2026-05-01T06:25:00Z,77104.1,77131.6,77098.9,77106.2,1557.0
2026-05-01T06:30:00Z,77106.3,77122.3,77097.1,77122.3,2935.0
2026-05-01T06:35:00Z,77131.5,77131.5,76999.9,77016.1,4675.0
2026-05-01T06:40:00Z,77016.0,77028.0,76921.4,77028.0,8236.0
2026-05-01T06:45:00Z,77028.0,77033.0,76933.2,76933.2,226721.0
2026-05-01T06:50:00Z,76933.2,76959.0,76834.0,76957.3,26399.0
2026-05-01T06:55:00Z,76957.3,77075.8,76957.3,76978.3,8080.0
2026-05-01T07:00:00Z,76969.5,76999.5,76919.4,76949.5,140654.0
2026-05-01T07:05:00Z,76952.0,77052.6,76951.0,77052.5,6813.0
2026-05-01T07:10:00Z,77054.0,77060.0,76999.8,76999.8,2956.0
2026-05-01T07:15:00Z,76998.6,77048.3,76970.9,77022.5,2542.0
2026-05-01T07:20:00Z,77020.0,77076.6,76994.7,77020.8,3121.0
2026-05-01T07:25:00Z,77007.5,77007.5,76958.3,76967.2,2660.0
2026-05-01T07:30:00Z,76967.2,76992.9,76930.0,76979.4,18089.0
2026-05-01T07:35:00Z,76979.4,77000.0,76968.2,76981.5,2538.0
2026-05-01T07:40:00Z,76981.6,77019.9,76963.1,76963.1,5207.0
2026-05-01T07:45:00Z,76963.1,77068.8,76963.1,77068.8,3593.0
2026-05-01T07:50:00Z,77068.8,77110.0,77068.7,77103.2,7936.0
2026-05-01T07:55:00Z,77103.2,77103.2,77086.1,77099.9,1711.0
2026-05-01T08:00:00Z,77101.6,77101.6,77011.5,77044.0,2091.0
2026-05-01T08:05:00Z,77052.9,77117.5,77052.9,77101.5,14994.0
2026-05-01T08:10:00Z,77101.5,77225.4,77101.5,77221.7,35814.0
2026-05-01T08:15:00Z,77221.6,77377.0,77192.8,77326.0,28774.0
2026-05-01T08:20:00Z,77325.5,77475.7,77325.5,77452.0,34627.0
2026-05-01T08:25:00Z,77447.6,77447.6,77396.3,77442.2,72958.0
2026-05-01T08:30:00Z,77410.1,77438.8,77383.6,77383.6,455524.0
2026-05-01T08:35:00Z,77376.7,77390.0,77337.7,77382.5,8110.0
2026-05-01T08:40:00Z,77382.5,77389.9,77329.9,77330.3,4902.0
2026-05-01T08:45:00Z,77336.7,77336.8,77325.5,77325.5,7081.0
2026-05-01T08:50:00Z,77325.7,77349.6,77325.5,77325.5,1844.0
2026-05-01T08:55:00Z,77325.5,77349.1,77325.5,77340.0,890.0
2026-05-01T09:00:00Z,77340.0,77353.0,77258.7,77286.3,4446.0
2026-05-01T09:05:00Z,77286.3,77312.2,77282.4,77309.9,5029.0
2026-05-01T09:10:00Z,77309.9,77320.6,77294.9,77304.7,1465.0
2026-05-01T09:15:00Z,77304.7,77315.5,77268.0,77299.9,2935.0
2026-05-01T09:20:00Z,77299.9,77350.0,77270.2,77345.3,3603.0
2026-05-01T09:25:00Z,77342.4,77345.0,77311.0,77311.1,1474.0
2026-05-01T09:30:00Z,77305.1,77305.1,77268.5,77283.9,2394.0
2026-05-01T09:35:00Z,77283.9,77292.6,77240.3,77244.4,866.0
2026-05-01T09:40:00Z,77244.4,77251.1,77239.4,77246.6,1819.0
2026-05-01T09:45:00Z,77246.6,77246.6,77160.6,77170.3,6419.0
2026-05-01T09:50:00Z,77170.1,77199.7,77166.5,77194.5,8225.0
2026-05-01T09:55:00Z,77194.4,77239.3,77194.4,77239.2,6496.0
2026-05-01T10:00:00Z,77236.7,77236.7,77182.7,77182.7,2662.0
2026-05-01T10:05:00Z,77182.7,77215.2,77181.6,77181.6,444.0
2026-05-01T10:10:00Z,77175.5,77175.5,77118.1,77134.8,9132.0
2026-05-01T10:15:00Z,77134.8,77255.4,77134.7,77241.5,2341.0
2026-05-01T10:20:00Z,77238.9,77400.0,77238.9,77375.2,6939.0
2026-05-01T10:25:00Z,77371.5,77371.5,77309.9,77316.3,3520.0
2026-05-01T10:30:00Z,77312.6,77337.8,77274.2,77284.5,23965.0
2026-05-01T10:35:00Z,77287.7,77287.7,77217.9,77217.9,4021.0
2026-05-01T10:40:00Z,77216.5,77234.3,77212.2,77214.4,1341.0
2026-05-01T10:45:00Z,77214.5,77248.5,77214.5,77238.0,698.0
2026-05-01T10:50:00Z,77238.0,77247.1,77220.9,77240.9,2436.0
2026-05-01T10:55:00Z,77240.7,77279.2,77233.5,77268.9,2297.0
2026-05-01T11:00:00Z,77282.8,77303.0,77260.1,77260.2,6013.0
2026-05-01T11:05:00Z,77266.1,77266.1,77236.0,77238.3,2248.0
2026-05-01T11:10:00Z,77238.3,77291.9,77233.1,77291.9,3778.0
2026-05-01T11:15:00Z,77297.1,77400.0,77276.1,77400.0,5941.0
2026-05-01T11:20:00Z,77414.0,77585.5,77375.7,77391.9,47308.0
2026-05-01T11:25:00Z,77392.0,77401.4,77305.5,77348.1,14977.0
2026-05-01T11:30:00Z,77351.9,77398.3,77336.6,77343.0,25683.0
2026-05-01T11:35:00Z,77347.0,77349.9,77311.8,77337.0,23096.0
2026-05-01T11:40:00Z,77337.0,77385.8,77332.5,77373.8,3447.0
2026-05-01T11:45:00Z,77377.8,77393.3,77302.0,77326.5,5944.0
2026-05-01T11:50:00Z,77326.7,77387.8,77326.7,77360.3,4449.0
2026-05-01T11:55:00Z,77360.3,77433.1,77360.3,77426.6,7133.0
2026-05-01T12:00:00Z,77439.3,77500.5,77403.9,77430.9,5111.0
2026-05-01T12:05:00Z,77431.0,77436.1,77382.3,77406.9,15509.0
2026-05-01T12:10:00Z,77400.1,77644.0,77368.2,77519.2,26738.0
2026-05-01T12:15:00Z,77519.2,77663.3,77509.4,77652.2,335365.0
2026-05-01T12:20:00Z,77649.1,77749.1,77624.8,77720.0,50470.0
2026-05-01T12:25:00Z,77725.8,77768.9,77706.6,77724.1,131543.0
2026-05-01T12:30:00Z,77714.3,78100.0,77714.3,77901.2,144166.0
2026-05-01T12:35:00Z,77900.0,78138.5,77899.6,77989.4,308535.0
2026-05-01T12:40:00Z,77989.4,78100.0,77901.3,77918.1,16957.0
2026-05-01T12:45:00Z,77912.1,78000.0,77900.6,77952.2,13905.0
2026-05-01T12:50:00Z,77947.7,77967.8,77900.0,77903.9,18609.0
2026-05-01T12:55:00Z,77907.0,77960.0,77839.1,77847.2,10946.0
2026-05-01T13:00:00Z,77847.1,78175.0,77847.1,78154.2,80749.0
2026-05-01T13:05:00Z,78154.2,78180.0,78117.1,78159.3,34464.0
2026-05-01T13:10:00Z,78159.3,78392.6,78140.9,78300.0,83450.0
2026-05-01T13:15:00Z,78299.9,78350.0,78222.6,78253.0,50486.0
2026-05-01T13:20:00Z,78275.5,78331.3,78275.4,78297.7,20913.0
2026-05-01T13:25:00Z,78286.6,78304.1,78222.2,78239.1,44828.0
2026-05-01T13:30:00Z,78236.7,78473.3,78173.6,78392.8,77734.0
2026-05-01T13:35:00Z,78394.5,78486.4,78156.8,78169.4,89215.0
2026-05-01T13:40:00Z,78167.8,78220.7,78087.9,78201.7,38451.0
2026-05-01T13:45:00Z,78201.9,78339.8,78150.0,78306.6,21727.0
2026-05-01T13:50:00Z,78302.6,78848.3,78258.3,78732.3,163301.0
2026-05-01T13:55:00Z,78744.1,78878.4,78626.1,78691.3,59088.0
2026-05-01T14:00:00Z,78691.2,78746.9,78561.8,78633.2,30730.0
2026-05-01T14:05:00Z,78633.3,78658.1,78544.4,78612.0,15369.0
2026-05-01T14:10:00Z,78600.0,78844.5,78561.0,78627.7,29793.0
2026-05-01T14:15:00Z,78627.9,78657.5,78425.1,78430.9,47623.0
2026-05-01T14:20:00Z,78429.5,78486.3,78340.4,78344.9,34795.0
2026-05-01T14:25:00Z,78344.1,78344.2,78142.6,78226.9,59198.0
2026-05-01T14:30:00Z,78226.6,78257.7,78118.5,78180.0,13160.0
2026-05-01T14:35:00Z,78193.1,78230.0,78011.7,78193.6,29202.0
2026-05-01T14:40:00Z,78177.5,78191.0,78099.9,78156.6,35171.0
2026-05-01T14:45:00Z,78155.0,78333.2,78111.0,78333.2,21756.0
2026-05-01T14:50:00Z,78333.2,78408.9,78264.9,78282.0,13496.0
2026-05-01T14:55:00Z,78272.8,78351.0,78268.4,78312.8,7744.0
2026-05-01T15:00:00Z,78304.0,78304.0,78131.8,78235.9,14690.0
2026-05-01T15:05:00Z,78228.0,78259.6,78151.1,78259.4,9413.0
2026-05-01T15:10:00Z,78249.4,78435.3,78236.9,78414.4,144138.0
2026-05-01T15:15:00Z,78416.0,78491.6,78371.0,78424.5,21176.0
2026-05-01T15:20:00Z,78421.2,78575.2,78401.7,78419.2,12850.0
2026-05-01T15:25:00Z,78419.2,78536.0,78419.2,78499.9,5854.0
2026-05-01T15:30:00Z,78500.0,78549.9,78481.9,78533.2,8725.0
2026-05-01T15:35:00Z,78537.9,78659.9,78480.1,78619.4,21179.0
2026-05-01T15:40:00Z,78623.8,78688.0,78582.0,78611.9,9850.0
2026-05-01T15:45:00Z,78624.5,78633.0,78570.4,78621.6,9252.0
2026-05-01T15:50:00Z,78619.4,78619.4,78130.0,78312.2,44870.0
2026-05-01T15:55:00Z,78319.9,78426.4,78310.2,78395.4,4258.0
2026-05-01T16:00:00Z,78396.9,78615.2,78396.9,78595.4,13373.0
2026-05-01T16:05:00Z,78598.9,78642.0,78469.3,78469.3,43275.0
2026-05-01T16:10:00Z,78469.4,78495.9,78350.0,78350.0,12365.0
2026-05-01T16:15:00Z,78347.1,78357.8,78273.5,78285.3,36806.0
2026-05-01T16:20:00Z,78291.1,78439.3,78211.7,78232.7,25039.0
2026-05-01T16:25:00Z,78210.7,78356.4,78130.0,78297.1,16685.0
2026-05-01T16:30:00Z,78297.1,78300.0,78127.4,78268.3,48263.0
2026-05-01T16:35:00Z,78264.9,78325.5,78191.1,78312.9,4187.0
2026-05-01T16:40:00Z,78313.0,78340.8,78223.9,78241.3,5750.0
2026-05-01T16:45:00Z,78231.1,78231.1,78130.6,78159.3,8533.0
2026-05-01T16:50:00Z,78159.4,78267.8,78130.0,78263.2,8900.0
2026-05-01T16:55:00Z,78266.5,78315.7,78180.0,78180.0,11672.0
2026-05-01T17:00:00Z,78180.0,78268.9,78120.0,78120.0,17618.0
2026-05-01T17:05:00Z,78118.8,78163.2,78087.6,78160.2,17833.0
2026-05-01T17:10:00Z,78160.3,78295.8,78156.4,78295.8,8161.0
2026-05-01T17:15:00Z,78295.8,78308.9,78251.3,78283.9,15430.0
2026-05-01T17:20:00Z,78283.9,78293.2,78192.8,78192.9,2133.0
2026-05-01T17:25:00Z,78192.8,78201.9,78151.9,78201.9,6756.0
2026-05-01T17:30:00Z,78215.2,78223.5,78150.0,78167.6,1661.0
2026-05-01T17:35:00Z,78167.6,78478.7,78167.5,78478.7,26311.0
2026-05-01T17:40:00Z,78478.6,78519.1,78404.3,78404.3,13288.0
2026-05-01T17:45:00Z,78404.3,78427.1,78376.8,78422.2,4829.0
2026-05-01T17:50:00Z,78422.2,78530.8,78402.8,78480.0,12033.0
2026-05-01T17:55:00Z,78480.0,78544.9,78470.2,78509.3,6219.0
2026-05-01T18:00:00Z,78524.2,78544.4,78426.2,78508.8,9756.0
2026-05-01T18:05:00Z,78505.9,78574.4,78450.4,78465.6,15016.0
2026-05-01T18:10:00Z,78465.6,78529.4,78458.7,78488.0,6137.0
2026-05-01T18:15:00Z,78496.9,78545.5,78440.0,78533.0,4019.0
2026-05-01T18:20:00Z,78535.3,78590.1,78521.6,78521.6,8844.0
2026-05-01T18:25:00Z,78521.6,78556.0,78505.5,78554.4,6297.0
2026-05-01T18:30:00Z,78551.5,78551.5,78450.2,78503.5,12459.0
2026-05-01T18:35:00Z,78503.5,78503.5,78436.7,78488.3,4863.0
2026-05-01T18:40:00Z,78488.2,78488.2,78383.0,78396.8,9942.0
2026-05-01T18:45:00Z,78394.1,78460.0,78361.5,78460.0,15273.0
2026-05-01T18:50:00Z,78467.3,78473.8,78380.5,78386.8,21396.0
2026-05-01T18:55:00Z,78389.4,78410.3,78338.4,78392.2,7435.0
2026-05-01T19:00:00Z,78393.5,78442.8,78379.1,78425.6,1482.0
2026-05-01T19:05:00Z,78426.1,78510.7,78426.0,78472.1,2246.0
2026-05-01T19:10:00Z,78472.1,78472.1,78424.3,78454.0,5204.0
2026-05-01T19:15:00Z,78454.0,78465.6,78320.0,78336.8,4711.0
2026-05-01T19:20:00Z,78328.6,78378.5,78324.2,78364.3,2898.0
2026-05-01T19:25:00Z,78364.3,78410.9,78364.3,78381.4,2283.0
2026-05-01T19:30:00Z,78381.4,78381.4,78278.3,78309.2,16426.0
2026-05-01T19:35:00Z,78309.2,78326.9,78274.0,78305.5,2328.0
2026-05-01T19:40:00Z,78308.1,78324.4,78279.8,78303.2,4325.0
2026-05-01T19:45:00Z,78300.3,78367.9,78290.8,78312.7,4152.0
2026-05-01T19:50:00Z,78321.7,78376.0,78306.6,78350.1,4040.0
2026-05-01T19:55:00Z,78350.0,78420.0,78308.6,78316.1,9174.0
2026-05-01T20:00:00Z,78330.3,78387.3,78309.4,78333.3,5343.0
2026-05-01T20:05:00Z,78311.1,78315.9,78271.6,78279.8,4243.0
2026-05-01T20:10:00Z,78279.9,78280.0,78252.3,78257.9,27774.0
2026-05-01T20:15:00Z,78261.8,78268.3,78156.8,78158.3,15075.0
2026-05-01T20:20:00Z,78156.8,78161.0,78059.1,78135.7,11433.0
2026-05-01T20:25:00Z,78135.8,78162.5,78117.8,78117.8,5348.0
2026-05-01T20:30:00Z,78117.8,78143.9,78072.3,78072.3,4200.0
2026-05-01T20:35:00Z,78072.3,78114.6,78030.2,78040.1,10347.0
2026-05-01T20:40:00Z,78040.1,78040.1,77910.0,77955.9,35836.0
2026-05-01T20:45:00Z,77955.9,78000.0,77920.1,77925.6,13835.0
2026-05-01T20:50:00Z,77930.5,77963.2,77717.7,77818.8,33539.0
2026-05-01T20:55:00Z,77818.8,77855.5,77771.1,77847.5,26217.0
2026-05-01T21:00:00Z,77847.5,77947.8,77815.1,77867.9,56479.0
2026-05-01T21:05:00Z,77867.9,77931.1,77867.9,77931.1,14913.0
2026-05-01T21:10:00Z,77926.7,77946.5,77885.5,77919.2,18634.0
2026-05-01T21:15:00Z,77920.9,77971.8,77898.2,77940.7,4377.0
2026-05-01T21:20:00Z,77934.0,77950.0,77920.2,77930.2,3217.0
2026-05-01T21:25:00Z,77930.2,78034.8,77916.1,77973.3,4658.0
2026-05-01T21:30:00Z,77973.3,78101.3,77973.3,78072.2,17391.0
2026-05-01T21:35:00Z,78054.9,78100.1,78054.9,78095.2,6777.0
2026-05-01T21:40:00Z,78085.5,78150.0,78050.0,78077.2,23456.0
2026-05-01T21:45:00Z,78084.2,78120.1,78075.3,78120.0,8472.0
2026-05-01T21:50:00Z,78122.2,78151.1,78081.3,78142.9,3739.0
2026-05-01T21:55:00Z,78138.4,78157.0,78106.9,78157.0,6776.0
2026-05-01T22:00:00Z,78157.0,78229.7,78157.0,78205.1,18832.0
2026-05-01T22:05:00Z,78203.5,78256.8,78192.7,78233.2,11314.0
2026-05-01T22:10:00Z,78233.2,78280.0,78220.0,78230.3,5246.0
2026-05-01T22:15:00Z,78240.6,78323.2,78240.6,78323.2,9050.0
2026-05-01T22:20:00Z,78323.2,78364.6,78313.6,78364.0,28050.0
2026-05-01T22:25:00Z,78358.5,78358.6,78284.5,78300.0,10896.0
2026-05-01T22:30:00Z,78300.0,78321.9,78249.0,78249.0,7856.0
2026-05-01T22:35:00Z,78243.7,78243.7,78200.4,78203.2,6847.0
2026-05-01T22:40:00Z,78203.2,78223.6,78178.5,78208.1,3946.0
2026-05-01T22:45:00Z,78212.9,78212.9,78091.8,78118.8,8647.0
2026-05-01T22:50:00Z,78118.8,78147.6,78101.7,78109.7,5346.0
2026-05-01T22:55:00Z,78109.7,78130.0,78099.3,78105.9,14523.0
2026-05-01T23:00:00Z,78091.8,78118.1,78055.6,78107.6,5487.0
2026-05-01T23:05:00Z,78107.6,78121.7,78080.5,78085.0,5253.0
2026-05-01T23:10:00Z,78085.0,78135.0,78085.0,78091.2,1610.0
2026-05-01T23:15:00Z,78083.3,78103.0,78034.3,78034.3,8162.0
2026-05-01T23:20:00Z,78034.3,78061.7,78026.5,78030.0,3186.0
2026-05-01T23:25:00Z,78029.9,78046.5,77998.7,77999.1,3693.0
2026-05-01T23:30:00Z,78000.0,78026.9,77998.4,78018.4,2797.0
2026-05-01T23:35:00Z,78018.4,78072.0,78018.0,78063.6,3101.0
2026-05-01T23:40:00Z,78063.6,78104.6,78059.9,78059.9,4405.0
2026-05-01T23:45:00Z,78065.8,78131.2,78065.8,78108.2,4468.0
2026-05-01T23:50:00Z,78108.1,78142.8,78106.0,78135.5,3440.0
2026-05-01T23:55:00Z,78106.9,78194.2,78106.9,78187.7,5197.0
2026-05-02T00:00:00Z,78195.2,78253.3,78184.3,78228.7,10264.0
2026-05-02T00:05:00Z,78228.7,78228.7,78186.3,78209.7,13315.0
2026-05-02T00:10:00Z,78209.7,78209.7,78158.3,78158.4,10415.0
2026-05-02T00:15:00Z,78158.4,78162.3,78123.4,78156.3,4705.0
2026-05-02T00:20:00Z,78156.3,78269.6,78153.7,78269.5,21646.0
2026-05-02T00:25:00Z,78269.5,78319.9,78234.9,78235.0,10804.0
2026-05-02T00:30:00Z,78235.0,78300.1,78235.0,78263.2,3006.0
2026-05-02T00:35:00Z,78260.0,78260.0,78200.1,78203.1,1658.0
2026-05-02T00:40:00Z,78203.1,78280.0,78203.1,78280.0,6035.0
2026-05-02T00:45:00Z,78284.1,78322.0,78250.6,78272.1,3405.0
2026-05-02T00:50:00Z,78272.1,78356.0,78272.1,78295.2,6798.0
2026-05-02T00:55:00Z,78295.2,78307.7,78263.1,78303.2,1393.0
2026-05-02T01:00:00Z,78305.2,78305.2,78255.0,78260.4,1448.0
2026-05-02T01:05:00Z,78260.4,78331.2,78260.4,78331.2,1825.0
2026-05-02T01:10:00Z,78327.6,78350.0,78292.4,78335.1,2796.0
2026-05-02T01:15:00Z,78317.2,78328.9,78260.0,78260.0,3499.0
2026-05-02T01:20:00Z,78264.9,78296.7,78260.7,78296.7,3024.0
2026-05-02T01:25:00Z,78296.7,78313.4,78278.6,78305.0,3724.0
2026-05-02T01:30:00Z,78305.0,78412.8,78305.0,78380.8,15848.0
2026-05-02T01:35:00Z,78376.5,78376.6,78304.7,78319.0,1722.0
2026-05-02T01:40:00Z,78319.0,78329.3,78275.8,78329.2,1049.0
2026-05-02T01:45:00Z,78315.0,78315.0,78276.4,78290.1,1001.0
2026-05-02T01:50:00Z,78290.1,78299.9,78264.0,78299.9,2294.0
2026-05-02T01:55:00Z,78299.8,78299.8,78254.7,78295.8,3808.0
2026-05-02T02:00:00Z,78281.9,78314.4,78275.5,78288.8,3961.0
2026-05-02T02:05:00Z,78288.8,78317.4,78256.6,78256.6,787.0
2026-05-02T02:10:00Z,78251.9,78290.8,78240.0,78255.4,7542.0
2026-05-02T02:15:00Z,78250.0,78307.0,78250.0,78302.9,535.0
2026-05-02T02:20:00Z,78294.5,78295.8,78267.0,78267.0,737.0
2026-05-02T02:25:00Z,78267.0,78272.1,78210.3,78223.1,8379.0
2026-05-02T02:30:00Z,78223.1,78259.8,78219.6,78259.1,5073.0
2026-05-02T02:35:00Z,78247.3,78323.0,78247.3,78323.0,2162.0
2026-05-02T02:40:00Z,78323.1,78354.9,78322.1,78326.1,5960.0
2026-05-02T02:45:00Z,78326.1,78356.2,78318.5,78318.5,20561.0
2026-05-02T02:50:00Z,78331.1,78470.0,78331.1,78384.0,28495.0
2026-05-02T02:55:00Z,78389.5,78406.7,78323.1,78323.2,1973.0
2026-05-02T03:00:00Z,78323.2,78353.5,78311.1,78328.7,12190.0
2026-05-02T03:05:00Z,78328.8,78328.8,78246.9,78246.9,20373.0
2026-05-02T03:10:00Z,78246.9,78246.9,78201.9,78229.1,17907.0
2026-05-02T03:15:00Z,78229.1,78261.4,78185.6,78253.8,3917.0
2026-05-02T03:20:00Z,78253.8,78316.0,78253.1,78306.3,7273.0
2026-05-02T03:25:00Z,78306.3,78373.8,78306.3,78340.0,5483.0
2026-05-02T03:30:00Z,78338.1,78424.7,78325.0,78399.1,3906.0
2026-05-02T03:35:00Z,78401.8,78500.0,78400.1,78400.1,15943.0
2026-05-02T03:40:00Z,78400.1,78400.1,78358.1,78360.7,1349.0
2026-05-02T03:45:00Z,78358.2,78360.1,78320.9,78340.8,2135.0
2026-05-02T03:50:00Z,78340.8,78380.8,78340.7,78380.8,764.0
2026-05-02T03:55:00Z,78380.8,78437.0,78371.2,78377.5,1464.0
2026-05-02T04:00:00Z,78381.0,78405.5,78364.3,78364.3,2768.0
2026-05-02T04:05:00Z,78362.0,78362.0,78223.2,78235.8,3368.0
2026-05-02T04:10:00Z,78235.8,78273.5,78228.2,78255.0,1831.0
2026-05-02T04:15:00Z,78247.0,78262.3,78216.0,78242.3,1704.0
2026-05-02T04:20:00Z,78248.3,78250.0,78219.9,78234.3,17553.0
2026-05-02T04:25:00Z,78234.3,78250.0,78213.6,78233.6,1662.0
2026-05-02T04:30:00Z,78229.5,78250.0,78219.9,78220.0,1446.0
2026-05-02T04:35:00Z,78220.0,78250.0,78200.1,78200.1,2212.0
2026-05-02T04:40:00Z,78200.0,78200.0,78112.4,78185.1,8425.0
2026-05-02T04:45:00Z,78185.0,78192.7,78094.2,78158.5,29386.0
2026-05-02T04:50:00Z,78158.5,78160.8,78099.9,78142.6,4292.0
2026-05-02T04:55:00Z,78142.6,78154.2,78097.6,78137.4,1258.0
2026-05-02T05:00:00Z,78136.3,78136.3,78099.9,78099.9,4344.0
2026-05-02T05:05:00Z,78099.9,78149.8,78096.0,78110.6,2111.0
2026-05-02T05:10:00Z,78110.6,78123.1,78007.8,78048.3,4259.0
2026-05-02T05:15:00Z,78049.9,78090.0,78007.8,78007.8,3376.0
2026-05-02T05:20:00Z,78011.2,78034.9,77981.1,78034.8,27174.0
2026-05-02T05:25:00Z,78034.8,78067.8,78023.4,78067.8,3467.0
2026-05-02T05:30:00Z,78067.7,78134.8,78067.7,78114.3,6058.0
2026-05-02T05:35:00Z,78114.3,78163.4,78106.2,78160.1,6409.0
2026-05-02T05:40:00Z,78160.1,78163.2,78150.0,78150.0,2240.0
2026-05-02T05:45:00Z,78150.1,78214.0,78140.0,78169.4,2678.0
2026-05-02T05:50:00Z,78169.4,78183.2,78146.7,78160.6,11366.0
2026-05-02T05:55:00Z,78160.6,78179.1,78145.3,78145.3,1210.0
2026-05-02T06:00:00Z,78148.8,78226.8,78148.8,78214.9,2722.0
2026-05-02T06:05:00Z,78214.9,78245.3,78200.0,78200.4,2612.0
2026-05-02T06:10:00Z,78200.4,78204.3,78138.9,78143.6,1841.0
2026-05-02T06:15:00Z,78152.1,78180.0,78152.1,78167.6,1809.0
2026-05-02T06:20:00Z,78160.1,78166.2,78113.7,78117.6,4398.0
2026-05-02T06:25:00Z,78117.6,78117.9,78102.2,78102.2,1293.0
2026-05-02T06:30:00Z,78102.2,78126.8,78100.0,78115.3,2418.0
2026-05-02T06:35:00Z,78115.3,78160.0,78115.3,78159.9,2150.0
2026-05-02T06:40:00Z,78159.9,78193.1,78154.6,78193.1,374.0
2026-05-02T06:45:00Z,78193.1,78262.3,78193.0,78262.3,2570.0
2026-05-02T06:50:00Z,78262.3,78319.4,78250.0,78275.0,2676.0
2026-05-02T06:55:00Z,78275.0,78303.1,78260.8,78278.2,5460.0
2026-05-02T07:00:00Z,78278.2,78304.2,78262.4,78262.5,4012.0
2026-05-02T07:05:00Z,78262.5,78278.4,78262.4,78276.9,1001.0
2026-05-02T07:10:00Z,78276.9,78277.0,78259.8,78266.4,4199.0
2026-05-02T07:15:00Z,78266.4,78269.4,78262.5,78268.5,620.0
2026-05-02T07:20:00Z,78268.5,78300.0,78268.5,78290.1,295.0
2026-05-02T07:25:00Z,78290.1,78290.1,78275.2,78275.2,867.0
2026-05-02T07:30:00Z,78275.2,78275.3,78229.1,78229.2,1360.0
2026-05-02T07:35:00Z,78229.1,78231.4,78208.7,78210.3,3696.0
2026-05-02T07:40:00Z,78210.5,78220.0,78176.5,78181.4,1983.0
2026-05-02T07:45:00Z,78183.2,78205.8,78183.2,78185.0,121.0
2026-05-02T07:50:00Z,78185.0,78185.0,78158.2,78181.6,4923.0
2026-05-02T07:55:00Z,78181.6,78185.9,78167.4,78179.1,2147.0
2026-05-02T08:00:00Z,78177.3,78182.5,78120.1,78163.9,13254.0
2026-05-02T08:05:00Z,78163.9,78186.7,78163.9,78186.7,1543.0
2026-05-02T08:10:00Z,78186.7,78223.8,78184.5,78218.1,628.0
2026-05-02T08:15:00Z,78218.1,78223.6,78193.0,78220.0,696.0
2026-05-02T08:20:00Z,78220.0,78246.5,78220.0,78241.1,427.0
2026-05-02T08:25:00Z,78241.1,78247.2,78237.8,78239.3,1223.0
2026-05-02T08:30:00Z,78239.3,78272.7,78239.3,78272.6,490.0
2026-05-02T08:35:00Z,78272.6,78305.8,78272.6,78290.2,1726.0
2026-05-02T08:40:00Z,78289.9,78300.0,78279.9,78287.2,2105.0
2026-05-02T08:45:00Z,78282.1,78284.7,78276.1,78284.7,1855.0
2026-05-02T08:50:00Z,78284.7,78315.2,78284.7,78285.5,3487.0
2026-05-02T08:55:00Z,78284.8,78284.8,78246.2,78272.1,2606.0
2026-05-02T09:00:00Z,78284.0,78284.1,78252.8,78252.8,348.0
2026-05-02T09:05:00Z,78252.8,78256.6,78250.0,78256.6,466.0
2026-05-02T09:10:00Z,78256.6,78269.4,78252.5,78256.3,467.0
2026-05-02T09:15:00Z,78265.2,78284.1,78265.2,78284.0,259.0
2026-05-02T09:20:00Z,78289.1,78303.3,78277.4,78277.4,1218.0
2026-05-02T09:25:00Z,78277.4,78278.7,78276.0,78276.1,316.0
2026-05-02T09:30:00Z,78276.0,78276.0,78182.4,78271.8,9698.0
2026-05-02T09:35:00Z,78271.8,78350.0,78271.8,78281.5,5616.0
2026-05-02T09:40:00Z,78276.5,78299.8,78260.1,78262.1,431.0
2026-05-02T09:45:00Z,78273.2,78273.2,78260.8,78260.8,475.0
2026-05-02T09:50:00Z,78260.8,78267.0,78252.3,78256.0,1016.0
2026-05-02T09:55:00Z,78262.0,78279.9,78251.9,78251.9,676.0
2026-05-02T10:00:00Z,78251.9,78255.0,78240.1,78255.0,1127.0
2026-05-02T10:05:00Z,78273.0,78273.1,78240.0,78256.1,548.0
2026-05-02T10:10:00Z,78256.1,78264.0,78256.1,78256.2,258.0
2026-05-02T10:15:00Z,78256.2,78256.4,78248.6,78250.9,988.0
2026-05-02T10:20:00Z,78250.9,78250.9,78187.7,78195.0,3661.0
2026-05-02T10:25:00Z,78195.0,78211.3,78190.0,78211.3,2081.0
2026-05-02T10:30:00Z,78206.3,78226.9,78192.6,78226.8,1729.0
2026-05-02T10:35:00Z,78226.8,78228.6,78207.9,78207.9,197.0
2026-05-02T10:40:00Z,78207.9,78210.9,78175.2,78210.9,1106.0
2026-05-02T10:45:00Z,78199.5,78236.0,78190.0,78230.0,4219.0
2026-05-02T10:50:00Z,78230.1,78230.1,78210.3,78210.9,820.0
2026-05-02T10:55:00Z,78211.0,78225.4,78209.1,78209.1,876.0
2026-05-02T11:00:00Z,78195.0,78195.0,78124.7,78146.7,1907.0
2026-05-02T11:05:00Z,78146.7,78157.7,78145.0,78150.1,2587.0
2026-05-02T11:10:00Z,78161.6,78161.6,78123.6,78135.9,1591.0
2026-05-02T11:15:00Z,78135.9,78157.4,78132.0,78150.0,2875.0
2026-05-02T11:20:00Z,78150.0,78192.9,78150.0,78192.9,782.0
2026-05-02T11:25:00Z,78192.9,78197.1,78171.0,78171.0,2952.0
2026-05-02T11:30:00Z,78171.1,78176.8,78141.4,78141.4,696.0
2026-05-02T11:35:00Z,78141.4,78141.4,78115.4,78118.8,2029.0
2026-05-02T11:40:00Z,78118.8,78118.8,78082.0,78118.6,4039.0
2026-05-02T11:45:00Z,78118.6,78118.7,78062.0,78062.0,3063.0
2026-05-02T11:50:00Z,78061.8,78090.0,78055.7,78080.0,4781.0
2026-05-02T11:55:00Z,78071.1,78109.0,78071.1,78105.6,919.0
2026-05-02T12:00:00Z,78104.3,78104.4,78077.2,78079.9,1970.0
2026-05-02T12:05:00Z,78079.9,78118.7,78058.9,78058.9,3681.0
2026-05-02T12:10:00Z,78068.1,78105.0,78063.4,78105.0,4732.0
2026-05-02T12:15:00Z,78105.0,78105.0,78099.9,78100.0,1600.0
2026-05-02T12:20:00Z,78100.0,78122.9,78099.9,78122.9,2012.0
2026-05-02T12:25:00Z,78122.9,78220.8,78122.9,78203.5,6008.0
2026-05-02T12:30:00Z,78203.5,78220.4,78160.1,78197.1,4544.0
2026-05-02T12:35:00Z,78197.1,78197.1,78160.0,78160.0,1579.0
2026-05-02T12:40:00Z,78160.0,78191.2,78150.0,78187.9,728.0
2026-05-02T12:45:00Z,78183.4,78183.4,78160.1,78170.1,1277.0
2026-05-02T12:50:00Z,78170.1,78181.0,78150.0,78150.4,651.0
2026-05-02T12:55:00Z,78150.4,78169.7,78150.4,78169.6,2138.0
2026-05-02T13:00:00Z,78170.5,78278.4,78170.5,78272.1,2495.0
2026-05-02T13:05:00Z,78271.6,78294.3,78245.2,78270.0,2179.0
2026-05-02T13:10:00Z,78272.3,78393.0,78272.2,78363.8,13814.0
2026-05-02T13:15:00Z,78350.0,78350.0,78284.5,78284.5,7015.0
2026-05-02T13:20:00Z,78284.4,78305.6,78263.2,78263.2,4270.0
2026-05-02T13:25:00Z,78267.6,78277.3,78262.4,78262.4,2517.0
2026-05-02T13:30:00Z,78262.4,78275.2,78262.3,78275.2,7630.0
2026-05-02T13:35:00Z,78275.2,78275.2,78266.3,78271.7,311.0
2026-05-02T13:40:00Z,78271.7,78326.7,78271.7,78326.7,847.0
2026-05-02T13:45:00Z,78326.9,78327.0,78304.8,78304.9,1537.0
2026-05-02T13:50:00Z,78303.9,78308.1,78280.0,78308.1,233.0
2026-05-02T13:55:00Z,78308.0,78358.1,78306.8,78331.0,6397.0
2026-05-02T14:00:00Z,78331.0,78352.1,78308.3,78352.0,4621.0
2026-05-02T14:05:00Z,78352.0,78359.0,78287.0,78294.4,5427.0
2026-05-02T14:10:00Z,78294.5,78294.5,78278.9,78279.0,325.0
2026-05-02T14:15:00Z,78279.0,78300.4,78276.0,78300.4,972.0
2026-05-02T14:20:00Z,78300.4,78314.8,78282.3,78284.8,1811.0
2026-05-02T14:25:00Z,78284.8,78458.2,78284.8,78386.3,8924.0
2026-05-02T14:30:00Z,78380.1,78410.6,78368.3,78410.1,1477.0
2026-05-02T14:35:00Z,78413.9,78430.8,78347.1,78347.1,3514.0
2026-05-02T14:40:00Z,78347.1,78366.0,78338.2,78364.7,658.0
2026-05-02T14:45:00Z,78364.7,78400.1,78364.7,78391.3,2300.0
2026-05-02T14:50:00Z,78395.9,78441.6,78388.6,78388.6,1338.0
2026-05-02T14:55:00Z,78388.6,78396.8,78380.0,78383.6,1007.0
2026-05-02T15:00:00Z,78394.1,78396.3,78382.3,78396.2,3923.0
2026-05-02T15:05:00Z,78396.2,78447.4,78396.2,78399.2,1286.0
2026-05-02T15:10:00Z,78399.1,78399.2,78392.6,78392.9,1221.0
2026-05-02T15:15:00Z,78392.9,78393.0,78331.0,78331.6,8384.0
2026-05-02T15:20:00Z,78331.6,78341.2,78328.9,78341.2,10211.0
2026-05-02T15:25:00Z,78341.3,78355.2,78330.1,78336.2,15986.0
2026-05-02T15:30:00Z,78336.2,78380.0,78331.6,78380.0,2652.0
2026-05-02T15:35:00Z,78379.9,78380.0,78351.4,78367.7,2090.0
2026-05-02T15:40:00Z,78367.7,78405.2,78362.7,78400.1,2155.0
2026-05-02T15:45:00Z,78400.1,78403.6,78372.1,78379.7,6510.0
2026-05-02T15:50:00Z,78379.7,78410.0,78377.6,78409.7,947.0
2026-05-02T15:55:00Z,78409.7,78449.9,78409.7,78449.7,6560.0
2026-05-02T16:00:00Z,78450.0,78456.3,78421.5,78436.0,6541.0
2026-05-02T16:05:00Z,78435.9,78533.1,78425.7,78477.7,36893.0
2026-05-02T16:10:00Z,78477.7,78505.0,78477.7,78498.6,3784.0
2026-05-02T16:15:00Z,78498.5,78566.9,78474.0,78501.6,11736.0
2026-05-02T16:20:00Z,78501.6,78553.0,78488.9,78499.3,13785.0
2026-05-02T16:25:00Z,78496.6,78496.6,78466.6,78470.2,21538.0
2026-05-02T16:30:00Z,78470.2,78470.2,78421.9,78421.9,2228.0
2026-05-02T16:35:00Z,78422.5,78455.4,78422.5,78445.9,3436.0
2026-05-02T16:40:00Z,78445.9,78453.6,78400.0,78400.0,9631.0
2026-05-02T16:45:00Z,78400.0,78421.6,78390.0,78421.6,3958.0
2026-05-02T16:50:00Z,78421.6,78464.5,78421.6,78449.9,1892.0
2026-05-02T16:55:00Z,78449.9,78456.8,78419.9,78419.9,7431.0
2026-05-02T17:00:00Z,78416.7,78419.7,78398.0,78407.4,2121.0
2026-05-02T17:05:00Z,78407.4,78407.4,78376.5,78395.8,2176.0
2026-05-02T17:10:00Z,78414.6,78420.0,78386.3,78400.0,1281.0
2026-05-02T17:15:00Z,78394.0,78418.1,78394.0,78399.9,3836.0
2026-05-02T17:20:00Z,78399.9,78399.9,78378.9,78387.9,1502.0
2026-05-02T17:25:00Z,78387.9,78410.2,78385.7,78385.7,2905.0
2026-05-02T17:30:00Z,78391.8,78431.5,78391.8,78426.2,656.0
2026-05-02T17:35:00Z,78426.2,78453.9,78426.2,78432.1,2762.0
2026-05-02T17:40:00Z,78432.1,78432.1,78387.0,78387.0,1617.0
2026-05-02T17:45:00Z,78387.0,78401.7,78363.4,78363.4,1523.0
2026-05-02T17:50:00Z,78363.3,78363.3,78333.7,78362.2,1593.0
2026-05-02T17:55:00Z,78362.2,78362.2,78362.1,78362.1,404.0
2026-05-02T18:00:00Z,78362.1,78362.1,78306.7,78306.7,3685.0
2026-05-02T18:05:00Z,78306.7,78314.2,78300.8,78301.6,3689.0
2026-05-02T18:10:00Z,78300.8,78306.7,78282.0,78286.1,4744.0
2026-05-02T18:15:00Z,78283.7,78348.4,78279.0,78332.1,3500.0
2026-05-02T18:20:00Z,78334.6,78362.2,78329.1,78329.1,527.0
2026-05-02T18:25:00Z,78329.1,78360.4,78329.1,78360.4,2211.0
2026-05-02T18:30:00Z,78360.4,78417.0,78360.3,78405.9,5634.0
2026-05-02T18:35:00Z,78406.0,78415.0,78386.8,78386.8,2464.0
2026-05-02T18:40:00Z,78381.5,78385.5,78378.3,78379.1,1975.0
2026-05-02T18:45:00Z,78379.1,78413.9,78379.0,78407.9,2119.0
2026-05-02T18:50:00Z,78408.0,78450.6,78407.2,78450.5,4315.0
2026-05-02T18:55:00Z,78450.5,78450.5,78432.0,78432.0,1266.0
2026-05-02T19:00:00Z,78432.0,78432.2,78407.8,78422.4,10686.0
2026-05-02T19:05:00Z,78422.4,78422.4,78414.9,78419.9,2316.0
2026-05-02T19:10:00Z,78419.9,78470.5,78419.8,78437.4,1364.0
2026-05-02T19:15:00Z,78439.1,78447.2,78414.5,78414.7,1631.0
2026-05-02T19:20:00Z,78414.7,78418.8,78412.0,78412.1,867.0
2026-05-02T19:25:00Z,78412.1,78431.4,78412.1,78420.9,5274.0
2026-05-02T19:30:00Z,78414.0,78429.4,78412.0,78429.4,809.0
2026-05-02T19:35:00Z,78429.4,78429.4,78421.1,78425.5,1999.0
2026-05-02T19:40:00Z,78425.5,78486.5,78425.5,78460.0,3558.0
2026-05-02T19:45:00Z,78460.0,78460.1,78450.1,78451.4,897.0
2026-05-02T19:50:00Z,78451.4,78451.4,78429.2,78429.2,188.0
2026-05-02T19:55:00Z,78429.2,78432.1,78417.3,78429.2,10419.0
2026-05-02T20:00:00Z,78447.7,78447.7,78408.3,78414.4,1194.0
2026-05-02T20:05:00Z,78414.4,78418.3,78408.3,78416.6,1778.0
2026-05-02T20:10:00Z,78416.6,78416.6,78362.7,78396.2,4847.0
2026-05-02T20:15:00Z,78394.5,78396.1,78385.3,78392.7,2612.0
2026-05-02T20:20:00Z,78392.7,78400.0,78392.7,78399.8,617.0
2026-05-02T20:25:00Z,78399.9,78399.9,78383.4,78395.0,3407.0
2026-05-02T20:30:00Z,78395.0,78413.7,78394.9,78408.5,302.0
2026-05-02T20:35:00Z,78408.5,78440.0,78408.4,78440.0,652.0
2026-05-02T20:40:00Z,78440.0,78440.0,78388.6,78388.6,1310.0
2026-05-02T20:45:00Z,78388.6,78406.4,78379.0,78379.0,1415.0
2026-05-02T20:50:00Z,78376.0,78421.6,78376.0,78417.7,1721.0
2026-05-02T20:55:00Z,78417.7,78417.7,78407.9,78415.3,1387.0
2026-05-02T21:00:00Z,78416.7,78451.7,78416.7,78448.1,871.0
2026-05-02T21:05:00Z,78448.1,78481.8,78448.1,78474.7,4062.0
2026-05-02T21:10:00Z,78474.6,78474.7,78408.9,78408.9,5783.0
2026-05-02T21:15:00Z,78408.9,78445.0,78402.6,78445.0,2169.0
2026-05-02T21:20:00Z,78445.0,78447.4,78429.9,78436.7,1644.0
2026-05-02T21:25:00Z,78436.7,78455.5,78436.7,78455.5,274.0
2026-05-02T21:30:00Z,78455.5,78506.9,78455.5,78505.6,9982.0
2026-05-02T21:35:00Z,78507.0,79139.5,78506.9,78865.1,116870.0
2026-05-02T21:40:00Z,78865.1,78865.1,78725.5,78766.0,16338.0
2026-05-02T21:45:00Z,78767.0,78872.7,78734.9,78739.7,37635.0
2026-05-02T21:50:00Z,78748.5,78800.0,78676.7,78682.1,18817.0
2026-05-02T21:55:00Z,78678.6,78736.0,78678.6,78689.7,4773.0
2026-05-02T22:00:00Z,78694.3,78772.9,78624.0,78683.6,8994.0
2026-05-02T22:05:00Z,78680.6,78738.4,78672.2,78711.2,2206.0
2026-05-02T22:10:00Z,78709.8,78744.0,78700.0,78743.9,4151.0
2026-05-02T22:15:00Z,78744.0,78744.0,78637.4,78640.2,2353.0
2026-05-02T22:20:00Z,78642.7,78701.0,78580.6,78595.9,11409.0
2026-05-02T22:25:00Z,78604.1,78605.0,78569.2,78589.9,9363.0
2026-05-02T22:30:00Z,78589.9,78680.0,78588.4,78668.9,4647.0
2026-05-02T22:35:00Z,78680.0,78709.4,78623.1,78623.1,3667.0
2026-05-02T22:40:00Z,78624.8,78668.9,78614.0,78620.0,2732.0
2026-05-02T22:45:00Z,78619.8,78680.7,78619.6,78680.7,4318.0
2026-05-02T22:50:00Z,78663.3,78799.9,78663.3,78767.6,11086.0
2026-05-02T22:55:00Z,78767.5,78838.0,78767.5,78793.1,30886.0
2026-05-02T23:00:00Z,78786.4,78789.6,78704.1,78714.4,5885.0
2026-05-02T23:05:00Z,78709.9,78709.9,78650.0,78680.9,2189.0
2026-05-02T23:10:00Z,78680.9,78735.6,78666.3,78697.8,1694.0
2026-05-02T23:15:00Z,78697.8,78727.4,78690.2,78695.1,15865.0
2026-05-02T23:20:00Z,78687.5,78720.0,78685.7,78719.0,762.0
2026-05-02T23:25:00Z,78719.3,78764.3,78719.3,78764.2,1884.0
2026-05-02T23:30:00Z,78769.4,78784.7,78743.1,78743.1,4099.0
2026-05-02T23:35:00Z,78743.1,78754.8,78680.0,78682.2,1322.0
2026-05-02T23:40:00Z,78677.8,78680.0,78658.4,78658.4,3486.0
2026-05-02T23:45:00Z,78658.5,78676.1,78622.0,78639.1,2672.0
2026-05-02T23:50:00Z,78639.1,78651.6,78600.0,78651.6,1969.0
2026-05-02T23:55:00Z,78645.0,78653.6,78620.9,78652.8,7094.0
2026-05-03T00:00:00Z,78658.3,78705.9,78658.1,78682.8,2678.0
2026-05-03T00:05:00Z,78668.2,78670.0,78561.7,78575.6,3586.0
2026-05-03T00:10:00Z,78565.6,78565.6,78513.0,78536.9,7535.0
2026-05-03T00:15:00Z,78532.3,78575.4,78446.9,78559.9,6847.0
2026-05-03T00:20:00Z,78545.4,78565.2,78540.0,78557.0,4867.0
2026-05-03T00:25:00Z,78556.9,78598.1,78556.9,78595.4,3092.0
2026-05-03T00:30:00Z,78595.4,78619.9,78584.7,78619.8,2285.0
2026-05-03T00:35:00Z,78619.8,78637.0,78619.8,78637.0,5610.0
2026-05-03T00:40:00Z,78627.0,78627.0,78577.4,78599.9,1628.0
2026-05-03T00:45:00Z,78599.9,78610.0,78462.9,78500.0,6505.0
2026-05-03T00:50:00Z,78500.0,78500.0,78450.4,78455.2,21809.0
2026-05-03T00:55:00Z,78455.1,78500.0,78445.7,78499.9,8111.0
2026-05-03T01:00:00Z,78499.9,78499.9,78221.4,78341.3,28281.0
2026-05-03T01:05:00Z,78328.8,78361.2,78306.5,78317.6,7714.0
2026-05-03T01:10:00Z,78312.0,78326.8,78283.8,78322.2,2560.0
2026-05-03T01:15:00Z,78322.0,78348.6,78214.7,78214.7,7668.0
2026-05-03T01:20:00Z,78214.6,78260.6,78181.3,78215.4,12758.0
2026-05-03T01:25:00Z,78215.4,78253.6,78207.0,78234.3,3100.0
2026-05-03T01:30:00Z,78234.3,78234.3,78190.0,78190.0,1667.0
2026-05-03T01:35:00Z,78190.0,78196.2,78107.8,78157.2,5640.0
2026-05-03T01:40:00Z,78157.1,78202.6,78157.1,78190.4,6632.0
2026-05-03T01:45:00Z,78190.4,78248.5,78182.7,78248.1,12241.0
2026-05-03T01:50:00Z,78243.3,78243.3,78209.7,78209.7,830.0
2026-05-03T01:55:00Z,78209.7,78220.2,78200.0,78217.2,594.0
2026-05-03T02:00:00Z,78200.0,78220.8,78147.0,78220.8,13387.0
2026-05-03T02:05:00Z,78220.8,78258.7,78216.8,78220.1,3049.0
2026-05-03T02:10:00Z,78220.0,78220.0,78075.7,78151.6,7189.0
2026-05-03T02:15:00Z,78151.6,78158.6,78077.9,78077.9,1785.0
2026-05-03T02:20:00Z,78080.0,78106.3,78077.9,78089.4,15378.0
2026-05-03T02:25:00Z,78089.2,78089.3,78077.9,78078.0,1354.0
2026-05-03T02:30:00Z,78077.9,78136.4,78077.9,78129.4,3731.0
2026-05-03T02:35:00Z,78129.4,78129.4,78090.0,78090.3,3521.0
2026-05-03T02:40:00Z,78090.2,78115.7,78090.0,78090.1,3569.0
2026-05-03T02:45:00Z,78090.1,78131.0,78090.0,78131.0,3178.0
2026-05-03T02:50:00Z,78129.4,78167.8,78116.1,78150.1,4370.0
2026-05-03T02:55:00Z,78150.1,78150.2,78119.9,78131.3,1021.0
2026-05-03T03:00:00Z,78129.6,78150.3,78086.2,78086.2,3191.0
2026-05-03T03:05:00Z,78086.2,78132.6,78086.2,78131.7,2839.0
2026-05-03T03:10:00Z,78131.7,78131.7,78089.0,78089.3,4796.0
2026-05-03T03:15:00Z,78089.3,78098.7,78088.6,78091.9,2084.0
2026-05-03T03:20:00Z,78091.9,78104.9,78078.1,78078.2,742.0
2026-05-03T03:25:00Z,78078.2,78104.8,78075.1,78075.2,1904.0
2026-05-03T03:30:00Z,78075.2,78149.0,78075.2,78142.9,1161.0
2026-05-03T03:35:00Z,78142.9,78178.3,78140.1,78153.2,5053.0
2026-05-03T03:40:00Z,78153.2,78153.2,78094.1,78097.3,3670.0
2026-05-03T03:45:00Z,78097.3,78160.4,78097.3,78160.4,3036.0
2026-05-03T03:50:00Z,78160.4,78180.6,78151.2,78172.0,2359.0
2026-05-03T03:55:00Z,78172.0,78172.0,78156.7,78162.4,669.0
2026-05-03T04:00:00Z,78160.5,78168.6,78132.3,78132.9,2655.0
2026-05-03T04:05:00Z,78132.9,78136.6,78079.4,78079.4,806.0
2026-05-03T04:10:00Z,78075.8,78112.3,78075.8,78102.9,880.0
2026-05-03T04:15:00Z,78102.9,78154.4,78102.9,78130.0,1003.0
2026-05-03T04:20:00Z,78134.2,78183.2,78130.1,78183.2,559.0
2026-05-03T04:25:00Z,78183.2,78200.9,78162.4,78183.3,2772.0
2026-05-03T04:30:00Z,78183.3,78200.8,78174.3,78174.4,2104.0
2026-05-03T04:35:00Z,78174.4,78188.1,78161.0,78177.4,534.0
2026-05-03T04:40:00Z,78177.4,78177.4,78148.3,78148.3,1037.0
2026-05-03T04:45:00Z,78148.3,78153.4,78105.4,78105.4,1541.0
2026-05-03T04:50:00Z,78101.0,78138.2,78101.0,78136.1,534.0
2026-05-03T04:55:00Z,78134.8,78134.8,78108.9,78132.3,625.0
2026-05-03T05:00:00Z,78132.3,78190.0,78121.2,78190.0,1704.0
2026-05-03T05:05:00Z,78190.0,78223.4,78188.5,78200.8,1697.0
2026-05-03T05:10:00Z,78200.8,78209.9,78190.1,78204.0,587.0
2026-05-03T05:15:00Z,78204.0,78216.8,78181.1,78181.1,485.0
2026-05-03T05:20:00Z,78187.7,78197.4,78182.5,78182.5,905.0
2026-05-03T05:25:00Z,78182.5,78191.1,78180.0,78180.7,2447.0
2026-05-03T05:30:00Z,78180.7,78190.0,78170.4,78189.9,601.0
2026-05-03T05:35:00Z,78190.0,78190.0,78175.3,78179.6,592.0
2026-05-03T05:40:00Z,78179.6,78185.0,78166.3,78166.3,696.0
2026-05-03T05:45:00Z,78166.3,78187.6,78162.6,78187.6,785.0
2026-05-03T05:50:00Z,78187.6,78204.9,78187.6,78204.9,338.0
2026-05-03T05:55:00Z,78203.3,78218.7,78202.6,78208.5,1594.0
2026-05-03T06:00:00Z,78205.4,78205.4,78150.4,78150.4,1225.0
2026-05-03T06:05:00Z,78150.4,78150.4,78118.3,78118.3,1298.0
2026-05-03T06:10:00Z,78118.3,78129.7,78108.7,78108.7,466.0
2026-05-03T06:15:00Z,78102.3,78113.2,78101.0,78107.1,684.0
2026-05-03T06:20:00Z,78104.2,78104.2,78079.7,78079.7,2804.0
2026-05-03T06:25:00Z,78077.0,78077.0,78029.1,78070.1,14584.0
2026-05-03T06:30:00Z,78070.0,78132.1,78068.8,78120.1,1286.0
2026-05-03T06:35:00Z,78120.1,78123.4,78108.0,78108.0,209.0
2026-05-03T06:40:00Z,78108.0,78108.1,78082.1,78103.8,790.0
2026-05-03T06:45:00Z,78103.8,78128.0,78103.8,78128.0,857.0
2026-05-03T06:50:00Z,78128.0,78303.9,78128.0,78291.3,6460.0
2026-05-03T06:55:00Z,78280.0,78282.7,78232.2,78248.9,2910.0
2026-05-03T07:00:00Z,78249.0,78335.5,78249.0,78313.2,5867.0
2026-05-03T07:05:00Z,78313.2,78409.8,78313.2,78346.3,12652.0
2026-05-03T07:10:00Z,78346.3,78376.0,78302.8,78304.1,4955.0
2026-05-03T07:15:00Z,78304.1,78323.2,78294.0,78300.1,4846.0
2026-05-03T07:20:00Z,78300.0,78363.4,78300.0,78363.4,2875.0
2026-05-03T07:25:00Z,78366.4,78411.8,78338.5,78366.3,9005.0
2026-05-03T07:30:00Z,78366.3,78398.1,78336.4,78345.3,1552.0
2026-05-03T07:35:00Z,78345.3,78377.3,78345.3,78377.3,1244.0
2026-05-03T07:40:00Z,78377.7,78397.7,78328.0,78331.8,2627.0
2026-05-03T07:45:00Z,78338.3,78356.6,78310.7,78332.4,838.0
2026-05-03T07:50:00Z,78332.4,78344.1,78331.0,78331.0,447.0
2026-05-03T07:55:00Z,78331.0,78331.0,78316.6,78316.6,246.0
2026-05-03T08:00:00Z,78316.6,78388.2,78316.5,78388.2,3666.0
2026-05-03T08:05:00Z,78384.0,78460.0,78384.0,78420.6,3421.0
2026-05-03T08:10:00Z,78420.6,78420.6,78392.8,78406.2,2229.0
2026-05-03T08:15:00Z,78406.2,78439.0,78406.2,78409.3,1172.0
2026-05-03T08:20:00Z,78409.3,78425.6,78395.9,78402.8,1532.0
2026-05-03T08:25:00Z,78402.8,78402.8,78370.1,78375.5,2012.0
2026-05-03T08:30:00Z,78375.5,78381.5,78350.0,78350.2,5910.0
2026-05-03T08:35:00Z,78350.2,78384.9,78350.0,78384.9,613.0
2026-05-03T08:40:00Z,78384.9,78406.7,78376.7,78397.9,1873.0
2026-05-03T08:45:00Z,78397.9,78417.6,78389.3,78389.3,1665.0
2026-05-03T08:50:00Z,78389.3,78402.9,78369.4,78375.5,1287.0
2026-05-03T08:55:00Z,78375.5,78375.5,78343.4,78343.4,1126.0
2026-05-03T09:00:00Z,78343.4,78350.7,78320.0,78346.4,3081.0
2026-05-03T09:05:00Z,78351.0,78405.6,78350.3,78405.6,1595.0
2026-05-03T09:10:00Z,78405.6,78405.6,78364.0,78364.0,258.0
2026-05-03T09:15:00Z,78364.0,78369.6,78358.4,78369.6,1262.0
2026-05-03T09:20:00Z,78369.6,78448.1,78369.6,78448.1,4896.0
2026-05-03T09:25:00Z,78449.9,78490.5,78443.2,78460.0,6335.0
2026-05-03T09:30:00Z,78460.0,78463.9,78412.4,78463.5,515.0
2026-05-03T09:35:00Z,78463.5,78577.4,78463.5,78564.4,19223.0
2026-05-03T09:40:00Z,78560.9,78560.9,78481.6,78481.6,5189.0
2026-05-03T09:45:00Z,78481.6,78481.9,78450.0,78481.9,5134.0
2026-05-03T09:50:00Z,78481.9,78514.3,78472.0,78492.7,1650.0
2026-05-03T09:55:00Z,78492.7,78500.0,78488.8,78496.5,1039.0
2026-05-03T10:00:00Z,78496.5,78496.5,78442.7,78442.7,2189.0
2026-05-03T10:05:00Z,78442.6,78442.6,78390.1,78439.7,2123.0
2026-05-03T10:10:00Z,78439.6,78454.4,78428.2,78454.4,814.0
2026-05-03T10:15:00Z,78454.4,78454.4,78428.3,78433.9,1006.0
2026-05-03T10:20:00Z,78432.6,78436.8,78406.1,78406.1,922.0
2026-05-03T10:25:00Z,78406.1,78409.9,78385.2,78386.7,223.0
2026-05-03T10:30:00Z,78386.7,78429.6,78386.7,78429.6,1096.0
2026-05-03T10:35:00Z,78429.6,78429.6,78407.8,78412.6,318.0
2026-05-03T10:40:00Z,78412.6,78436.1,78412.6,78412.6,1429.0
2026-05-03T10:45:00Z,78412.6,78412.6,78366.6,78370.8,1212.0
2026-05-03T10:50:00Z,78370.8,78386.0,78370.8,78386.0,580.0
2026-05-03T10:55:00Z,78386.0,78386.0,78365.3,78369.3,2100.0
2026-05-03T11:00:00Z,78365.0,78382.6,78344.9,78382.6,1525.0
2026-05-03T11:05:00Z,78382.6,78405.1,78366.7,78405.1,1164.0
2026-05-03T11:10:00Z,78405.1,78524.2,78405.1,78487.5,4942.0
2026-05-03T11:15:00Z,78487.5,78499.9,78474.4,78474.4,876.0
2026-05-03T11:20:00Z,78474.4,78474.4,78456.2,78465.1,1423.0
2026-05-03T11:25:00Z,78465.1,78479.5,78465.1,78471.6,617.0
2026-05-03T11:30:00Z,78471.6,78524.6,78471.6,78524.6,3565.0
2026-05-03T11:35:00Z,78526.2,78579.5,78512.2,78512.2,12504.0
2026-05-03T11:40:00Z,78512.2,78731.8,78512.2,78679.2,15537.0
2026-05-03T11:45:00Z,78698.9,78814.7,78634.8,78764.8,237712.0
2026-05-03T11:50:00Z,78764.9,78771.0,78683.2,78690.8,3745.0
2026-05-03T11:55:00Z,78690.0,78690.1,78614.2,78620.0,10227.0
2026-05-03T12:00:00Z,78627.8,78730.8,78627.8,78703.0,5548.0
2026-05-03T12:05:00Z,78702.5,78770.0,78691.0,78720.3,3155.0
2026-05-03T12:10:00Z,78720.3,78845.0,78720.0,78822.5,131603.0
2026-05-03T12:15:00Z,78820.2,78827.7,78730.8,78738.4,5843.0
2026-05-03T12:20:00Z,78738.4,78767.3,78731.3,78742.3,763.0
2026-05-03T12:25:00Z,78742.3,78742.3,78720.7,78739.1,1683.0
2026-05-03T12:30:00Z,78748.0,78748.0,78658.1,78680.1,1400.0
2026-05-03T12:35:00Z,78680.1,78693.6,78668.7,78681.7,30060.0
2026-05-03T12:40:00Z,78681.7,78759.2,78681.7,78750.0,823.0
2026-05-03T12:45:00Z,78750.0,78799.2,78734.1,78752.9,2263.0
2026-05-03T12:50:00Z,78752.8,78754.1,78720.1,78720.1,1734.0
2026-05-03T12:55:00Z,78720.1,78720.2,78685.3,78715.3,993.0
2026-05-03T13:00:00Z,78715.3,78744.9,78679.8,78679.9,4118.0
2026-05-03T13:05:00Z,78700.0,78703.7,78682.5,78700.0,3892.0
2026-05-03T13:10:00Z,78709.0,78739.8,78709.0,78713.6,1630.0
2026-05-03T13:15:00Z,78713.3,78713.3,78639.0,78639.0,2889.0
2026-05-03T13:20:00Z,78639.0,78655.5,78626.9,78642.9,5246.0
2026-05-03T13:25:00Z,78642.8,78642.9,78556.9,78606.6,15930.0
2026-05-03T13:30:00Z,78606.6,78648.8,78606.5,78631.5,2109.0
2026-05-03T13:35:00Z,78631.5,78668.6,78631.5,78668.5,3967.0
2026-05-03T13:40:00Z,78668.6,78668.6,78555.5,78582.1,12272.0
2026-05-03T13:45:00Z,78582.1,78650.8,78569.4,78569.5,2499.0
2026-05-03T13:50:00Z,78573.9,78633.7,78573.9,78618.2,1583.0
2026-05-03T13:55:00Z,78620.7,78663.2,78620.7,78634.4,238.0
2026-05-03T14:00:00Z,78634.4,78741.0,78625.6,78695.4,4950.0
2026-05-03T14:05:00Z,78695.6,78738.0,78677.3,78703.6,2511.0
2026-05-03T14:10:00Z,78701.5,78717.0,78688.4,78695.2,1711.0
2026-05-03T14:15:00Z,78695.1,78726.4,78627.6,78647.3,5303.0
2026-05-03T14:20:00Z,78649.0,78653.1,78576.7,78608.0,3560.0
2026-05-03T14:25:00Z,78608.0,78644.8,78608.0,78644.8,1498.0
2026-05-03T14:30:00Z,78644.8,78669.9,78627.4,78669.9,1786.0
2026-05-03T14:35:00Z,78669.9,78681.5,78660.2,78660.7,3427.0
2026-05-03T14:40:00Z,78660.7,78672.3,78660.7,78672.3,891.0
2026-05-03T14:45:00Z,78672.3,78672.3,78614.6,78635.7,1547.0
2026-05-03T14:50:00Z,78635.7,78738.5,78635.7,78709.5,871.0
2026-05-03T14:55:00Z,78709.5,78744.9,78700.6,78710.0,3184.0
2026-05-03T15:00:00Z,78700.0,78758.4,78700.0,78757.4,1883.0
2026-05-03T15:05:00Z,78757.4,78783.6,78720.0,78720.1,1824.0
2026-05-03T15:10:00Z,78720.1,78725.8,78700.0,78706.3,4467.0
2026-05-03T15:15:00Z,78706.3,78738.0,78706.3,78723.3,1767.0
2026-05-03T15:20:00Z,78723.3,78723.3,78682.5,78703.2,636.0
2026-05-03T15:25:00Z,78708.1,78737.1,78708.1,78730.4,2321.0
2026-05-03T15:30:00Z,78738.4,78752.9,78684.9,78690.9,1760.0
2026-05-03T15:35:00Z,78690.9,78690.9,78633.4,78657.4,1586.0
2026-05-03T15:40:00Z,78650.6,78675.0,78650.0,78655.0,1419.0
2026-05-03T15:45:00Z,78655.1,78670.8,78627.8,78628.8,3232.0
2026-05-03T15:50:00Z,78628.7,78638.9,78587.9,78621.8,2490.0
2026-05-03T15:55:00Z,78621.8,78632.0,78621.0,78625.2,808.0
2026-05-03T16:00:00Z,78625.2,78654.3,78624.6,78650.3,1345.0
2026-05-03T16:05:00Z,78650.3,78650.4,78575.0,78592.5,3782.0
2026-05-03T16:10:00Z,78592.5,78592.5,78575.0,78584.7,2016.0
2026-05-03T16:15:00Z,78583.9,78613.1,78571.3,78575.8,4510.0
2026-05-03T16:20:00Z,78571.8,78619.3,78549.0,78619.3,7212.0
2026-05-03T16:25:00Z,78619.3,78628.3,78619.3,78619.3,1040.0
2026-05-03T16:30:00Z,78619.4,78684.0,78619.3,78683.8,2285.0
2026-05-03T16:35:00Z,78684.0,78749.6,78663.3,78694.4,6774.0
2026-05-03T16:40:00Z,78690.4,78690.7,78678.6,78690.7,2235.0
2026-05-03T16:45:00Z,78690.7,78697.6,78663.4,78663.4,1880.0
2026-05-03T16:50:00Z,78663.4,78692.3,78655.9,78655.9,825.0
2026-05-03T16:55:00Z,78655.9,78657.6,78614.0,78623.1,3985.0
2026-05-03T17:00:00Z,78611.4,78611.4,78514.2,78553.7,9300.0
2026-05-03T17:05:00Z,78550.0,78612.2,78542.4,78601.7,5877.0
2026-05-03T17:10:00Z,78601.7,78686.5,78601.7,78648.9,1779.0
2026-05-03T17:15:00Z,78655.8,78692.4,78655.8,78692.4,708.0
2026-05-03T17:20:00Z,78700.0,78740.0,78674.2,78731.0,3526.0
2026-05-03T17:25:00Z,78731.1,78762.9,78697.5,78697.5,5474.0
2026-05-03T17:30:00Z,78694.5,78732.0,78693.4,78728.1,439.0
2026-05-03T17:35:00Z,78728.1,78785.9,78728.1,78741.7,5032.0
2026-05-03T17:40:00Z,78741.6,78777.2,78741.6,78777.2,12089.0
2026-05-03T17:45:00Z,78777.0,78777.9,78718.8,78740.7,3332.0
2026-05-03T17:50:00Z,78740.6,78740.6,78690.0,78705.0,2162.0
2026-05-03T17:55:00Z,78707.7,78707.7,78690.0,78693.7,6578.0
2026-05-03T18:00:00Z,78702.1,78713.2,78650.0,78650.0,4375.0
2026-05-03T18:05:00Z,78650.0,78670.1,78640.0,78651.8,829.0
2026-05-03T18:10:00Z,78651.8,78651.8,78632.2,78635.1,2992.0
2026-05-03T18:15:00Z,78635.1,78669.7,78592.8,78666.2,5711.0
2026-05-03T18:20:00Z,78666.2,78670.0,78648.7,78670.0,23437.0
2026-05-03T18:25:00Z,78670.0,78725.0,78669.9,78697.0,767.0
2026-05-03T18:30:00Z,78697.4,78703.1,78657.1,78657.1,1324.0
2026-05-03T18:35:00Z,78657.2,78665.8,78650.1,78650.1,406.0
2026-05-03T18:40:00Z,78650.2,78674.8,78650.1,78652.4,536.0
2026-05-03T18:45:00Z,78652.4,78688.1,78650.2,78688.1,2239.0
2026-05-03T18:50:00Z,78688.0,78730.0,78688.0,78712.1,2618.0
2026-05-03T18:55:00Z,78712.1,78712.2,78700.0,78706.6,592.0
2026-05-03T19:00:00Z,78706.6,78706.6,78687.9,78687.9,248.0
2026-05-03T19:05:00Z,78687.9,78731.0,78687.8,78703.1,562.0
2026-05-03T19:10:00Z,78698.2,78698.2,78650.2,78675.2,3813.0
2026-05-03T19:15:00Z,78687.6,78687.6,78656.5,78663.1,1709.0
2026-05-03T19:20:00Z,78667.3,78676.3,78640.1,78662.1,1840.0
2026-05-03T19:25:00Z,78662.1,78668.1,78647.3,78647.3,1208.0
2026-05-03T19:30:00Z,78647.3,78824.1,78646.7,78791.8,5263.0
2026-05-03T19:35:00Z,78791.8,78800.7,78749.0,78750.0,13163.0
2026-05-03T19:40:00Z,78757.8,78770.5,78754.1,78770.1,1681.0
2026-05-03T19:45:00Z,78770.0,78783.5,78727.8,78755.8,7765.0
2026-05-03T19:50:00Z,78755.9,78773.9,78741.9,78741.9,1783.0
2026-05-03T19:55:00Z,78741.9,78767.2,78729.2,78729.2,836.0
2026-05-03T20:00:00Z,78727.8,78759.7,78705.9,78706.0,1682.0
2026-05-03T20:05:00Z,78706.0,78724.6,78700.0,78705.2,1300.0
2026-05-03T20:10:00Z,78705.2,78745.3,78700.9,78700.9,513.0
2026-05-03T20:15:00Z,78700.9,78760.0,78691.8,78748.7,5319.0
2026-05-03T20:20:00Z,78748.7,78980.1,78748.7,78891.3,29544.0
2026-05-03T20:25:00Z,78891.3,78924.1,78850.0,78884.1,7279.0
2026-05-03T20:30:00Z,78887.9,78938.1,78862.4,78899.9,10082.0
2026-05-03T20:35:00Z,78921.2,79260.0,78921.2,78992.4,105292.0
2026-05-03T20:40:00Z,78992.4,79001.0,78934.9,78978.2,22930.0
2026-05-03T20:45:00Z,78978.1,78980.1,78810.2,78815.6,29045.0
2026-05-03T20:50:00Z,78816.8,78875.1,78816.8,78844.8,5717.0
2026-05-03T20:55:00Z,78849.3,78889.2,78849.2,78889.0,4345.0
2026-05-03T21:00:00Z,78895.0,78895.0,78820.0,78849.8,4923.0
2026-05-03T21:05:00Z,78849.8,78958.4,78849.8,78949.9,14846.0
2026-05-03T21:10:00Z,78958.8,79026.0,78958.8,78974.3,17666.0
2026-05-03T21:15:00Z,78974.3,78976.9,78930.0,78941.7,13761.0
2026-05-03T21:20:00Z,78939.9,78945.6,78919.3,78919.3,3270.0
2026-05-03T21:25:00Z,78920.8,78920.8,78878.5,78881.0,6343.0
2026-05-03T21:30:00Z,78881.0,78901.1,78872.2,78885.1,2138.0
2026-05-03T21:35:00Z,78876.2,78876.2,78773.7,78826.7,8452.0
2026-05-03T21:40:00Z,78831.3,78836.0,78622.6,78650.9,54261.0
2026-05-03T21:45:00Z,78656.2,78713.6,78619.0,78619.0,15462.0
2026-05-03T21:50:00Z,78619.0,78739.4,78616.2,78728.6,15299.0
2026-05-03T21:55:00Z,78741.7,78806.7,78726.8,78794.6,6817.0
2026-05-03T22:00:00Z,78799.0,79135.4,78799.0,79079.9,46217.0
2026-05-03T22:05:00Z,79079.9,79079.9,78894.7,78916.2,17163.0
2026-05-03T22:10:00Z,78916.9,79343.2,78916.9,79230.8,47128.0
2026-05-03T22:15:00Z,79230.9,79418.0,79064.6,79193.5,76399.0
2026-05-03T22:20:00Z,79196.3,79196.3,78929.7,78984.8,20076.0
2026-05-03T22:25:00Z,78984.8,79050.0,78944.3,79039.9,57436.0
2026-05-03T22:30:00Z,79039.7,79154.5,78953.5,79150.1,22235.0
2026-05-03T22:35:00Z,79150.1,79150.1,79052.3,79119.5,9681.0
2026-05-03T22:40:00Z,79119.5,79282.9,79119.5,79236.2,7984.0
2026-05-03T22:45:00Z,79240.0,79343.7,79238.4,79310.0,33095.0
2026-05-03T22:50:00Z,79310.0,79310.0,79137.9,79147.4,8108.0
2026-05-03T22:55:00Z,79147.4,79166.5,79127.6,79147.5,15682.0
2026-05-03T23:00:00Z,79147.5,79259.5,79090.8,79231.9,12280.0
2026-05-03T23:05:00Z,79214.0,79225.5,79080.9,79092.8,3158.0
2026-05-03T23:10:00Z,79083.4,79099.9,79008.3,79032.0,11735.0
2026-05-03T23:15:00Z,79031.9,79035.7,78940.4,78951.3,24290.0
2026-05-03T23:20:00Z,78951.3,78953.3,78575.5,78717.1,49239.0
2026-05-03T23:25:00Z,78716.7,78716.7,78592.7,78606.2,27046.0
2026-05-03T23:30:00Z,78611.0,78698.4,78545.7,78585.8,15330.0
2026-05-03T23:35:00Z,78574.8,78665.7,78548.4,78660.1,9924.0
2026-05-03T23:40:00Z,78647.4,78647.4,78545.6,78549.4,10843.0
2026-05-03T23:45:00Z,78550.4,78556.4,78440.8,78534.6,20144.0
2026-05-03T23:50:00Z,78540.0,78551.2,78484.1,78551.2,3309.0
2026-05-03T23:55:00Z,78541.0,78555.1,78463.2,78529.0,6722.0
2026-05-04T00:00:00Z,78523.0,78523.0,78378.2,78452.2,17885.0
2026-05-04T00:05:00Z,78452.2,78533.0,78419.0,78424.6,12482.0
2026-05-04T00:10:00Z,78424.7,78473.6,78400.1,78473.6,15326.0
2026-05-04T00:15:00Z,78484.4,78484.4,78350.6,78403.1,10188.0
2026-05-04T00:20:00Z,78414.3,78424.8,78228.0,78304.9,44248.0
2026-05-04T00:25:00Z,78304.2,78407.2,78255.3,78333.8,33149.0
2026-05-04T00:30:00Z,78333.0,78408.1,78291.7,78390.0,9177.0
2026-05-04T00:35:00Z,78369.7,78391.9,78289.1,78289.3,23107.0
2026-05-04T00:40:00Z,78297.2,78364.4,78292.2,78355.3,1096.0
2026-05-04T00:45:00Z,78376.7,78450.0,78371.1,78422.0,6742.0
2026-05-04T00:50:00Z,78427.1,78427.1,78360.0,78399.9,2766.0
2026-05-04T00:55:00Z,78399.4,78523.2,78391.0,78505.0,6552.0
2026-05-04T01:00:00Z,78505.0,78547.2,78374.9,78391.8,8858.0
2026-05-04T01:05:00Z,78391.8,78449.9,78381.4,78437.7,5999.0
2026-05-04T01:10:00Z,78437.8,78437.8,78375.5,78418.4,1179.0
2026-05-04T01:15:00Z,78421.9,78482.1,78407.5,78407.5,2607.0
2026-05-04T01:20:00Z,78407.5,78429.4,78374.4,78387.2,8813.0
2026-05-04T01:25:00Z,78387.2,78571.1,78380.0,78564.7,5256.0
2026-05-04T01:30:00Z,78569.4,79116.0,78564.0,78920.2,67914.0
2026-05-04T01:35:00Z,78919.8,78928.9,78737.2,78830.5,68751.0
2026-05-04T01:40:00Z,78845.0,78876.1,78745.0,78765.3,5385.0
2026-05-04T01:45:00Z,78763.1,78950.0,78753.8,78946.6,4073.0
2026-05-04T01:50:00Z,78935.1,79222.1,78911.8,79199.9,84701.0
2026-05-04T01:55:00Z,79208.6,79846.8,79205.8,79744.3,339405.0
2026-05-04T02:00:00Z,79759.9,80134.3,79513.2,79700.1,429477.0
2026-05-04T02:05:00Z,79697.7,79925.7,79692.5,79908.5,36833.0
2026-05-04T02:10:00Z,79913.4,79937.1,79778.6,79899.1,39293.0
2026-05-04T02:15:00Z,79899.1,79902.7,79754.9,79839.8,36049.0
2026-05-04T02:20:00Z,79839.8,79891.5,79676.5,79676.5,21671.0
2026-05-04T02:25:00Z,79672.9,79736.0,79583.1,79671.5,18438.0
2026-05-04T02:30:00Z,79684.9,79775.4,79673.8,79710.1,15345.0
2026-05-04T02:35:00Z,79712.5,79900.0,79701.8,79899.9,13515.0
2026-05-04T02:40:00Z,79900.0,80285.9,79899.9,80120.8,109700.0
2026-05-04T02:45:00Z,80123.6,80165.6,79979.8,80094.8,17982.0
2026-05-04T02:50:00Z,80099.8,80277.7,80072.8,80212.9,71107.0
2026-05-04T02:55:00Z,80212.8,80398.0,80131.0,80131.1,43674.0
2026-05-04T03:00:00Z,80131.2,80192.3,79922.4,80059.9,49785.0
2026-05-04T03:05:00Z,80076.2,80274.1,80076.2,80181.1,33386.0
2026-05-04T03:10:00Z,80177.3,80423.1,80177.3,80345.4,52822.0
2026-05-04T03:15:00Z,80347.4,80347.4,80170.4,80170.5,14324.0
2026-05-04T03:20:00Z,80181.7,80241.5,80109.7,80109.7,7613.0
2026-05-04T03:25:00Z,80109.2,80119.6,80021.4,80082.0,67526.0
2026-05-04T03:30:00Z,80083.3,80109.3,80010.0,80020.9,17186.0
2026-05-04T03:35:00Z,80027.1,80027.1,79963.4,79982.8,12310.0
2026-05-04T03:40:00Z,79969.2,79983.2,79881.9,79967.1,24927.0
2026-05-04T03:45:00Z,79967.0,80218.8,79930.0,80197.6,12300.0
2026-05-04T03:50:00Z,80183.4,80222.2,80122.1,80163.5,37332.0
2026-05-04T03:55:00Z,80167.8,80286.6,80167.8,80278.8,11366.0
2026-05-04T04:00:00Z,80278.7,80443.8,80278.7,80434.9,31752.0
2026-05-04T04:05:00Z,80434.9,80443.8,80332.3,80394.8,14797.0
2026-05-04T04:10:00Z,80390.3,80421.5,80365.4,80395.8,8188.0
2026-05-04T04:15:00Z,80395.8,80590.6,80360.9,80480.0,118956.0
2026-05-04T04:20:00Z,80480.0,80519.1,80196.7,80199.0,41288.0
2026-05-04T04:25:00Z,80202.5,80327.8,80196.1,80305.5,8994.0
2026-05-04T04:30:00Z,80305.5,80375.7,80270.0,80367.8,11028.0
2026-05-04T04:35:00Z,80374.9,80399.7,80258.4,80258.8,23853.0
2026-05-04T04:40:00Z,80263.7,80348.1,80263.2,80306.5,15868.0
2026-05-04T04:45:00Z,80306.5,80356.6,80261.4,80261.4,27927.0
2026-05-04T04:50:00Z,80262.3,80349.6,80244.0,80244.0,10837.0
2026-05-04T04:55:00Z,80235.1,80308.6,80196.5,80300.1,20881.0
2026-05-04T05:00:00Z,80302.5,80370.4,80239.7,80313.6,16131.0
2026-05-04T05:05:00Z,80316.0,80319.8,80149.7,80184.7,5376.0
2026-05-04T05:10:00Z,80184.8,80184.8,80056.5,80110.3,13655.0
2026-05-04T05:15:00Z,80112.8,80119.9,79978.3,79993.0,121640.0
2026-05-04T05:20:00Z,79987.9,80000.0,79979.8,79999.9,33103.0
2026-05-04T05:25:00Z,79999.9,80058.4,79915.0,79960.0,14107.0
2026-05-04T05:30:00Z,79959.9,80014.8,79916.8,79938.4,54723.0
2026-05-04T05:35:00Z,79941.2,80062.6,79941.2,80056.5,23596.0
2026-05-04T05:40:00Z,80060.8,80072.5,80000.1,80046.9,3206.0
2026-05-04T05:45:00Z,80036.0,80036.0,79962.7,79962.7,4536.0
2026-05-04T05:50:00Z,79974.6,79997.8,79952.2,79969.9,4934.0
2026-05-04T05:55:00Z,79969.9,79996.4,79959.8,79983.9,6583.0
2026-05-04T06:00:00Z,79977.3,79999.9,79937.2,79937.2,6453.0
2026-05-04T06:05:00Z,79937.2,79942.8,79866.8,79895.2,23881.0
2026-05-04T06:10:00Z,79891.7,79945.3,79871.9,79872.0,4313.0
2026-05-04T06:15:00Z,79871.9,79871.9,79765.0,79770.0,23715.0
2026-05-04T06:20:00Z,79770.1,79770.1,79666.7,79684.7,17406.0
2026-05-04T06:25:00Z,79680.3,79700.2,79450.0,79665.9,25338.0
2026-05-04T06:30:00Z,79664.3,79717.9,79600.0,79675.7,6169.0
2026-05-04T06:35:00Z,79666.5,79735.8,79648.2,79703.2,5084.0
2026-05-04T06:40:00Z,79703.2,79730.9,79694.9,79713.2,21373.0
2026-05-04T06:45:00Z,79713.2,79833.2,79713.2,79812.6,4617.0
2026-05-04T06:50:00Z,79815.1,79933.1,79815.1,79901.6,21363.0
2026-05-04T06:55:00Z,79901.6,79923.9,79816.1,79824.7,23670.0
2026-05-04T07:00:00Z,79825.5,79899.9,79768.6,79838.5,5334.0
2026-05-04T07:05:00Z,79838.4,79904.0,79807.3,79827.5,2446.0
2026-05-04T07:10:00Z,79829.9,79856.9,79779.9,79856.9,1232.0
2026-05-04T07:15:00Z,79861.9,79883.1,79800.0,79823.8,1626.0
2026-05-04T07:20:00Z,79820.0,79828.2,79803.8,79804.8,2210.0
2026-05-04T07:25:00Z,79806.4,79829.2,79796.9,79814.3,698.0
2026-05-04T07:30:00Z,79814.3,79834.8,79732.1,79747.3,2022.0
2026-05-04T07:35:00Z,79747.3,79747.3,79657.3,79695.3,4841.0
2026-05-04T07:40:00Z,79695.3,79820.0,79691.9,79820.0,7266.0
2026-05-04T07:45:00Z,79823.4,79868.0,79780.9,79805.0,4655.0
2026-05-04T07:50:00Z,79790.9,79790.9,79700.0,79716.7,2917.0
2026-05-04T07:55:00Z,79716.7,79716.7,79639.0,79664.1,2688.0
2026-05-04T08:00:00Z,79660.2,79709.5,79606.7,79606.7,5210.0
2026-05-04T08:05:00Z,79601.0,79681.4,79557.7,79681.4,12729.0
2026-05-04T08:10:00Z,79688.9,79754.6,79674.2,79754.6,2909.0
2026-05-04T08:15:00Z,79754.6,79765.3,79682.7,79716.4,1934.0
2026-05-04T08:20:00Z,79724.6,79732.0,79585.5,79646.7,7176.0
2026-05-04T08:25:00Z,79634.9,79720.0,79615.5,79703.2,7601.0
2026-05-04T08:30:00Z,79703.3,79791.1,79661.8,79661.8,76917.0
2026-05-04T08:35:00Z,79661.8,79706.0,79654.6,79700.5,19264.0
2026-05-04T08:40:00Z,79691.7,79724.9,79669.4,79677.1,20233.0
2026-05-04T08:45:00Z,79673.3,79680.0,79631.5,79664.0,4543.0
2026-05-04T08:50:00Z,79664.0,79669.7,79579.9,79666.2,6396.0
2026-05-04T08:55:00Z,79666.2,79728.0,79657.3,79684.3,3979.0
2026-05-04T09:00:00Z,79655.3,79752.1,79603.7,79707.8,3396.0
2026-05-04T09:05:00Z,79707.8,79707.8,79643.2,79663.1,1795.0
2026-05-04T09:10:00Z,79663.1,79750.3,79651.0,79700.0,1345.0
2026-05-04T09:15:00Z,79700.1,79717.1,79680.7,79688.4,7697.0
2026-05-04T09:20:00Z,79688.4,79705.2,79678.8,79678.8,3556.0
2026-05-04T09:25:00Z,79678.8,79790.4,79672.2,79689.7,37740.0
2026-05-04T09:30:00Z,79686.3,79750.0,79649.7,79744.1,1004.0
2026-05-04T09:35:00Z,79744.1,79778.7,79698.0,79778.5,1104.0
2026-05-04T09:40:00Z,79774.9,79854.6,79748.6,79820.1,7165.0
2026-05-04T09:45:00Z,79825.8,79825.8,79755.1,79814.0,4501.0
2026-05-04T09:50:00Z,79839.6,79887.7,79827.6,79876.3,49744.0
2026-05-04T09:55:00Z,79876.2,79880.8,79800.1,79800.1,2824.0
2026-05-04T10:00:00Z,79831.5,79851.3,79153.9,79200.0,147401.0
2026-05-04T10:05:00Z,79170.2,79198.3,78580.6,78787.8,175556.0
2026-05-04T10:10:00Z,78782.4,78784.5,78560.0,78712.8,37719.0
2026-05-04T10:15:00Z,78730.5,78730.5,78320.0,78369.7,54715.0
2026-05-04T10:20:00Z,78361.8,78501.9,78200.0,78235.9,99047.0
2026-05-04T10:25:00Z,78214.2,78500.7,78157.6,78469.3,465051.0
2026-05-04T10:30:00Z,78462.5,78927.1,78412.6,78910.4,376222.0
2026-05-04T10:35:00Z,78922.4,78998.4,78887.9,78902.3,154459.0
2026-05-04T10:40:00Z,78899.8,78987.1,78888.0,78888.1,7223.0
2026-05-04T10:45:00Z,78890.9,79026.0,78857.2,79023.6,18082.0
2026-05-04T10:50:00Z,79026.4,79041.8,78881.4,78882.2,23091.0
2026-05-04T10:55:00Z,78882.3,78930.1,78785.7,78894.8,22957.0
2026-05-04T11:00:00Z,78883.4,79036.9,78876.8,78882.9,15652.0
2026-05-04T11:05:00Z,78882.3,78979.3,78864.9,78979.3,12021.0
2026-05-04T11:10:00Z,78979.3,79021.6,78914.2,79000.1,18102.0
2026-05-04T11:15:00Z,78986.1,79061.9,78955.1,79050.2,9516.0
2026-05-04T11:20:00Z,79050.1,79080.0,78911.0,78911.1,7808.0
2026-05-04T11:25:00Z,78911.1,78931.2,78880.0,78910.0,17096.0
2026-05-04T11:30:00Z,78910.0,78910.0,78857.1,78857.1,15715.0
2026-05-04T11:35:00Z,78857.1,78861.9,78666.3,78727.0,25782.0
2026-05-04T11:40:00Z,78715.4,78745.2,78661.4,78696.8,6192.0
2026-05-04T11:45:00Z,78696.8,78770.1,78693.1,78739.5,6009.0
2026-05-04T11:50:00Z,78741.5,78827.1,78728.0,78792.3,17431.0
2026-05-04T11:55:00Z,78799.0,78814.2,78744.9,78751.7,74448.0
2026-05-04T12:00:00Z,78747.2,78798.8,78670.6,78780.0,11019.0
2026-05-04T12:05:00Z,78776.6,78815.6,78706.0,78731.3,13473.0
2026-05-04T12:10:00Z,78730.4,78802.9,78720.0,78764.3,6010.0
2026-05-04T12:15:00Z,78764.4,78922.7,78711.9,78918.4,7038.0
2026-05-04T12:20:00Z,78928.4,78991.8,78863.8,78924.8,10414.0
2026-05-04T12:25:00Z,78924.8,78979.3,78890.4,78910.8,4543.0
2026-05-04T12:30:00Z,78917.2,78922.7,78805.2,78805.2,53567.0
2026-05-04T12:35:00Z,78803.7,78917.7,78803.7,78879.9,5993.0
2026-05-04T12:40:00Z,78880.0,78950.0,78875.5,78942.6,5464.0
2026-05-04T12:45:00Z,78942.8,78966.0,78904.0,78954.8,4853.0
2026-05-04T12:50:00Z,78954.8,78961.0,78901.5,78933.1,2619.0
2026-05-04T12:55:00Z,78932.9,78945.6,78818.1,78818.1,4081.0
2026-05-04T13:00:00Z,78818.1,78818.1,78547.2,78675.1,22767.0
2026-05-04T13:05:00Z,78654.2,78840.0,78625.5,78804.9,10685.0
2026-05-04T13:10:00Z,78841.7,78920.6,78807.4,78880.8,5340.0
2026-05-04T13:15:00Z,78873.1,78932.0,78855.3,78885.6,4983.0
2026-05-04T13:20:00Z,78885.6,79007.5,78873.7,78923.8,4081.0
2026-05-04T13:25:00Z,78923.9,78948.6,78910.3,78924.9,2477.0
2026-05-04T13:30:00Z,78918.1,78999.9,78912.4,78972.8,20833.0
2026-05-04T13:35:00Z,78979.9,79077.7,78802.0,78912.2,16741.0
2026-05-04T13:40:00Z,78900.1,78901.2,78830.8,78832.6,46987.0
2026-05-04T13:45:00Z,78832.5,78908.0,78729.3,78809.6,14679.0
2026-05-04T13:50:00Z,78800.0,78846.8,78710.0,78730.1,11664.0
2026-05-04T13:55:00Z,78722.1,78800.0,78694.0,78747.7,16343.0
2026-05-04T14:00:00Z,78744.1,78777.1,78567.5,78567.6,27198.0
2026-05-04T14:05:00Z,78563.6,78630.0,78470.0,78508.1,21321.0
2026-05-04T14:10:00Z,78508.2,78948.1,78492.3,78920.5,57058.0
2026-05-04T14:15:00Z,78920.0,79065.9,78907.1,79011.7,20048.0
2026-05-04T14:20:00Z,79026.6,79237.0,79011.9,79229.9,76604.0
2026-05-04T14:25:00Z,79225.8,79355.8,79190.2,79201.7,52360.0
2026-05-04T14:30:00Z,79200.0,79300.0,79181.6,79240.2,13010.0
2026-05-04T14:35:00Z,79232.6,79529.8,79232.6,79476.8,122057.0
2026-05-04T14:40:00Z,79467.2,79535.2,79414.7,79484.5,25985.0
2026-05-04T14:45:00Z,79499.9,80174.4,79499.9,79994.5,274954.0
2026-05-04T14:50:00Z,79993.5,80439.0,79992.0,80415.6,84853.0
2026-05-04T14:55:00Z,80415.5,80519.6,80132.0,80170.2,146187.0
2026-05-04T15:00:00Z,80177.4,80330.0,80060.3,80064.9,29303.0
2026-05-04T15:05:00Z,80063.4,80231.6,80014.3,80038.1,38328.0
2026-05-04T15:10:00Z,80041.0,80078.1,79877.3,80066.0,42542.0
2026-05-04T15:15:00Z,80059.0,80176.4,79454.8,79454.9,73332.0
2026-05-04T15:20:00Z,79454.8,79666.5,79265.2,79504.0,108669.0
2026-05-04T15:25:00Z,79504.0,79764.7,79492.2,79654.3,43023.0
2026-05-04T15:30:00Z,79654.4,79740.0,79429.6,79620.0,22182.0
2026-05-04T15:35:00Z,79638.1,79729.6,79468.7,79659.5,16158.0
2026-05-04T15:40:00Z,79661.6,79875.0,79578.3,79861.0,21455.0
2026-05-04T15:45:00Z,79853.7,79880.6,79723.5,79768.9,8356.0
2026-05-04T15:50:00Z,79768.9,79867.8,79506.4,79858.8,27832.0
2026-05-04T15:55:00Z,79858.7,80104.8,79858.7,79976.7,51598.0
2026-05-04T16:00:00Z,79981.3,80028.0,79900.0,79978.9,46782.0
2026-05-04T16:05:00Z,79991.1,79991.8,79600.8,79746.0,50447.0
2026-05-04T16:10:00Z,79745.9,79806.2,79634.9,79671.5,26074.0
2026-05-04T16:15:00Z,79666.0,80118.2,79566.6,80075.1,58691.0
2026-05-04T16:20:00Z,80085.8,80350.0,80071.1,80194.6,106791.0
2026-05-04T16:25:00Z,80234.9,80292.6,80119.2,80191.7,30066.0
2026-05-04T16:30:00Z,80191.9,80222.2,80102.1,80207.5,10232.0
2026-05-04T16:35:00Z,80220.1,80300.0,80188.3,80227.5,24209.0
2026-05-04T16:40:00Z,80227.4,80307.7,80200.0,80236.2,10432.0
2026-05-04T16:45:00Z,80236.2,80276.8,80141.4,80169.0,18343.0
2026-05-04T16:50:00Z,80169.0,80201.9,80035.9,80057.2,23683.0
2026-05-04T16:55:00Z,80059.9,80069.7,79935.1,79982.4,50039.0
2026-05-04T17:00:00Z,79980.1,80199.9,79980.1,80189.8,19341.0
2026-05-04T17:05:00Z,80180.9,80300.0,80166.1,80295.3,15716.0
2026-05-04T17:10:00Z,80294.9,80417.1,80259.9,80335.1,55950.0
2026-05-04T17:15:00Z,80340.0,80460.0,80317.9,80381.5,13395.0
2026-05-04T17:20:00Z,80381.4,80454.0,80368.0,80424.4,17521.0
2026-05-04T17:25:00Z,80441.5,80466.0,80356.2,80393.9,78179.0
2026-05-04T17:30:00Z,80400.0,80400.0,80272.7,80275.1,21678.0
2026-05-04T17:35:00Z,80275.0,80319.4,80222.1,80279.9,12905.0
2026-05-04T17:40:00Z,80279.9,80288.7,80208.0,80228.0,14717.0
2026-05-04T17:45:00Z,80234.0,80410.1,80227.6,80410.0,9704.0
2026-05-04T17:50:00Z,80372.5,80756.3,80372.5,80400.0,147803.0
2026-05-04T17:55:00Z,80394.9,80502.3,80334.1,80339.9,56556.0
2026-05-04T18:00:00Z,80339.8,80388.6,80209.9,80382.3,52869.0
2026-05-04T18:05:00Z,80382.3,80388.3,80288.1,80319.9,10688.0
2026-05-04T18:10:00Z,80336.3,80394.3,80318.1,80343.7,23738.0
2026-05-04T18:15:00Z,80343.7,80343.7,80207.1,80209.6,15091.0
2026-05-04T18:20:00Z,80209.6,80263.8,80168.3,80195.6,32084.0
2026-05-04T18:25:00Z,80192.1,80233.9,80125.0,80220.2,38303.0
2026-05-04T18:30:00Z,80223.3,80252.4,80194.7,80252.4,15342.0
2026-05-04T18:35:00Z,80256.2,80270.4,80177.9,80208.0,13011.0
2026-05-04T18:40:00Z,80208.0,80232.4,80122.7,80137.1,7661.0
2026-05-04T18:45:00Z,80128.5,80131.8,80072.1,80124.0,74273.0
2026-05-04T18:50:00Z,80126.4,80137.7,80001.0,80010.8,13701.0
2026-05-04T18:55:00Z,80010.8,80121.9,80010.7,80081.0,25556.0
2026-05-04T19:00:00Z,80085.3,80094.0,79983.2,79995.0,6061.0
2026-05-04T19:05:00Z,79979.5,80098.8,79915.7,80026.0,14759.0
2026-05-04T19:10:00Z,80013.5,80050.0,79972.6,80048.4,5761.0
2026-05-04T19:15:00Z,80048.3,80055.0,79920.0,79938.3,8160.0
2026-05-04T19:20:00Z,79943.0,79960.4,79910.1,79918.8,18164.0
2026-05-04T19:25:00Z,79918.9,79938.4,79848.6,79889.5,27732.0
2026-05-04T19:30:00Z,79889.5,79938.4,79889.5,79915.1,9837.0
2026-05-04T19:35:00Z,79915.0,79968.9,79850.0,79872.8,13410.0
2026-05-04T19:40:00Z,79879.1,79973.9,79863.3,79973.7,24830.0
2026-05-04T19:45:00Z,79973.9,80020.0,79920.4,80012.9,14088.0
2026-05-04T19:50:00Z,79986.8,79986.8,79932.5,79947.9,4536.0
2026-05-04T19:55:00Z,79941.7,80059.2,79928.7,80018.3,25057.0
2026-05-04T20:00:00Z,80014.8,80014.8,79921.0,79960.1,26174.0
2026-05-04T20:05:00Z,79970.8,79998.9,79936.1,79970.9,1421.0
2026-05-04T20:10:00Z,79989.8,80090.3,79985.2,80090.2,13324.0
2026-05-04T20:15:00Z,80090.3,80122.0,79905.1,79911.7,11451.0
2026-05-04T20:20:00Z,79911.7,79960.5,79875.1,79940.6,5630.0
2026-05-04T20:25:00Z,79940.5,80014.5,79940.2,79981.4,2789.0
2026-05-04T20:30:00Z,79981.4,79998.6,79902.8,79932.7,26651.0
2026-05-04T20:35:00Z,79931.8,79935.2,79845.7,79860.1,17373.0
2026-05-04T20:40:00Z,79860.1,79893.5,79851.0,79876.6,3637.0
2026-05-04T20:45:00Z,79868.8,79974.1,79868.7,79952.7,6673.0
2026-05-04T20:50:00Z,79952.7,79952.7,79873.6,79899.5,4452.0
2026-05-04T20:55:00Z,79899.5,79923.9,79896.4,79896.4,1638.0
2026-05-04T21:00:00Z,79908.8,80047.3,79908.8,79991.2,13935.0
2026-05-04T21:05:00Z,79991.2,80076.9,79980.0,80060.0,5599.0
2026-05-04T21:10:00Z,80060.1,80123.1,80055.1,80075.9,6188.0
2026-05-04T21:15:00Z,80075.9,80093.3,80042.2,80058.9,8799.0
2026-05-04T21:20:00Z,80058.9,80277.5,80058.9,80234.1,70311.0
2026-05-04T21:25:00Z,80234.0,80249.7,80151.1,80157.5,5711.0
2026-05-04T21:30:00Z,80157.5,80227.7,80157.5,80201.6,7443.0
2026-05-04T21:35:00Z,80201.7,80259.0,80190.5,80214.3,11464.0
2026-05-04T21:40:00Z,80224.4,80236.7,80194.8,80195.2,2742.0
2026-05-04T21:45:00Z,80195.2,80270.1,80195.2,80270.1,2596.0
2026-05-04T21:50:00Z,80270.1,80349.6,80225.4,80267.0,13565.0
2026-05-04T21:55:00Z,80267.0,80267.0,80196.2,80217.0,3487.0
2026-05-04T22:00:00Z,80212.1,80344.8,80208.0,80294.7,8581.0
2026-05-04T22:05:00Z,80298.2,80346.0,80239.1,80277.7,57476.0
2026-05-04T22:10:00Z,80277.6,80320.9,80258.1,80318.3,3132.0
2026-05-04T22:15:00Z,80318.3,80363.2,80237.2,80255.9,7714.0
2026-05-04T22:20:00Z,80256.2,80280.7,80223.3,80248.5,2175.0
2026-05-04T22:25:00Z,80246.3,80274.4,80222.2,80222.2,2244.0
2026-05-04T22:30:00Z,80227.0,80227.0,80098.9,80117.1,12212.0
2026-05-04T22:35:00Z,80106.3,80139.9,80078.5,80106.1,3692.0
2026-05-04T22:40:00Z,80106.2,80115.9,80071.1,80071.1,2765.0
2026-05-04T22:45:00Z,80071.1,80161.6,80065.0,80155.5,8568.0
2026-05-04T22:50:00Z,80161.7,80161.7,80024.3,80043.9,6325.0
2026-05-04T22:55:00Z,80043.9,80064.0,80019.0,80031.9,22307.0
2026-05-04T23:00:00Z,80019.6,80019.6,79907.9,79931.2,11008.0
2026-05-04T23:05:00Z,79922.1,79938.5,79871.1,79884.6,5389.0
2026-05-04T23:10:00Z,79884.6,79905.6,79871.0,79892.9,16655.0
2026-05-04T23:15:00Z,79892.9,79900.4,79854.0,79900.4,5585.0
2026-05-04T23:20:00Z,79888.5,79888.5,79835.2,79835.2,4787.0
2026-05-04T23:25:00Z,79835.2,79928.1,79835.2,79925.0,14048.0
2026-05-04T23:30:00Z,79924.9,79924.9,79786.3,79825.1,10136.0
2026-05-04T23:35:00Z,79819.8,79819.8,79716.6,79771.1,6858.0
2026-05-04T23:40:00Z,79762.1,79777.0,79715.9,79732.3,5424.0
2026-05-04T23:45:00Z,79729.0,79770.9,79720.0,79760.8,1914.0
2026-05-04T23:50:00Z,79748.8,79836.2,79747.6,79816.3,4585.0
2026-05-04T23:55:00Z,79816.3,79816.4,79791.2,79816.3,3094.0
2026-05-05T00:00:00Z,79814.4,79967.2,79761.5,79949.1,7798.0
2026-05-05T00:05:00Z,79949.1,79975.3,79888.0,79888.0,12726.0
2026-05-05T00:10:00Z,79888.0,79951.1,79888.0,79918.0,1973.0
2026-05-05T00:15:00Z,79913.2,79928.9,79870.0,79928.9,3640.0
2026-05-05T00:20:00Z,79925.2,79925.2,79827.9,79834.4,6377.0
2026-05-05T00:25:00Z,79838.4,79871.2,79812.8,79812.8,4233.0
2026-05-05T00:30:00Z,79812.8,80098.9,79812.8,80050.0,5465.0
2026-05-05T00:35:00Z,80045.2,80054.2,79992.2,80018.0,4924.0
2026-05-05T00:40:00Z,80018.0,80028.0,79967.9,80028.0,3221.0
2026-05-05T00:45:00Z,80054.9,80063.2,79993.1,79999.7,4382.0
2026-05-05T00:50:00Z,79999.7,80139.9,79999.7,80123.4,50871.0
2026-05-05T00:55:00Z,80123.3,80133.1,80086.9,80130.8,1779.0
2026-05-05T01:00:00Z,80137.9,80153.3,80031.5,80080.3,3741.0
2026-05-05T01:05:00Z,80094.3,80174.4,80094.3,80167.6,8329.0
2026-05-05T01:10:00Z,80167.5,80223.3,80152.5,80152.5,4015.0
2026-05-05T01:15:00Z,80157.0,80217.1,80142.0,80171.4,23290.0
2026-05-05T01:20:00Z,80167.6,80248.9,80155.4,80220.6,6183.0
2026-05-05T01:25:00Z,80218.9,80236.0,80194.9,80219.4,1852.0
2026-05-05T01:30:00Z,80218.9,80218.9,80127.2,80171.8,3827.0
2026-05-05T01:35:00Z,80156.7,80274.0,80156.7,80202.2,5894.0
2026-05-05T01:40:00Z,80204.6,80244.8,80200.0,80200.0,2520.0
2026-05-05T01:45:00Z,80202.8,80328.0,80202.8,80294.7,6571.0
2026-05-05T01:50:00Z,80294.7,80343.0,80275.8,80289.6,4869.0
2026-05-05T01:55:00Z,80292.4,80311.0,80266.1,80310.9,6323.0
2026-05-05T02:00:00Z,80301.3,80473.0,80259.7,80462.6,45104.0
2026-05-05T02:05:00Z,80460.1,80471.8,80385.3,80403.8,6709.0
2026-05-05T02:10:00Z,80395.0,80395.0,80353.9,80392.8,2588.0
2026-05-05T02:15:00Z,80400.0,80420.0,80364.4,80364.4,3579.0
2026-05-05T02:20:00Z,80364.4,80438.7,80302.8,80438.7,7646.0
2026-05-05T02:25:00Z,80448.2,80491.4,80417.7,80422.6,9098.0
2026-05-05T02:30:00Z,80429.9,80447.6,80405.3,80428.5,3393.0
2026-05-05T02:35:00Z,80433.2,80724.0,80433.1,80686.6,61662.0
2026-05-05T02:40:00Z,80680.9,80774.9,80600.0,80770.5,29105.0
2026-05-05T02:45:00Z,80770.4,80865.0,80505.6,80514.4,106164.0
2026-05-05T02:50:00Z,80514.3,80583.7,80504.8,80506.8,12254.0
2026-05-05T02:55:00Z,80504.0,80525.0,80460.6,80514.4,20605.0
2026-05-05T03:00:00Z,80519.9,80535.6,80412.9,80444.6,4547.0
2026-05-05T03:05:00Z,80444.6,80500.0,80426.2,80480.9,3942.0
2026-05-05T03:10:00Z,80480.9,80678.4,80480.8,80633.4,53861.0
2026-05-05T03:15:00Z,80633.5,80721.0,80585.8,80713.8,12190.0
2026-05-05T03:20:00Z,80705.1,80794.7,80705.1,80770.7,14338.0
2026-05-05T03:25:00Z,80772.3,80820.1,80708.4,80743.2,9722.0
2026-05-05T03:30:00Z,80748.4,80798.4,80707.3,80783.3,11454.0
2026-05-05T03:35:00Z,80783.4,81045.9,80773.0,80817.7,94339.0
2026-05-05T03:40:00Z,80817.7,80950.9,80817.7,80873.5,26183.0
2026-05-05T03:45:00Z,80878.7,80906.4,80766.2,80857.2,19770.0
2026-05-05T03:50:00Z,80858.3,80869.2,80792.3,80843.6,3431.0
2026-05-05T03:55:00Z,80855.0,80859.7,80800.7,80838.5,4191.0
2026-05-05T04:00:00Z,80830.4,80922.0,80784.4,80864.6,25745.0
2026-05-05T04:05:00Z,80874.3,80922.0,80804.8,80804.8,8446.0
2026-05-05T04:10:00Z,80802.6,80802.6,80737.3,80759.7,21246.0
2026-05-05T04:15:00Z,80759.5,80843.5,80759.5,80797.4,25164.0
2026-05-05T04:20:00Z,80805.4,80830.0,80786.7,80794.6,6694.0
2026-05-05T04:25:00Z,80791.0,80875.7,80748.2,80749.9,11758.0
2026-05-05T04:30:00Z,80749.9,80756.3,80677.9,80720.0,18794.0
2026-05-05T04:35:00Z,80720.1,80809.0,80712.1,80771.3,6901.0
2026-05-05T04:40:00Z,80771.3,80779.9,80719.4,80719.5,3358.0
2026-05-05T04:45:00Z,80719.5,80888.0,80684.4,80868.7,10670.0
2026-05-05T04:50:00Z,80876.1,80905.8,80858.1,80860.6,13700.0
2026-05-05T04:55:00Z,80860.6,80876.1,80839.3,80850.8,3502.0
2026-05-05T05:00:00Z,80841.0,80860.2,80783.8,80816.2,13571.0
2026-05-05T05:05:00Z,80800.0,80878.6,80790.4,80844.8,5975.0
2026-05-05T05:10:00Z,80845.4,80905.8,80827.6,80827.6,18397.0
2026-05-05T05:15:00Z,80827.6,80905.8,80827.6,80886.5,2543.0
2026-05-05T05:20:00Z,80886.5,81160.0,80854.3,81124.4,68107.0
2026-05-05T05:25:00Z,81126.8,81148.0,80983.7,81010.9,54057.0
2026-05-05T05:30:00Z,81010.9,81085.3,80958.9,81085.3,34979.0
2026-05-05T05:35:00Z,81088.0,81278.2,81032.2,81194.5,68795.0
2026-05-05T05:40:00Z,81179.6,81194.5,80988.1,80988.1,14150.0
2026-05-05T05:45:00Z,80988.1,80988.2,80874.6,80920.0,96602.0
2026-05-05T05:50:00Z,80922.3,81017.0,80922.3,80978.6,7005.0
2026-05-05T05:55:00Z,80978.6,80978.6,80913.0,80924.2,4777.0
2026-05-05T06:00:00Z,80926.2,80969.4,80881.9,80891.1,7110.0
2026-05-05T06:05:00Z,80891.0,80904.0,80839.0,80881.1,42268.0
2026-05-05T06:10:00Z,80878.3,80949.3,80858.6,80905.4,5916.0
2026-05-05T06:15:00Z,80911.8,80929.5,80849.7,80857.9,7088.0
2026-05-05T06:20:00Z,80850.1,80850.1,80757.4,80757.4,16076.0
2026-05-05T06:25:00Z,80768.6,80796.2,80764.0,80783.9,3632.0
2026-05-05T06:30:00Z,80766.3,80820.8,80759.9,80810.8,4718.0
2026-05-05T06:35:00Z,80824.0,80848.0,80769.0,80777.4,9540.0
2026-05-05T06:40:00Z,80769.0,80838.6,80758.4,80763.5,6645.0
2026-05-05T06:45:00Z,80761.6,80880.0,80761.6,80880.0,1434.0
2026-05-05T06:50:00Z,80879.9,80890.0,80850.2,80882.0,22661.0
2026-05-05T06:55:00Z,80877.2,80941.9,80860.4,80934.7,6620.0
2026-05-05T07:00:00Z,80933.3,80933.3,80856.0,80905.5,14031.0
2026-05-05T07:05:00Z,80905.0,80905.0,80850.1,80853.1,9669.0
2026-05-05T07:10:00Z,80853.1,80980.0,80850.0,80955.8,3767.0
2026-05-05T07:15:00Z,80955.8,80966.9,80923.4,80957.1,5583.0
2026-05-05T07:20:00Z,80957.1,81045.8,80952.7,80992.3,5211.0
2026-05-05T07:25:00Z,80994.3,81049.2,80990.2,80998.2,4096.0
2026-05-05T07:30:00Z,80998.2,81033.0,80970.9,81033.0,5830.0
2026-05-05T07:35:00Z,81033.0,81103.3,81033.0,81086.2,12085.0
2026-05-05T07:40:00Z,81077.9,81088.3,80987.9,80987.9,2293.0
2026-05-05T07:45:00Z,80985.5,80999.9,80856.0,80925.1,10783.0
2026-05-05T07:50:00Z,80924.6,80924.6,80840.0,80840.0,16231.0
2026-05-05T07:55:00Z,80833.4,80839.8,80796.9,80821.8,16676.0
2026-05-05T08:00:00Z,80815.8,80837.9,80801.9,80809.8,4635.0
2026-05-05T08:05:00Z,80823.8,80837.9,80823.8,80834.6,1207.0
2026-05-05T08:10:00Z,80833.6,80837.9,80809.2,80809.2,2373.0
2026-05-05T08:15:00Z,80813.9,80834.4,80776.7,80808.9,9481.0
2026-05-05T08:20:00Z,80810.3,80836.4,80794.9,80828.8,2379.0
2026-05-05T08:25:00Z,80828.8,80835.9,80801.0,80802.8,3272.0
2026-05-05T08:30:00Z,80802.8,80828.8,80753.1,80806.3,6148.0
2026-05-05T08:35:00Z,80806.3,80820.1,80741.0,80747.1,10290.0
2026-05-05T08:40:00Z,80747.1,80763.8,80674.9,80707.9,13759.0
2026-05-05T08:45:00Z,80708.0,80773.2,80707.9,80773.2,4266.0
2026-05-05T08:50:00Z,80773.2,80787.8,80757.0,80757.0,3653.0
2026-05-05T08:55:00Z,80750.0,80774.7,80740.0,80769.0,3169.0
2026-05-05T09:00:00Z,80775.9,80775.9,80640.8,80655.0,11637.0
2026-05-05T09:05:00Z,80664.4,80685.8,80649.3,80665.0,3710.0
2026-05-05T09:10:00Z,80680.0,80680.0,80633.4,80637.3,8335.0
2026-05-05T09:15:00Z,80634.5,80650.0,80591.0,80595.2,19331.0
2026-05-05T09:20:00Z,80599.7,80634.6,80557.1,80598.1,10631.0
2026-05-05T09:25:00Z,80598.0,80638.5,80598.0,80624.2,11294.0
2026-05-05T09:30:00Z,80624.2,80668.1,80590.0,80590.0,6003.0
2026-05-05T09:35:00Z,80586.6,80600.0,80535.8,80545.0,3156.0
2026-05-05T09:40:00Z,80540.0,80555.8,80518.5,80548.9,15982.0
2026-05-05T09:45:00Z,80549.0,80581.6,80536.2,80536.2,13186.0
2026-05-05T09:50:00Z,80536.2,80557.2,80485.7,80557.2,8650.0
2026-05-05T09:55:00Z,80557.2,80560.0,80530.0,80550.9,3375.0
2026-05-05T10:00:00Z,80539.9,80569.0,80488.8,80564.5,6118.0
2026-05-05T10:05:00Z,80564.5,80672.6,80564.5,80646.2,6168.0
2026-05-05T10:10:00Z,80654.4,80676.0,80631.6,80644.9,1623.0
2026-05-05T10:15:00Z,80644.9,80680.7,80636.7,80678.0,1687.0
2026-05-05T10:20:00Z,80680.8,80699.9,80666.6,80674.9,8851.0
2026-05-05T10:25:00Z,80671.5,80718.0,80670.8,80695.3,8786.0
2026-05-05T10:30:00Z,80709.0,80787.9,80694.9,80779.0,13864.0
2026-05-05T10:35:00Z,80781.9,80788.8,80700.1,80743.6,8439.0
2026-05-05T10:40:00Z,80743.6,80787.9,80743.6,80777.0,5885.0
2026-05-05T10:45:00Z,80777.0,80787.7,80766.0,80766.0,9369.0
2026-05-05T10:50:00Z,80765.7,80765.9,80685.2,80685.3,7153.0
2026-05-05T10:55:00Z,80685.3,80788.3,80684.0,80776.4,4363.0
2026-05-05T11:00:00Z,80779.6,80789.0,80739.0,80788.6,23529.0
2026-05-05T11:05:00Z,80783.8,80789.0,80780.8,80788.9,2805.0
2026-05-05T11:10:00Z,80789.0,80937.1,80774.4,80905.6,16114.0
2026-05-05T11:15:00Z,80893.8,80924.4,80792.1,80810.7,9324.0
2026-05-05T11:20:00Z,80803.6,80823.3,80781.9,80820.5,13196.0
2026-05-05T11:25:00Z,80820.5,80934.0,80816.1,80904.8,11789.0
2026-05-05T11:30:00Z,80911.6,80966.6,80888.0,80960.9,9363.0
2026-05-05T11:35:00Z,80960.9,81063.0,80938.3,80972.2,27229.0
2026-05-05T11:40:00Z,80972.1,81008.0,80972.1,80990.3,8949.0
2026-05-05T11:45:00Z,80990.3,81022.0,80945.2,80950.3,11154.0
2026-05-05T11:50:00Z,80957.6,80957.6,80824.1,80884.7,12203.0
2026-05-05T11:55:00Z,80884.7,80976.0,80875.4,80966.4,9170.0
2026-05-05T12:00:00Z,80966.4,80972.9,80887.8,80950.1,16527.0
2026-05-05T12:05:00Z,80947.9,81023.7,80935.8,80977.5,9296.0
2026-05-05T12:10:00Z,80986.8,81088.0,80985.7,81052.0,27750.0
2026-05-05T12:15:00Z,81052.0,81092.9,81027.8,81049.9,3767.0
2026-05-05T12:20:00Z,81049.8,81086.4,81020.8,81060.0,6710.0
2026-05-05T12:25:00Z,81067.8,81200.0,81067.8,81172.2,28305.0
2026-05-05T12:30:00Z,81172.1,81243.0,81168.9,81188.0,16057.0
2026-05-05T12:35:00Z,81187.9,81220.0,81118.4,81213.7,51932.0
2026-05-05T12:40:00Z,81213.6,81258.0,81213.6,81257.9,8612.0
2026-05-05T12:45:00Z,81258.0,81258.0,81140.5,81189.4,16148.0
2026-05-05T12:50:00Z,81189.4,81258.0,81172.0,81249.9,9603.0
2026-05-05T12:55:00Z,81250.0,81255.7,81200.9,81223.3,29669.0
2026-05-05T13:00:00Z,81223.3,81437.0,81216.0,81420.4,86020.0
2026-05-05T13:05:00Z,81420.4,81621.8,81390.8,81537.9,145790.0
2026-05-05T13:10:00Z,81538.0,81600.1,81534.5,81580.0,25558.0
2026-05-05T13:15:00Z,81580.0,81590.0,81444.0,81501.6,18920.0
2026-05-05T13:20:00Z,81512.4,81643.2,81489.2,81500.7,34706.0
2026-05-05T13:25:00Z,81500.8,81500.8,81360.0,81410.8,54582.0
2026-05-05T13:30:00Z,81409.8,81492.6,81320.7,81416.1,61836.0
2026-05-05T13:35:00Z,81408.9,81442.1,81310.0,81310.0,35257.0
2026-05-05T13:40:00Z,81305.5,81375.3,81160.0,81366.3,61325.0
2026-05-05T13:45:00Z,81366.5,81585.3,81357.2,81581.3,37856.0
2026-05-05T13:50:00Z,81580.0,81613.1,81341.4,81341.4,28909.0
2026-05-05T13:55:00Z,81341.4,81346.1,81138.0,81278.4,28490.0
2026-05-05T14:00:00Z,81279.9,81392.6,81139.0,81388.1,24588.0
2026-05-05T14:05:00Z,81387.1,81387.3,81196.5,81215.0,56279.0
2026-05-05T14:10:00Z,81231.3,81306.4,81034.6,81055.8,36798.0
2026-05-05T14:15:00Z,81055.7,81173.6,80896.8,80996.4,134320.0
2026-05-05T14:20:00Z,80996.3,81210.6,80890.0,81192.8,72716.0
2026-05-05T14:25:00Z,81192.9,81407.0,81192.9,81354.4,42307.0
2026-05-05T14:30:00Z,81361.5,81452.9,81300.0,81330.1,32398.0
2026-05-05T14:35:00Z,81330.1,81402.4,81101.8,81164.1,17702.0
2026-05-05T14:40:00Z,81164.2,81217.4,81075.0,81190.6,13447.0
2026-05-05T14:45:00Z,81190.6,81215.4,81068.4,81161.9,19181.0
2026-05-05T14:50:00Z,81152.9,81308.0,81117.0,81308.0,14515.0
2026-05-05T14:55:00Z,81308.0,81346.0,81255.3,81279.4,7261.0
2026-05-05T15:00:00Z,81279.3,81370.8,81184.0,81369.8,8653.0
2026-05-05T15:05:00Z,81369.8,81446.9,81307.5,81349.8,14183.0
2026-05-05T15:10:00Z,81352.7,81600.0,81326.3,81514.5,24252.0
2026-05-05T15:15:00Z,81514.6,81555.2,81472.1,81494.2,9334.0
2026-05-05T15:20:00Z,81494.3,81620.6,81474.4,81569.8,48531.0
2026-05-05T15:25:00Z,81563.8,81615.0,81475.3,81547.3,15687.0
2026-05-05T15:30:00Z,81562.5,81614.7,81492.6,81559.7,6558.0
2026-05-05T15:35:00Z,81572.7,81615.0,81530.3,81550.0,8788.0
2026-05-05T15:40:00Z,81564.7,81584.9,81508.1,81581.8,5423.0
2026-05-05T15:45:00Z,81581.9,81636.9,81553.7,81604.9,8135.0
2026-05-05T15:50:00Z,81600.2,81600.2,81485.0,81504.7,4646.0
2026-05-05T15:55:00Z,81504.7,81538.0,81474.0,81488.6,6192.0
2026-05-05T16:00:00Z,81500.0,81540.7,81453.0,81539.8,11741.0
2026-05-05T16:05:00Z,81524.7,81577.8,81440.0,81440.0,44188.0
2026-05-05T16:10:00Z,81440.0,81479.6,81381.8,81403.3,31081.0
2026-05-05T16:15:00Z,81398.9,81453.9,81369.5,81442.3,27150.0
2026-05-05T16:20:00Z,81442.0,81506.5,81379.9,81427.9,5487.0
2026-05-05T16:25:00Z,81417.6,81417.6,81282.5,81371.1,8691.0
2026-05-05T16:30:00Z,81360.8,81360.8,81192.0,81200.0,34821.0
2026-05-05T16:35:00Z,81195.8,81246.4,81010.0,81083.7,51260.0
2026-05-05T16:40:00Z,81050.0,81100.0,81002.8,81028.3,17770.0
2026-05-05T16:45:00Z,81020.1,81139.2,81009.5,81126.3,30962.0
2026-05-05T16:50:00Z,81126.4,81243.0,81126.4,81217.7,20211.0
2026-05-05T16:55:00Z,81216.2,81250.7,81185.0,81250.6,7731.0
2026-05-05T17:00:00Z,81236.2,81330.7,81187.0,81294.0,32483.0
2026-05-05T17:05:00Z,81294.0,81294.0,81134.0,81172.2,16371.0
2026-05-05T17:10:00Z,81172.2,81270.0,81171.0,81270.0,3839.0
2026-05-05T17:15:00Z,81270.0,81343.4,81270.0,81343.3,6161.0
2026-05-05T17:20:00Z,81348.2,81408.7,81305.4,81305.4,30610.0
2026-05-05T17:25:00Z,81306.9,81394.7,81306.9,81372.1,3874.0
2026-05-05T17:30:00Z,81372.1,81372.1,81254.0,81282.9,16983.0
2026-05-05T17:35:00Z,81282.8,81318.1,81240.5,81240.5,17372.0
2026-05-05T17:40:00Z,81240.0,81267.8,81213.7,81253.8,5002.0
2026-05-05T17:45:00Z,81253.8,81309.8,81209.9,81254.0,12557.0
2026-05-05T17:50:00Z,81242.6,81283.1,81233.0,81233.0,4443.0
2026-05-05T17:55:00Z,81233.0,81245.4,81200.1,81223.6,2247.0
2026-05-05T18:00:00Z,81225.0,81305.0,81225.0,81293.4,5143.0
2026-05-05T18:05:00Z,81293.4,81394.9,81268.3,81340.0,6189.0
2026-05-05T18:10:00Z,81338.2,81570.6,81338.2,81522.6,49912.0
2026-05-05T18:15:00Z,81529.9,81529.9,81402.0,81409.8,124459.0
2026-05-05T18:20:00Z,81410.0,81453.9,81382.0,81383.1,5588.0
2026-05-05T18:25:00Z,81392.4,81428.0,81380.0,81420.3,5415.0
2026-05-05T18:30:00Z,81405.6,81430.5,81380.1,81429.9,1236.0
2026-05-05T18:35:00Z,81441.6,81481.0,81400.0,81400.1,5152.0
2026-05-05T18:40:00Z,81400.1,81493.8,81390.0,81468.1,8916.0
2026-05-05T18:45:00Z,81468.1,81511.0,81444.8,81480.0,3323.0
2026-05-05T18:50:00Z,81480.0,81511.0,81364.5,81444.5,7563.0
2026-05-05T18:55:00Z,81444.5,81480.0,81422.3,81463.7,2055.0
2026-05-05T19:00:00Z,81463.6,81472.1,81422.9,81422.9,5417.0
2026-05-05T19:05:00Z,81412.3,81439.4,81402.2,81425.1,8174.0
2026-05-05T19:10:00Z,81426.6,81426.7,81354.6,81398.9,2243.0
2026-05-05T19:15:00Z,81410.3,81516.1,81381.1,81507.1,2668.0
2026-05-05T19:20:00Z,81501.9,81525.0,81467.3,81517.4,7195.0
2026-05-05T19:25:00Z,81517.4,81538.4,81490.0,81504.0,5108.0
2026-05-05T19:30:00Z,81480.1,81617.0,81470.9,81558.5,37025.0
2026-05-05T19:35:00Z,81552.3,81573.3,81475.1,81514.5,14504.0
2026-05-05T19:40:00Z,81505.6,81624.2,81505.6,81611.8,13368.0
2026-05-05T19:45:00Z,81617.9,81636.5,81570.1,81605.3,12853.0
2026-05-05T19:50:00Z,81586.3,81586.7,81475.6,81565.9,12222.0
2026-05-05T19:55:00Z,81561.3,81594.1,81513.4,81558.7,6681.0
2026-05-05T20:00:00Z,81539.8,81700.0,81539.8,81656.0,38233.0
2026-05-05T20:05:00Z,81656.1,81682.7,81458.0,81604.2,23887.0
2026-05-05T20:10:00Z,81604.0,81729.6,81604.0,81648.0,58426.0
2026-05-05T20:15:00Z,81630.0,81631.1,81520.7,81586.2,18084.0
2026-05-05T20:20:00Z,81586.2,81599.6,81519.0,81543.1,5466.0
2026-05-05T20:25:00Z,81536.9,81597.1,81505.0,81509.4,6194.0
2026-05-05T20:30:00Z,81509.4,81647.7,81501.5,81630.0,13548.0
2026-05-05T20:35:00Z,81630.0,81666.1,81589.1,81589.1,19465.0
2026-05-05T20:40:00Z,81589.1,81696.8,81545.0,81610.0,16085.0
2026-05-05T20:45:00Z,81610.0,81610.0,81523.0,81546.4,8105.0
2026-05-05T20:50:00Z,81549.9,81598.7,81546.4,81581.6,1734.0
2026-05-05T20:55:00Z,81578.0,81625.6,81574.1,81612.0,3380.0
2026-05-05T21:00:00Z,81603.5,81745.0,81583.8,81641.3,17647.0
2026-05-05T21:05:00Z,81650.2,81685.3,81578.1,81619.2,4444.0
2026-05-05T21:10:00Z,81612.0,81662.8,81542.4,81542.4,14341.0
2026-05-05T21:15:00Z,81540.6,81608.4,81510.2,81510.2,7848.0
2026-05-05T21:20:00Z,81510.2,81542.0,81501.7,81535.6,15858.0
2026-05-05T21:25:00Z,81535.6,81579.5,81405.7,81424.8,24302.0
2026-05-05T21:30:00Z,81418.1,81418.1,81277.8,81277.8,24649.0
2026-05-05T21:35:00Z,81277.8,81422.4,81277.8,81374.4,12776.0
2026-05-05T21:40:00Z,81364.9,81387.1,81314.8,81324.6,5536.0
2026-05-05T21:45:00Z,81322.3,81410.6,81303.5,81388.6,6011.0
2026-05-05T21:50:00Z,81388.6,81468.0,81383.5,81450.6,3709.0
2026-05-05T21:55:00Z,81450.3,81469.6,81355.4,81361.6,23848.0
2026-05-05T22:00:00Z,81370.1,81564.4,81370.1,81477.0,17249.0
2026-05-05T22:05:00Z,81474.5,81504.2,81375.0,81396.3,7591.0
2026-05-05T22:10:00Z,81394.0,81394.0,81310.4,81336.4,14203.0
2026-05-05T22:15:00Z,81328.7,81341.5,81277.0,81334.2,5831.0
2026-05-05T22:20:00Z,81334.2,81356.0,81301.8,81356.0,2345.0
2026-05-05T22:25:00Z,81362.3,81469.7,81360.8,81385.9,6407.0
2026-05-05T22:30:00Z,81387.2,81387.3,81068.7,81068.7,70483.0
2026-05-05T22:35:00Z,81068.8,81134.7,80870.0,80956.2,68384.0
2026-05-05T22:40:00Z,80956.2,81025.6,80753.4,80974.8,78083.0
2026-05-05T22:45:00Z,80974.8,81040.9,80940.0,81028.8,12589.0
2026-05-05T22:50:00Z,81020.9,81316.5,80980.0,81168.7,17085.0
2026-05-05T22:55:00Z,81171.7,81187.7,81054.5,81077.3,10223.0
2026-05-05T23:00:00Z,81056.1,81122.4,80974.8,81050.0,62282.0
2026-05-05T23:05:00Z,81050.0,81106.0,80984.4,81097.2,3934.0
2026-05-05T23:10:00Z,81087.1,81176.9,81082.1,81171.2,40225.0
2026-05-05T23:15:00Z,81171.2,81171.2,81050.0,81063.0,28104.0
2026-05-05T23:20:00Z,81060.0,81069.0,81000.0,81009.9,6578.0
2026-05-05T23:25:00Z,81010.0,81034.3,80830.0,80840.0,69435.0
2026-05-05T23:30:00Z,80836.8,80918.2,80776.2,80801.0,15642.0
2026-05-05T23:35:00Z,80804.3,80804.3,80726.0,80792.3,30264.0
2026-05-05T23:40:00Z,80792.3,80900.0,80769.8,80880.0,17707.0
2026-05-05T23:45:00Z,80870.0,80928.5,80834.7,80892.0,69979.0
2026-05-05T23:50:00Z,80881.3,80939.7,80862.0,80875.0,3121.0
2026-05-05T23:55:00Z,80876.1,80904.2,80850.2,80861.9,8395.0
2026-05-06T00:00:00Z,80861.1,81050.0,80848.1,81011.3,17390.0
2026-05-06T00:05:00Z,81005.7,81068.5,80972.3,81044.3,10097.0
2026-05-06T00:10:00Z,81039.3,81215.9,81019.1,81114.3,13539.0
2026-05-06T00:15:00Z,81108.3,81225.6,81058.0,81058.1,18385.0
2026-05-06T00:20:00Z,81058.0,81058.0,80889.9,80950.9,33445.0
2026-05-06T00:25:00Z,80950.9,81037.7,80872.4,80872.4,23934.0
2026-05-06T00:30:00Z,80872.3,80959.9,80852.9,80952.4,2654.0
2026-05-06T00:35:00Z,80948.4,80997.8,80934.5,80950.0,2541.0
2026-05-06T00:40:00Z,80935.6,80966.5,80850.8,80851.1,4496.0
2026-05-06T00:45:00Z,80863.2,80894.7,80683.8,80769.7,17689.0
2026-05-06T00:50:00Z,80755.1,81031.3,80755.1,80996.0,12389.0
2026-05-06T00:55:00Z,80986.4,81020.1,80956.2,80981.8,15453.0
2026-05-06T01:00:00Z,80978.9,81104.5,80942.7,81100.0,11268.0
2026-05-06T01:05:00Z,81099.0,81121.5,81053.1,81105.9,6769.0
2026-05-06T01:10:00Z,81107.9,81110.0,81080.0,81110.0,5819.0
2026-05-06T01:15:00Z,81110.0,81304.2,81110.0,81230.9,25374.0
2026-05-06T01:20:00Z,81254.0,81269.2,81167.8,81241.7,4827.0
2026-05-06T01:25:00Z,81224.0,81242.6,81189.5,81194.6,2339.0
2026-05-06T01:30:00Z,81194.9,81287.9,81191.1,81268.0,4930.0
2026-05-06T01:35:00Z,81277.3,81300.0,81214.2,81262.0,1984.0
2026-05-06T01:40:00Z,81262.0,81277.0,81239.3,81269.9,2335.0
2026-05-06T01:45:00Z,81269.9,81446.3,81265.7,81355.8,12619.0
2026-05-06T01:50:00Z,81372.0,81490.0,81355.1,81388.2,11654.0
2026-05-06T01:55:00Z,81376.9,81392.8,81353.1,81390.4,4588.0
2026-05-06T02:00:00Z,81397.8,81397.8,81252.3,81252.3,4244.0
2026-05-06T02:05:00Z,81251.1,81300.0,81200.0,81273.4,5048.0
2026-05-06T02:10:00Z,81285.0,81325.1,81247.3,81265.0,30303.0
2026-05-06T02:15:00Z,81270.0,81270.0,81216.8,81226.0,4325.0
2026-05-06T02:20:00Z,81226.0,81249.9,81204.9,81241.7,17129.0
2026-05-06T02:25:00Z,81234.3,81234.3,81080.1,81092.4,40303.0
2026-05-06T02:30:00Z,81085.2,81095.2,81009.0,81017.0,34266.0
2026-05-06T02:35:00Z,81017.1,81133.0,81000.0,81114.3,7715.0
2026-05-06T02:40:00Z,81150.0,81222.0,81127.1,81147.7,3023.0
2026-05-06T02:45:00Z,81160.9,81237.4,81154.0,81237.4,8138.0
2026-05-06T02:50:00Z,81237.4,81250.1,81180.0,81242.4,3008.0
2026-05-06T02:55:00Z,81249.3,81355.0,81242.4,81319.5,8816.0
2026-05-06T03:00:00Z,81308.7,81417.9,81308.7,81383.2,5363.0
2026-05-06T03:05:00Z,81377.6,81415.1,81310.6,81326.7,39545.0
2026-05-06T03:10:00Z,81326.7,81387.8,81321.4,81376.9,4425.0
2026-05-06T03:15:00Z,81352.5,81380.2,81325.7,81358.4,2927.0
2026-05-06T03:20:00Z,81358.4,81632.8,81358.4,81601.6,31371.0
2026-05-06T03:25:00Z,81618.0,81701.1,81557.8,81576.9,17049.0
2026-05-06T03:30:00Z,81567.7,81635.9,81548.1,81596.5,10876.0
2026-05-06T03:35:00Z,81590.4,81650.2,81571.4,81587.0,4190.0
2026-05-06T03:40:00Z,81580.6,81587.0,81478.0,81498.3,5116.0
2026-05-06T03:45:00Z,81506.4,81514.6,81443.6,81491.1,4016.0
2026-05-06T03:50:00Z,81491.1,81549.9,81440.4,81487.3,3223.0
2026-05-06T03:55:00Z,81487.3,81587.4,81487.2,81522.9,4664.0
2026-05-06T04:00:00Z,81539.9,81556.1,81486.1,81512.6,4835.0
2026-05-06T04:05:00Z,81512.3,81595.2,81512.3,81512.6,12036.0
2026-05-06T04:10:00Z,81516.4,81536.5,81483.2,81536.5,2103.0
2026-05-06T04:15:00Z,81541.0,81563.4,81472.5,81517.5,4898.0
2026-05-06T04:20:00Z,81517.5,81517.5,81453.2,81468.8,11259.0
2026-05-06T04:25:00Z,81468.8,81486.4,81386.7,81386.7,4856.0
2026-05-06T04:30:00Z,81394.8,81399.9,81299.9,81345.5,5928.0
2026-05-06T04:35:00Z,81342.3,81391.8,81322.5,81338.4,3389.0
2026-05-06T04:40:00Z,81331.1,81370.3,81321.4,81364.5,1760.0
2026-05-06T04:45:00Z,81364.5,81440.0,81308.7,81437.6,5415.0
2026-05-06T04:50:00Z,81440.0,81450.0,81223.6,81321.9,4592.0
2026-05-06T04:55:00Z,81314.0,81317.3,81252.0,81288.8,2176.0
2026-05-06T05:00:00Z,81288.7,81295.6,81208.0,81267.1,10191.0
2026-05-06T05:05:00Z,81280.8,81307.3,81235.0,81259.7,2835.0
2026-05-06T05:10:00Z,81259.7,81270.1,81202.4,81233.0,103717.0
2026-05-06T05:15:00Z,81228.0,81272.6,81208.0,81250.7,8450.0
2026-05-06T05:20:00Z,81250.6,81254.6,81186.5,81221.6,4381.0
2026-05-06T05:25:00Z,81227.0,81247.7,81201.1,81220.0,1981.0
2026-05-06T05:30:00Z,81220.0,81220.0,81160.8,81167.2,2075.0
2026-05-06T05:35:00Z,81160.7,81160.8,81009.6,81027.6,7065.0
2026-05-06T05:40:00Z,81027.6,81138.9,81027.6,81126.3,4521.0
2026-05-06T05:45:00Z,81126.3,81210.7,81126.3,81198.0,2355.0
2026-05-06T05:50:00Z,81208.9,81238.7,81178.5,81184.6,1265.0
2026-05-06T05:55:00Z,81184.6,81286.2,81184.6,81277.9,3326.0
2026-05-06T06:00:00Z,81274.2,81346.1,81274.2,81330.8,7751.0
2026-05-06T06:05:00Z,81333.5,81349.8,81236.5,81236.5,2182.0
2026-05-06T06:10:00Z,81236.5,81238.0,81183.5,81214.2,5424.0
2026-05-06T06:15:00Z,81214.2,81214.2,81161.6,81200.0,6246.0
2026-05-06T06:20:00Z,81221.9,81278.0,81206.0,81274.3,3160.0
2026-05-06T06:25:00Z,81273.9,81346.1,81233.6,81330.6,1828.0
2026-05-06T06:30:00Z,81331.0,81366.0,81297.3,81315.3,32479.0
2026-05-06T06:35:00Z,81315.3,81430.0,81315.2,81383.4,7117.0
2026-05-06T06:40:00Z,81383.4,81418.0,81341.6,81418.0,7312.0
2026-05-06T06:45:00Z,81418.0,81467.0,81418.0,81467.0,4806.0
2026-05-06T06:50:00Z,81466.9,81466.9,81410.0,81447.4,2712.0
2026-05-06T06:55:00Z,81447.4,81460.8,81423.8,81433.0,1151.0
2026-05-06T07:00:00Z,81436.2,81500.0,81429.2,81429.2,8201.0
2026-05-06T07:05:00Z,81425.6,81527.0,81425.6,81520.5,4226.0
2026-05-06T07:10:00Z,81520.6,81571.1,81418.0,81418.0,11583.0
2026-05-06T07:15:00Z,81418.7,81469.9,81417.9,81469.9,3304.0
2026-05-06T07:20:00Z,81469.9,81558.4,81450.0,81481.3,2142.0
2026-05-06T07:25:00Z,81485.2,81554.4,81480.5,81510.8,1269.0
2026-05-06T07:30:00Z,81506.6,81506.6,81411.0,81411.0,4945.0
2026-05-06T07:35:00Z,81411.0,81425.1,81387.5,81425.1,1573.0
2026-05-06T07:40:00Z,81425.1,81425.1,81360.0,81382.1,2000.0
2026-05-06T07:45:00Z,81378.1,81419.9,81351.0,81382.2,1160.0
2026-05-06T07:50:00Z,81380.7,81380.8,81296.6,81313.6,5027.0
2026-05-06T07:55:00Z,81313.6,81336.9,81269.5,81336.9,6176.0
2026-05-06T08:00:00Z,81332.5,81475.9,81290.1,81473.3,5476.0
2026-05-06T08:05:00Z,81473.3,81595.1,81473.3,81510.9,6298.0
2026-05-06T08:10:00Z,81513.6,81558.6,81482.8,81513.3,2895.0
2026-05-06T08:15:00Z,81501.3,81511.7,81470.0,81474.5,1859.0
2026-05-06T08:20:00Z,81475.9,81545.9,81458.0,81524.9,5343.0
2026-05-06T08:25:00Z,81524.9,81531.0,81509.3,81530.9,1403.0
2026-05-06T08:30:00Z,81530.9,81858.4,81530.9,81683.7,144925.0
2026-05-06T08:35:00Z,81683.7,81790.5,81577.0,81626.1,27341.0
2026-05-06T08:40:00Z,81626.1,81698.3,81609.7,81666.7,9088.0
2026-05-06T08:45:00Z,81666.7,81688.9,81596.9,81601.6,8163.0
2026-05-06T08:50:00Z,81601.6,81920.8,81588.2,81865.0,66707.0
2026-05-06T08:55:00Z,81884.8,81940.5,81809.4,81899.9,13043.0
2026-05-06T09:00:00Z,81903.7,81918.6,81720.1,81777.6,18957.0
2026-05-06T09:05:00Z,81772.7,81900.0,81733.1,81812.5,13840.0
2026-05-06T09:10:00Z,81812.5,81899.7,81766.2,81766.3,6245.0
2026-05-06T09:15:00Z,81766.2,81826.4,81766.2,81783.2,6507.0
2026-05-06T09:20:00Z,81772.8,81783.3,81637.1,81680.4,5078.0
2026-05-06T09:25:00Z,81680.4,81722.0,81655.1,81722.0,9587.0
2026-05-06T09:30:00Z,81734.9,81962.6,81720.6,81891.2,17555.0
2026-05-06T09:35:00Z,81901.3,81976.1,81855.7,81976.0,18308.0
2026-05-06T09:40:00Z,81976.1,82017.6,81965.5,81980.0,40210.0
2026-05-06T09:45:00Z,81979.9,81979.9,81724.0,81861.8,28774.0
2026-05-06T09:50:00Z,81861.8,81928.5,81796.8,81915.0,12724.0
2026-05-06T09:55:00Z,81920.0,81959.5,81917.1,81959.5,4254.0
2026-05-06T10:00:00Z,81959.9,82018.2,81932.0,81990.9,13328.0
2026-05-06T10:05:00Z,81981.0,81981.0,81929.9,81973.7,5121.0
2026-05-06T10:10:00Z,81978.2,82096.4,81978.2,81999.0,16920.0
2026-05-06T10:15:00Z,81996.6,82099.9,81960.0,82095.0,15342.0
2026-05-06T10:20:00Z,82095.4,82174.4,82059.1,82117.8,25008.0
2026-05-06T10:25:00Z,82142.0,82234.2,82065.3,82148.2,68833.0
2026-05-06T10:30:00Z,82148.2,82253.8,82114.3,82180.0,16675.0
2026-05-06T10:35:00Z,82178.2,82254.2,82151.2,82202.4,15074.0
2026-05-06T10:40:00Z,82202.3,82258.5,82170.5,82200.0,17629.0
2026-05-06T10:45:00Z,82198.8,82246.5,82109.0,82133.4,9836.0
2026-05-06T10:50:00Z,82143.0,82350.0,82116.6,82300.9,26742.0
2026-05-06T10:55:00Z,82299.7,82318.3,82232.2,82242.0,33195.0
2026-05-06T11:00:00Z,82237.7,82391.9,82216.8,82360.9,41905.0
2026-05-06T11:05:00Z,82360.9,82447.0,82360.0,82414.6,63389.0
2026-05-06T11:10:00Z,82419.6,82424.8,82342.5,82379.9,22818.0
2026-05-06T11:15:00Z,82379.8,82572.0,82372.7,82492.0,87352.0
2026-05-06T11:20:00Z,82492.0,82812.4,82492.0,82720.0,133789.0
2026-05-06T11:25:00Z,82720.0,82774.6,82631.1,82650.0,28007.0
2026-05-06T11:30:00Z,82651.6,82692.4,82600.0,82666.4,33877.0
2026-05-06T11:35:00Z,82670.0,82725.2,82660.0,82676.1,13332.0
2026-05-06T11:40:00Z,82676.0,82710.0,82457.3,82457.6,39522.0
2026-05-06T11:45:00Z,82457.1,82537.3,82436.7,82490.0,23184.0
2026-05-06T11:50:00Z,82494.0,82544.1,82493.0,82509.0,13473.0
2026-05-06T11:55:00Z,82514.2,82521.6,82465.0,82485.4,15325.0
2026-05-06T12:00:00Z,82479.7,82504.5,82327.4,82333.5,38399.0
2026-05-06T12:05:00Z,82339.6,82369.0,82267.8,82302.5,12785.0
2026-05-06T12:10:00Z,82300.1,82349.8,82150.0,82150.0,19535.0
2026-05-06T12:15:00Z,82150.0,82287.2,82146.9,82220.2,12287.0
2026-05-06T12:20:00Z,82228.1,82454.5,82228.1,82374.0,21295.0
2026-05-06T12:25:00Z,82376.3,82413.1,82340.1,82353.1,4342.0
2026-05-06T12:30:00Z,82351.2,82397.2,82311.1,82390.0,9785.0
2026-05-06T12:35:00Z,82390.1,82395.9,82279.9,82308.9,7682.0
2026-05-06T12:40:00Z,82302.1,82302.1,82255.5,82293.7,9265.0
2026-05-06T12:45:00Z,82297.2,82384.1,82264.4,82351.2,4175.0
2026-05-06T12:50:00Z,82348.9,82378.0,82225.0,82266.1,6033.0
2026-05-06T12:55:00Z,82258.5,82323.3,82120.0,82187.9,20243.0
2026-05-06T13:00:00Z,82187.8,82187.8,82008.0,82057.7,32581.0
2026-05-06T13:05:00Z,82055.7,82086.0,81798.2,81989.7,80746.0
2026-05-06T13:10:00Z,81982.1,82130.5,81974.4,82081.2,52146.0
2026-05-06T13:15:00Z,82081.2,82131.3,81984.1,81984.1,41741.0
2026-05-06T13:20:00Z,81992.7,82048.9,81922.3,81950.6,38738.0
2026-05-06T13:25:00Z,81957.7,81957.7,81838.4,81914.1,29478.0
2026-05-06T13:30:00Z,81914.0,82020.0,81808.0,81961.5,13788.0
2026-05-06T13:35:00Z,81988.6,81988.6,81731.7,81820.0,31612.0
2026-05-06T13:40:00Z,81814.3,81891.8,81787.3,81875.4,12563.0
2026-05-06T13:45:00Z,81875.7,81885.6,81550.0,81681.3,61310.0
2026-05-06T13:50:00Z,81680.0,81697.7,81559.8,81693.9,45659.0
2026-05-06T13:55:00Z,81685.5,81751.1,81610.6,81617.4,20320.0
2026-05-06T14:00:00Z,81629.3,81652.2,81353.1,81366.9,80869.0
2026-05-06T14:05:00Z,81353.0,81392.1,81075.8,81392.1,154556.0
2026-05-06T14:10:00Z,81392.0,81421.0,81220.9,81420.2,45005.0
2026-05-06T14:15:00Z,81420.2,81486.6,81260.0,81391.2,51312.0
2026-05-06T14:20:00Z,81391.1,81563.3,81360.0,81544.4,34997.0
2026-05-06T14:25:00Z,81531.8,81720.3,81530.8,81567.2,31968.0
2026-05-06T14:30:00Z,81566.7,81719.9,81566.7,81670.3,19074.0
2026-05-06T14:35:00Z,81682.0,81754.1,81595.1,81698.0,30023.0
2026-05-06T14:40:00Z,81693.1,81830.6,81624.4,81830.6,44709.0
2026-05-06T14:45:00Z,81833.4,81928.0,81647.0,81735.3,42143.0
2026-05-06T14:50:00Z,81735.7,81735.8,81573.3,81623.1,36994.0
2026-05-06T14:55:00Z,81625.9,81671.3,81443.3,81471.6,91246.0
2026-05-06T15:00:00Z,81473.5,81560.1,81441.7,81560.1,20163.0
2026-05-06T15:05:00Z,81560.2,81572.1,81470.4,81521.2,15289.0
2026-05-06T15:10:00Z,81505.5,81505.5,81268.3,81364.9,27069.0
2026-05-06T15:15:00Z,81369.5,81672.5,81364.4,81669.8,86867.0
2026-05-06T15:20:00Z,81676.3,81780.0,81650.0,81700.7,29375.0
2026-05-06T15:25:00Z,81698.8,81702.9,81606.1,81615.9,6595.0
2026-05-06T15:30:00Z,81613.7,81699.9,81591.0,81693.5,24414.0
2026-05-06T15:35:00Z,81667.2,81667.2,81431.4,81458.7,20708.0
2026-05-06T15:40:00Z,81455.8,81639.2,81450.0,81577.4,9205.0
2026-05-06T15:45:00Z,81577.1,81729.8,81577.1,81634.1,4779.0
2026-05-06T15:50:00Z,81634.1,81732.5,81605.0,81700.1,7465.0
2026-05-06T15:55:00Z,81700.1,81730.2,81624.8,81660.0,7078.0
2026-05-06T16:00:00Z,81652.3,81682.1,81532.5,81663.7,27615.0
2026-05-06T16:05:00Z,81664.2,81794.8,81654.4,81779.5,31336.0
2026-05-06T16:10:00Z,81777.8,81853.2,81710.6,81710.6,7258.0
2026-05-06T16:15:00Z,81710.6,81797.9,81635.0,81635.0,39410.0
2026-05-06T16:20:00Z,81628.2,81647.5,81488.3,81542.0,30485.0
2026-05-06T16:25:00Z,81542.0,81589.6,81460.1,81460.1,14662.0
2026-05-06T16:30:00Z,81462.2,81526.3,81385.0,81524.1,37380.0
2026-05-06T16:35:00Z,81524.1,81606.4,81428.8,81600.1,8026.0
2026-05-06T16:40:00Z,81600.1,81656.9,81566.0,81640.8,106351.0
2026-05-06T16:45:00Z,81640.8,81640.8,81585.6,81636.0,1606.0
2026-05-06T16:50:00Z,81641.4,81747.5,81595.3,81625.5,98553.0
2026-05-06T16:55:00Z,81610.5,81669.4,81522.1,81575.3,12091.0
2026-05-06T17:00:00Z,81560.8,81610.1,81480.4,81587.1,39462.0
2026-05-06T17:05:00Z,81587.0,81656.7,81532.8,81596.7,3403.0
2026-05-06T17:10:00Z,81590.3,81654.0,81581.2,81624.5,17998.0
2026-05-06T17:15:00Z,81622.8,81622.8,81352.0,81446.8,37547.0
2026-05-06T17:20:00Z,81446.8,81501.9,81440.2,81455.5,3589.0
2026-05-06T17:25:00Z,81455.5,81470.4,81416.6,81423.6,4631.0
2026-05-06T17:30:00Z,81430.1,81460.6,81428.1,81434.3,8723.0
2026-05-06T17:35:00Z,81434.3,81456.4,81414.7,81449.9,6206.0
2026-05-06T17:40:00Z,81439.9,81502.5,81410.1,81497.0,3317.0
2026-05-06T17:45:00Z,81497.0,81502.5,81347.0,81390.0,19673.0
2026-05-06T17:50:00Z,81390.0,81408.1,81347.4,81399.8,28526.0
2026-05-06T17:55:00Z,81396.5,81449.9,81369.0,81400.0,4008.0
2026-05-06T18:00:00Z,81409.7,81455.8,81360.3,81385.2,11913.0
2026-05-06T18:05:00Z,81385.2,81415.6,81349.0,81390.0,16194.0
2026-05-06T18:10:00Z,81390.3,81426.9,81218.8,81426.9,53714.0
2026-05-06T18:15:00Z,81426.8,81516.9,81398.9,81452.9,26196.0
2026-05-06T18:20:00Z,81445.0,81474.4,81431.9,81435.6,2758.0
2026-05-06T18:25:00Z,81433.4,81477.0,81418.7,81422.7,5551.0
2026-05-06T18:30:00Z,81408.6,81470.0,81300.0,81313.8,13532.0
2026-05-06T18:35:00Z,81317.9,81332.9,81250.0,81275.3,4931.0
2026-05-06T18:40:00Z,81278.0,81363.9,81278.0,81331.5,2546.0
2026-05-06T18:45:00Z,81336.8,81377.7,81312.0,81312.2,2522.0
2026-05-06T18:50:00Z,81312.2,81369.6,81250.0,81357.0,7197.0
2026-05-06T18:55:00Z,81365.0,81377.6,81300.0,81300.0,5276.0
2026-05-06T19:00:00Z,81291.3,81377.7,81291.3,81299.0,23772.0
2026-05-06T19:05:00Z,81298.0,81342.4,81216.4,81290.8,27591.0
2026-05-06T19:10:00Z,81277.2,81277.2,81160.0,81202.3,15638.0
2026-05-06T19:15:00Z,81194.2,81272.7,81137.7,81272.7,12653.0
2026-05-06T19:20:00Z,81272.7,81343.9,81253.8,81268.3,28199.0
2026-05-06T19:25:00Z,81268.3,81292.0,81200.0,81283.0,2165.0
2026-05-06T19:30:00Z,81273.0,81278.6,81208.1,81248.0,2253.0
2026-05-06T19:35:00Z,81230.3,81396.9,81228.9,81396.9,5274.0
2026-05-06T19:40:00Z,81392.7,81438.0,81356.0,81392.7,8169.0
2026-05-06T19:45:00Z,81387.6,81400.0,81361.4,81361.4,2112.0
2026-05-06T19:50:00Z,81367.7,81468.8,81367.7,81455.1,5401.0
2026-05-06T19:55:00Z,81455.1,81462.5,81416.0,81419.1,4894.0
2026-05-06T20:00:00Z,81422.1,81577.2,81420.1,81577.2,44465.0
2026-05-06T20:05:00Z,81577.9,81577.9,81511.9,81532.1,4411.0
2026-05-06T20:10:00Z,81532.1,81614.4,81521.0,81579.9,8412.0
2026-05-06T20:15:00Z,81591.1,81632.1,81591.1,81592.3,11310.0
2026-05-06T20:20:00Z,81592.2,81610.0,81519.8,81582.2,31643.0
2026-05-06T20:25:00Z,81582.2,81655.0,81519.8,81519.8,14364.0
2026-05-06T20:30:00Z,81519.9,81523.3,81256.5,81299.9,23030.0
2026-05-06T20:35:00Z,81299.9,81363.6,81295.9,81332.9,5908.0
2026-05-06T20:40:00Z,81336.2,81366.7,81297.4,81316.2,2387.0
2026-05-06T20:45:00Z,81308.0,81343.3,81264.3,81293.1,21229.0
2026-05-06T20:50:00Z,81293.1,81330.9,81280.1,81330.9,3259.0
2026-05-06T20:55:00Z,81330.9,81379.3,81330.9,81379.3,9783.0
2026-05-06T21:00:00Z,81378.5,81407.9,81370.1,81404.7,2799.0
2026-05-06T21:05:00Z,81404.7,81457.9,81404.6,81446.5,4608.0
2026-05-06T21:10:00Z,81436.7,81436.7,81249.7,81334.1,8223.0
2026-05-06T21:15:00Z,81336.7,81403.8,81336.7,81373.6,19310.0
2026-05-06T21:20:00Z,81373.7,81390.0,81360.9,81383.9,2918.0
2026-05-06T21:25:00Z,81374.3,81405.2,81368.9,81399.8,1217.0
2026-05-06T21:30:00Z,81399.8,81469.7,81386.7,81438.9,1962.0
2026-05-06T21:35:00Z,81438.9,81560.0,81438.9,81548.2,28977.0
2026-05-06T21:40:00Z,81545.1,81578.3,81503.3,81525.5,85732.0
2026-05-06T21:45:00Z,81520.0,81550.4,81476.5,81525.6,9710.0
2026-05-06T21:50:00Z,81525.8,81572.1,81506.1,81565.4,20910.0
2026-05-06T21:55:00Z,81565.4,81565.4,81455.2,81490.3,31838.0
2026-05-06T22:00:00Z,81499.9,81499.9,81415.4,81415.7,4277.0
2026-05-06T22:05:00Z,81424.6,81444.9,81322.4,81333.1,7905.0
2026-05-06T22:10:00Z,81328.8,81366.5,81302.5,81339.0,1581.0
2026-05-06T22:15:00Z,81326.7,81342.0,81260.1,81274.1,2856.0
2026-05-06T22:20:00Z,81269.7,81275.2,81224.7,81256.2,7065.0
2026-05-06T22:25:00Z,81260.7,81269.9,81192.3,81203.7,8751.0
2026-05-06T22:30:00Z,81203.7,81288.7,81203.7,81265.9,10243.0
2026-05-06T22:35:00Z,81265.0,81284.0,81240.6,81267.3,2630.0
2026-05-06T22:40:00Z,81267.3,81280.1,81249.1,81270.9,2352.0
2026-05-06T22:45:00Z,81270.9,81312.2,81211.3,81220.1,6453.0
2026-05-06T22:50:00Z,81220.1,81363.1,81220.1,81339.1,2266.0
2026-05-06T22:55:00Z,81339.0,81344.2,81295.8,81295.9,4090.0
2026-05-06T23:00:00Z,81290.3,81290.3,80939.6,81044.1,97954.0
2026-05-06T23:05:00Z,81053.6,81181.3,81025.1,81150.1,25023.0
2026-05-06T23:10:00Z,81150.0,81253.7,81150.0,81191.3,3567.0
2026-05-06T23:15:00Z,81200.7,81258.2,81179.2,81228.1,16028.0
2026-05-06T23:20:00Z,81228.1,81323.2,81226.2,81323.2,11566.0
2026-05-06T23:25:00Z,81323.3,81357.6,81320.6,81344.4,7002.0
2026-05-06T23:30:00Z,81347.6,81374.6,81300.0,81356.3,3520.0
2026-05-06T23:35:00Z,81350.0,81350.0,81279.8,81303.0,2814.0
2026-05-06T23:40:00Z,81303.0,81341.9,81277.2,81320.6,925.0
2026-05-06T23:45:00Z,81320.6,81355.8,81296.0,81309.9,3431.0
2026-05-06T23:50:00Z,81307.3,81394.6,81286.4,81394.5,2512.0
2026-05-06T23:55:00Z,81394.5,81404.0,81384.6,81390.0,7971.0
2026-05-07T00:00:00Z,81386.9,81440.0,81361.7,81388.7,9362.0
2026-05-07T00:05:00Z,81388.7,81426.5,81333.0,81372.0,4141.0
2026-05-07T00:10:00Z,81371.9,81440.3,81371.9,81386.4,3797.0
2026-05-07T00:15:00Z,81385.6,81388.8,81301.9,81363.9,6630.0
2026-05-07T00:20:00Z,81363.9,81363.9,81225.0,81228.3,11017.0
2026-05-07T00:25:00Z,81243.0,81249.9,81188.0,81188.0,12673.0
2026-05-07T00:30:00Z,81187.9,81199.9,81091.6,81132.6,15408.0
2026-05-07T00:35:00Z,81130.1,81153.2,81042.9,81069.8,4692.0
2026-05-07T00:40:00Z,81069.8,81085.0,80925.4,80984.9,21351.0
2026-05-07T00:45:00Z,80985.0,81090.8,80932.8,81060.3,12933.0
2026-05-07T00:50:00Z,81056.6,81060.3,80970.0,80970.0,28878.0
2026-05-07T00:55:00Z,80970.0,81040.6,80943.8,80966.9,34042.0
2026-05-07T01:00:00Z,80959.8,81045.1,80908.7,80974.2,27634.0
2026-05-07T01:05:00Z,80944.0,81015.1,80771.6,81002.9,63716.0
2026-05-07T01:10:00Z,81015.1,81116.6,81012.4,81098.3,41036.0
2026-05-07T01:15:00Z,81100.0,81115.4,80947.5,81029.3,28815.0
2026-05-07T01:20:00Z,81029.3,81097.4,80929.0,81091.7,25955.0
2026-05-07T01:25:00Z,81094.6,81179.1,81090.0,81160.0,17691.0
2026-05-07T01:30:00Z,81161.5,81205.6,81090.1,81090.2,21767.0
2026-05-07T01:35:00Z,81090.1,81214.5,81089.8,81214.5,7522.0
2026-05-07T01:40:00Z,81214.5,81233.0,81193.9,81231.0,42868.0
2026-05-07T01:45:00Z,81231.0,81231.0,81190.6,81221.9,7927.0
2026-05-07T01:50:00Z,81224.2,81224.2,81076.9,81124.9,6493.0
2026-05-07T01:55:00Z,81123.2,81158.3,81105.3,81123.9,7950.0
2026-05-07T02:00:00Z,81126.2,81132.9,81056.0,81056.0,1491.0
2026-05-07T02:05:00Z,81055.9,81068.0,80960.3,80960.8,14271.0
2026-05-07T02:10:00Z,80960.7,80992.5,80869.0,80876.6,17833.0
2026-05-07T02:15:00Z,80887.4,80934.5,80866.0,80872.6,32859.0
2026-05-07T02:20:00Z,80866.1,80939.2,80838.6,80882.0,25133.0
2026-05-07T02:25:00Z,80865.6,80890.4,80849.9,80890.4,6929.0
2026-05-07T02:30:00Z,80872.5,81000.0,80849.9,80964.1,8182.0
2026-05-07T02:35:00Z,80966.8,80969.6,80905.1,80924.3,1793.0
2026-05-07T02:40:00Z,80928.2,80943.0,80909.8,80920.1,28822.0
2026-05-07T02:45:00Z,80924.2,81044.5,80924.2,81005.7,3207.0
2026-05-07T02:50:00Z,81004.2,81065.2,80994.0,81036.3,4754.0
2026-05-07T02:55:00Z,81036.2,81119.7,81027.2,81056.9,32964.0
2026-05-07T03:00:00Z,81072.7,81072.7,81000.0,81014.7,16884.0
2026-05-07T03:05:00Z,81014.7,81060.0,81000.0,81040.2,18129.0
2026-05-07T03:10:00Z,81040.1,81040.1,80980.0,80980.0,6084.0
2026-05-07T03:15:00Z,80985.0,81033.6,80980.0,80981.7,660.0
2026-05-07T03:20:00Z,80981.7,80981.7,80814.5,80866.0,11810.0
2026-05-07T03:25:00Z,80872.0,80932.7,80872.0,80927.7,1901.0
2026-05-07T03:30:00Z,80927.7,80943.6,80869.9,80874.9,16337.0
2026-05-07T03:35:00Z,80874.0,80942.0,80874.0,80934.0,7254.0
2026-05-07T03:40:00Z,80943.1,80968.8,80923.1,80944.0,8080.0
2026-05-07T03:45:00Z,80952.7,80952.8,80879.8,80891.6,5529.0
2026-05-07T03:50:00Z,80891.6,80964.5,80891.6,80899.2,6323.0
2026-05-07T03:55:00Z,80893.2,80893.2,80784.7,80796.5,37858.0
2026-05-07T04:00:00Z,80796.5,80826.7,80781.5,80781.5,1798.0
2026-05-07T04:05:00Z,80781.6,80789.1,80675.8,80729.9,20106.0
2026-05-07T04:10:00Z,80725.9,80862.6,80725.9,80859.1,14197.0
2026-05-07T04:15:00Z,80823.8,80901.1,80806.2,80898.0,5986.0
2026-05-07T04:20:00Z,80898.0,80936.6,80871.5,80882.9,7005.0
2026-05-07T04:25:00Z,80882.9,80939.6,80869.8,80899.9,2940.0
2026-05-07T04:30:00Z,80891.5,80945.8,80869.9,80872.5,7004.0
2026-05-07T04:35:00Z,80872.5,80892.7,80846.1,80846.1,5546.0
2026-05-07T04:40:00Z,80846.7,80851.1,80824.1,80843.0,3561.0
2026-05-07T04:45:00Z,80847.2,80895.9,80847.2,80895.9,1253.0
2026-05-07T04:50:00Z,80895.9,80949.4,80879.8,80949.4,10828.0
2026-05-07T04:55:00Z,80949.4,80958.9,80919.6,80935.0,13839.0
2026-05-07T05:00:00Z,80939.9,81046.8,80938.2,81046.8,9984.0
2026-05-07T05:05:00Z,81049.8,81056.3,80975.0,80991.1,5035.0
2026-05-07T05:10:00Z,80991.1,81140.0,80991.1,81080.0,56909.0
2026-05-07T05:15:00Z,81080.0,81115.0,81080.0,81106.5,4332.0
2026-05-07T05:20:00Z,81105.5,81105.5,81032.3,81050.9,2611.0
2026-05-07T05:25:00Z,81050.9,81085.0,81014.0,81061.3,24075.0
2026-05-07T05:30:00Z,81063.3,81113.0,81011.3,81011.3,5882.0
2026-05-07T05:35:00Z,81011.3,81041.6,81001.0,81011.6,851.0
2026-05-07T05:40:00Z,81011.6,81039.6,81000.0,81039.6,962.0
2026-05-07T05:45:00Z,81039.5,81039.5,81000.0,81010.1,965.0
2026-05-07T05:50:00Z,81005.2,81023.6,80956.9,81023.6,1723.0
2026-05-07T05:55:00Z,81025.0,81047.3,80989.9,81047.3,1462.0
2026-05-07T06:00:00Z,81041.9,81046.9,81003.2,81019.8,35507.0
2026-05-07T06:05:00Z,81019.8,81019.8,80901.2,80942.3,3424.0
2026-05-07T06:10:00Z,80938.8,80938.8,80845.5,80857.4,3602.0
2026-05-07T06:15:00Z,80856.1,80943.9,80856.1,80918.5,3558.0
2026-05-07T06:20:00Z,80924.1,80972.8,80905.0,80947.4,2187.0
2026-05-07T06:25:00Z,80950.6,80993.3,80926.5,80993.3,5102.0
2026-05-07T06:30:00Z,81000.0,81235.5,80999.9,81235.2,20023.0
2026-05-07T06:35:00Z,81240.0,81319.0,81224.7,81247.4,13234.0
2026-05-07T06:40:00Z,81248.5,81335.9,81248.5,81318.5,7194.0
2026-05-07T06:45:00Z,81318.6,81344.2,81258.4,81258.4,3820.0
2026-05-07T06:50:00Z,81258.4,81340.7,81258.4,81340.7,42628.0
2026-05-07T06:55:00Z,81344.9,81400.2,81344.9,81395.2,11210.0
2026-05-07T07:00:00Z,81395.3,81410.9,81360.0,81383.9,5454.0
2026-05-07T07:05:00Z,81383.9,81494.9,81379.6,81384.3,10254.0
2026-05-07T07:10:00Z,81384.3,81627.5,81384.3,81619.7,20716.0
2026-05-07T07:15:00Z,81622.9,81675.8,81518.6,81561.2,17293.0
2026-05-07T07:20:00Z,81564.9,81608.2,81564.9,81570.1,37384.0
2026-05-07T07:25:00Z,81570.1,81570.3,81520.0,81526.1,4123.0
2026-05-07T07:30:00Z,81529.8,81665.5,81508.0,81631.0,19635.0
2026-05-07T07:35:00Z,81634.3,81634.3,81558.0,81579.2,1369.0
2026-05-07T07:40:00Z,81579.2,81592.2,81536.8,81549.9,8080.0
2026-05-07T07:45:00Z,81549.9,81560.0,81467.1,81482.8,4281.0
2026-05-07T07:50:00Z,81482.8,81509.7,81422.7,81422.7,3924.0
2026-05-07T07:55:00Z,81422.7,81496.2,81422.7,81483.3,3532.0
2026-05-07T08:00:00Z,81487.4,81550.4,81416.7,81500.1,354622.0
2026-05-07T08:05:00Z,81500.1,81562.2,81500.1,81548.9,9740.0
2026-05-07T08:10:00Z,81546.7,81546.8,81440.1,81472.6,3535.0
2026-05-07T08:15:00Z,81472.6,81472.6,81338.7,81349.6,19645.0
2026-05-07T08:20:00Z,81349.8,81373.8,81293.6,81373.8,13995.0
2026-05-07T08:25:00Z,81387.5,81394.4,81323.3,81385.1,3949.0
2026-05-07T08:30:00Z,81382.7,81450.0,81312.3,81314.5,5736.0
2026-05-07T08:35:00Z,81320.2,81336.8,81232.1,81294.7,5709.0
2026-05-07T08:40:00Z,81298.0,81298.7,81206.8,81213.1,26120.0
2026-05-07T08:45:00Z,81213.1,81220.0,81161.6,81220.0,8065.0
2026-05-07T08:50:00Z,81220.0,81272.7,81219.9,81242.5,5245.0
2026-05-07T08:55:00Z,81242.5,81242.5,81165.0,81192.0,5571.0
2026-05-07T09:00:00Z,81188.1,81188.1,81083.0,81111.9,10005.0
2026-05-07T09:05:00Z,81112.0,81135.6,81078.3,81125.3,9626.0
2026-05-07T09:10:00Z,81125.3,81149.1,81100.0,81128.9,1752.0
2026-05-07T09:15:00Z,81150.0,81188.0,81130.8,81140.9,3555.0
2026-05-07T09:20:00Z,81140.9,81149.3,81040.8,81045.0,5865.0
2026-05-07T09:25:00Z,81045.0,81055.6,80945.0,80983.7,14380.0
2026-05-07T09:30:00Z,80995.0,81053.8,80955.9,81041.9,7584.0
2026-05-07T09:35:00Z,81038.9,81064.9,80886.8,80891.9,30077.0
2026-05-07T09:40:00Z,80886.7,80966.7,80811.4,80855.5,15664.0
2026-05-07T09:45:00Z,80855.5,80924.3,80846.7,80924.3,6281.0
2026-05-07T09:50:00Z,80928.3,80928.3,80857.2,80902.7,8736.0
2026-05-07T09:55:00Z,80902.7,80916.8,80888.6,80900.1,3771.0
2026-05-07T10:00:00Z,80900.0,80954.3,80852.7,80921.5,9994.0
2026-05-07T10:05:00Z,80921.5,80945.3,80910.5,80911.1,3208.0
2026-05-07T10:10:00Z,80911.1,80911.1,80781.6,80844.9,13325.0
2026-05-07T10:15:00Z,80840.0,80899.9,80823.0,80833.4,2838.0
2026-05-07T10:20:00Z,80833.4,80866.6,80751.1,80751.2,6486.0
2026-05-07T10:25:00Z,80751.1,80763.5,80533.3,80573.7,39370.0
2026-05-07T10:30:00Z,80573.4,80716.8,80573.4,80672.8,20078.0
2026-05-07T10:35:00Z,80671.5,80770.0,80633.4,80770.0,5100.0
2026-05-07T10:40:00Z,80769.9,80848.8,80769.8,80844.7,9566.0
2026-05-07T10:45:00Z,80844.7,80870.1,80789.9,80790.3,3954.0
2026-05-07T10:50:00Z,80790.0,80817.9,80772.8,80803.2,4912.0
2026-05-07T10:55:00Z,80803.1,80808.0,80790.0,80800.0,4212.0
2026-05-07T11:00:00Z,80799.9,80928.9,80789.0,80928.9,13200.0
2026-05-07T11:05:00Z,80928.9,81005.7,80889.0,80952.7,24889.0
2026-05-07T11:10:00Z,80949.7,80949.7,80888.9,80903.1,10037.0
2026-05-07T11:15:00Z,80903.1,80903.1,80818.3,80853.8,3188.0
2026-05-07T11:20:00Z,80853.8,80945.5,80830.0,80945.5,5797.0
2026-05-07T11:25:00Z,80945.5,80945.5,80847.4,80847.4,2279.0
2026-05-07T11:30:00Z,80851.9,80932.7,80851.9,80932.6,1713.0
2026-05-07T11:35:00Z,80932.6,80944.3,80883.4,80942.5,1557.0
2026-05-07T11:40:00Z,80942.5,80952.8,80935.0,80940.1,3662.0
2026-05-07T11:45:00Z,80940.0,80944.0,80816.7,80816.7,9513.0
2026-05-07T11:50:00Z,80817.4,80834.0,80738.3,80808.5,4268.0
2026-05-07T11:55:00Z,80808.5,80868.6,80805.4,80827.9,3750.0
2026-05-07T12:00:00Z,80823.4,80966.3,80799.9,80942.5,10888.0
2026-05-07T12:05:00Z,80950.9,80952.4,80889.5,80942.2,3516.0
2026-05-07T12:10:00Z,80947.9,81055.0,80947.9,81047.6,13744.0
2026-05-07T12:15:00Z,81051.6,81055.4,80958.5,80958.7,53867.0
2026-05-07T12:20:00Z,80958.6,80980.0,80935.1,80969.6,1884.0
2026-05-07T12:25:00Z,80969.6,81040.1,80963.8,81027.0,3773.0
2026-05-07T12:30:00Z,81027.0,81050.0,80980.5,81003.8,8877.0
2026-05-07T12:35:00Z,81001.0,81027.5,80965.1,81019.0,5386.0
2026-05-07T12:40:00Z,81019.4,81030.0,80985.2,81030.0,4506.0
2026-05-07T12:45:00Z,81030.5,81080.8,80973.6,81013.0,6997.0
2026-05-07T12:50:00Z,81013.0,81123.6,81013.0,81123.3,7742.0
2026-05-07T12:55:00Z,81125.0,81149.0,81072.1,81118.5,4345.0
2026-05-07T13:00:00Z,81114.4,81121.0,81035.8,81072.7,6501.0
2026-05-07T13:05:00Z,81072.8,81072.8,80962.2,80980.2,2982.0
2026-05-07T13:10:00Z,80980.0,81001.2,80856.9,80888.5,11711.0
2026-05-07T13:15:00Z,80888.4,81025.5,80827.3,81021.3,13720.0
2026-05-07T13:20:00Z,81021.3,81103.8,80986.0,81057.6,15534.0
2026-05-07T13:25:00Z,81053.9,81053.9,80880.1,80915.1,19698.0
2026-05-07T13:30:00Z,80919.0,80919.0,80714.1,80775.3,16331.0
2026-05-07T13:35:00Z,80783.6,80797.2,80622.9,80648.2,52537.0
2026-05-07T13:40:00Z,80642.3,80677.0,80516.9,80522.8,26839.0
2026-05-07T13:45:00Z,80552.7,80600.0,80239.2,80279.5,102031.0
2026-05-07T13:50:00Z,80279.4,80481.4,80197.8,80440.3,68080.0
2026-05-07T13:55:00Z,80450.0,80548.5,80448.4,80464.2,49813.0
2026-05-07T14:00:00Z,80451.3,80500.0,80371.2,80388.6,54282.0
2026-05-07T14:05:00Z,80395.9,80478.3,80315.7,80455.0,9418.0
2026-05-07T14:10:00Z,80468.6,80650.0,80450.0,80630.2,17690.0
2026-05-07T14:15:00Z,80630.2,80645.1,80400.0,80435.0,12262.0
2026-05-07T14:20:00Z,80422.3,80519.9,80400.0,80475.1,13940.0
2026-05-07T14:25:00Z,80470.0,80512.0,80356.6,80366.2,9550.0
2026-05-07T14:30:00Z,80370.0,80400.5,80141.8,80163.1,36077.0
2026-05-07T14:35:00Z,80164.3,80189.5,80001.8,80096.0,95109.0
2026-05-07T14:40:00Z,80099.3,80168.3,80050.6,80110.9,30625.0
2026-05-07T14:45:00Z,80111.7,80224.6,80091.2,80184.9,18766.0
2026-05-07T14:50:00Z,80184.1,80265.0,80184.1,80226.1,43899.0
2026-05-07T14:55:00Z,80229.5,80264.1,80088.0,80130.1,135392.0
2026-05-07T15:00:00Z,80137.6,80150.0,80048.2,80099.7,21922.0
2026-05-07T15:05:00Z,80099.7,80219.7,80035.1,80219.5,21464.0
2026-05-07T15:10:00Z,80219.5,80238.9,80091.6,80118.2,22858.0
2026-05-07T15:15:00Z,80118.2,80173.9,79870.1,79943.3,83371.0
2026-05-07T15:20:00Z,79946.4,79956.1,79765.5,79801.9,55837.0
2026-05-07T15:25:00Z,79806.9,79916.1,79647.0,79818.6,83730.0
2026-05-07T15:30:00Z,79800.0,79990.0,79762.4,79940.9,34059.0
2026-05-07T15:35:00Z,79941.0,79999.9,79908.0,79933.0,16482.0
2026-05-07T15:40:00Z,79917.7,80023.3,79878.8,79938.1,106092.0
2026-05-07T15:45:00Z,79936.7,80011.9,79928.9,79986.5,19752.0
2026-05-07T15:50:00Z,79984.9,80023.2,79906.3,79982.0,17128.0
2026-05-07T15:55:00Z,79980.3,79980.3,79815.7,79848.4,16170.0
2026-05-07T16:00:00Z,79858.5,79924.8,79788.7,79820.1,35272.0
2026-05-07T16:05:00Z,79807.3,79807.6,79671.1,79806.8,25634.0
2026-05-07T16:10:00Z,79803.2,79804.0,79700.7,79802.8,4855.0
2026-05-07T16:15:00Z,79802.8,79802.8,79672.0,79706.9,13068.0
2026-05-07T16:20:00Z,79719.7,79895.7,79711.5,79874.0,24942.0
2026-05-07T16:25:00Z,79880.9,79975.0,79879.8,79959.3,28397.0
2026-05-07T16:30:00Z,79959.4,79988.0,79852.9,79861.0,15211.0
2026-05-07T16:35:00Z,79855.6,79855.6,79724.6,79781.5,10404.0
2026-05-07T16:40:00Z,79780.7,79855.6,79743.1,79855.6,7251.0
2026-05-07T16:45:00Z,79858.6,79900.0,79845.4,79868.3,4804.0
2026-05-07T16:50:00Z,79868.3,79868.3,79803.2,79838.3,4662.0
2026-05-07T16:55:00Z,79843.5,79867.2,79719.4,79763.2,10410.0
2026-05-07T17:00:00Z,79748.0,79833.3,79734.5,79805.3,2503.0
2026-05-07T17:05:00Z,79799.4,79900.0,79780.0,79811.0,12200.0
2026-05-07T17:10:00Z,79811.0,79854.9,79780.0,79854.9,2878.0
2026-05-07T17:15:00Z,79846.2,79850.1,79680.0,79697.5,20077.0
2026-05-07T17:20:00Z,79688.1,79836.5,79676.0,79836.5,8739.0
2026-05-07T17:25:00Z,79825.1,79883.8,79461.5,79650.3,153647.0
2026-05-07T17:30:00Z,79650.7,79782.3,79619.2,79739.6,25913.0
2026-05-07T17:35:00Z,79740.6,79833.4,79691.1,79829.6,215113.0
2026-05-07T17:40:00Z,79825.2,79880.0,79821.2,79837.4,7385.0
2026-05-07T17:45:00Z,79849.7,79893.8,79800.0,79830.8,21518.0
2026-05-07T17:50:00Z,79830.8,79910.0,79818.1,79900.8,36040.0
2026-05-07T17:55:00Z,79909.3,80091.0,79909.3,80053.3,28223.0
2026-05-07T18:00:00Z,80054.7,80148.8,80043.6,80100.0,90422.0
2026-05-07T18:05:00Z,80108.7,80178.8,80064.0,80071.4,52474.0
2026-05-07T18:10:00Z,80064.9,80138.8,80047.8,80111.6,7928.0
2026-05-07T18:15:00Z,80111.6,80159.0,80090.0,80122.4,8948.0
2026-05-07T18:20:00Z,80140.1,80161.2,80116.7,80155.0,6515.0
2026-05-07T18:25:00Z,80146.5,80150.6,80090.0,80090.0,6209.0
2026-05-07T18:30:00Z,80090.1,80186.4,80090.0,80142.0,18970.0
2026-05-07T18:35:00Z,80149.0,80200.0,80121.6,80193.0,23411.0
2026-05-07T18:40:00Z,80200.0,80208.0,80022.3,80075.3,25524.0
2026-05-07T18:45:00Z,80087.2,80120.4,80013.6,80015.0,7364.0
2026-05-07T18:50:00Z,80012.2,80063.6,79957.2,80063.6,16805.0
2026-05-07T18:55:00Z,80063.7,80228.0,80063.7,80164.0,14767.0
2026-05-07T19:00:00Z,80160.1,80160.1,80034.4,80038.5,9469.0
2026-05-07T19:05:00Z,80042.6,80077.8,80016.1,80046.3,8440.0
2026-05-07T19:10:00Z,80053.9,80139.2,80040.1,80115.6,2597.0
2026-05-07T19:15:00Z,80115.6,80148.0,79920.9,79981.3,4674.0
2026-05-07T19:20:00Z,79981.4,80006.2,79908.3,79919.5,200701.0
2026-05-07T19:25:00Z,79919.6,79952.8,79888.7,79929.6,4729.0
2026-05-07T19:30:00Z,79926.4,80015.5,79926.4,80010.2,5531.0
2026-05-07T19:35:00Z,80015.5,80138.7,80007.8,80130.7,85485.0
2026-05-07T19:40:00Z,80127.4,80130.8,80078.1,80085.2,16956.0
2026-05-07T19:45:00Z,80095.2,80111.7,80048.0,80091.2,12260.0
2026-05-07T19:50:00Z,80111.7,80175.6,79961.9,80016.8,8379.0
2026-05-07T19:55:00Z,80012.9,80099.2,80012.9,80099.2,2966.0
2026-05-07T20:00:00Z,80100.0,80331.5,80100.0,80216.8,41390.0
2026-05-07T20:05:00Z,80210.2,80210.2,80158.5,80164.2,7651.0
2026-05-07T20:10:00Z,80164.2,80164.2,80100.6,80100.6,4468.0
2026-05-07T20:15:00Z,80100.5,80133.2,80074.1,80076.9,4037.0
2026-05-07T20:20:00Z,80076.7,80123.2,80045.0,80101.9,4796.0
2026-05-07T20:25:00Z,80098.9,80143.5,80076.0,80139.2,4513.0
2026-05-07T20:30:00Z,80139.2,80139.2,80033.5,80033.5,2495.0
2026-05-07T20:35:00Z,80033.5,80048.5,79880.5,79888.5,14814.0
2026-05-07T20:40:00Z,79893.8,79940.0,79851.0,79924.9,22920.0
2026-05-07T20:45:00Z,79927.1,79959.7,79890.9,79955.5,8582.0
2026-05-07T20:50:00Z,79959.2,79969.3,79900.6,79900.6,6736.0
2026-05-07T20:55:00Z,79900.6,79900.6,79804.7,79838.2,251291.0
2026-05-07T21:00:00Z,79857.9,79857.9,79755.8,79801.5,12605.0
2026-05-07T21:05:00Z,79801.4,79801.4,79588.7,79624.7,33426.0
2026-05-07T21:10:00Z,79624.7,79756.4,79624.6,79742.4,33482.0
2026-05-07T21:15:00Z,79742.3,79830.6,79668.8,79819.2,12524.0
2026-05-07T21:20:00Z,79819.1,79828.0,79772.3,79820.0,6746.0
2026-05-07T21:25:00Z,79822.0,79875.3,79822.0,79875.2,7813.0
2026-05-07T21:30:00Z,79875.6,79880.0,79833.3,79856.3,16374.0
2026-05-07T21:35:00Z,79876.4,79880.0,79831.1,79838.8,15554.0
2026-05-07T21:40:00Z,79834.5,79834.5,79722.6,79722.6,6631.0
2026-05-07T21:45:00Z,79722.7,79810.3,79705.5,79793.5,14622.0
2026-05-07T21:50:00Z,79789.0,79789.0,79731.1,79749.3,1072.0
2026-05-07T21:55:00Z,79749.3,79770.0,79676.6,79676.6,3328.0
2026-05-07T22:00:00Z,79666.7,79715.6,79580.5,79644.0,7977.0
2026-05-07T22:05:00Z,79631.0,79642.3,79534.5,79612.9,30352.0
2026-05-07T22:10:00Z,79615.5,79807.7,79607.8,79769.0,11008.0
2026-05-07T22:15:00Z,79771.7,79872.4,79771.7,79857.9,4610.0
2026-05-07T22:20:00Z,79857.9,79939.3,79857.9,79900.0,35146.0
2026-05-07T22:25:00Z,79900.0,79900.0,79851.3,79851.3,7368.0
2026-05-07T22:30:00Z,79833.4,79904.8,79714.2,79714.2,3854.0
2026-05-07T22:35:00Z,79703.0,79810.1,79703.0,79792.2,9512.0
2026-05-07T22:40:00Z,79807.3,79833.3,79769.5,79785.6,51392.0
2026-05-07T22:45:00Z,79785.6,79846.3,79778.0,79830.5,1252.0
2026-05-07T22:50:00Z,79830.4,79886.8,79830.4,79868.9,39400.0
2026-05-07T22:55:00Z,79868.5,79923.3,79859.8,79872.1,67280.0
2026-05-07T23:00:00Z,79860.1,79920.0,79843.1,79920.0,3262.0
2026-05-07T23:05:00Z,79920.0,79971.2,79898.5,79950.1,36144.0
2026-05-07T23:10:00Z,79950.1,79965.8,79900.0,79909.7,1111.0
2026-05-07T23:15:00Z,79915.4,79934.1,79820.0,79820.0,2715.0
2026-05-07T23:20:00Z,79820.1,79920.0,79820.1,79888.0,7077.0
2026-05-07T23:25:00Z,79888.0,79946.9,79888.0,79905.5,2889.0
2026-05-07T23:30:00Z,79905.5,79918.1,79880.0,79880.0,1300.0
2026-05-07T23:35:00Z,79880.0,79959.9,79871.9,79947.1,991.0
2026-05-07T23:40:00Z,79947.1,79980.0,79947.0,79972.6,1897.0
2026-05-07T23:45:00Z,79972.6,79999.0,79964.2,79999.0,2270.0
2026-05-07T23:50:00Z,79999.0,80026.3,79967.9,79968.7,3746.0
2026-05-07T23:55:00Z,79968.7,79994.6,79957.9,79968.1,619.0
2026-05-08T00:00:00Z,79983.0,80018.7,79962.0,79994.7,672.0
2026-05-08T00:05:00Z,79994.7,80033.3,79993.7,80024.2,1767.0
2026-05-08T00:10:00Z,80024.2,80064.5,79997.2,80024.2,4048.0
2026-05-08T00:15:00Z,80032.6,80039.1,79935.5,80032.0,3129.0
2026-05-08T00:20:00Z,80026.0,80088.4,79986.4,80078.9,45583.0
2026-05-08T00:25:00Z,80078.9,80086.2,79937.4,79972.6,2583.0
2026-05-08T00:30:00Z,79972.6,79996.1,79943.9,79946.6,2712.0
2026-05-08T00:35:00Z,79956.7,79960.0,79858.1,79881.6,11721.0
2026-05-08T00:40:00Z,79877.2,79895.7,79861.5,79871.4,3190.0
2026-05-08T00:45:00Z,79861.6,79861.6,79785.4,79825.1,10981.0
2026-05-08T00:50:00Z,79824.4,79824.4,79728.3,79740.0,10011.0
2026-05-08T00:55:00Z,79735.3,79794.1,79686.7,79794.1,6305.0
2026-05-08T01:00:00Z,79794.8,79861.1,79794.8,79817.7,13588.0
2026-05-08T01:05:00Z,79817.7,79817.8,79714.5,79750.1,4680.0
2026-05-08T01:10:00Z,79735.1,79735.1,79657.5,79657.8,1987.0
2026-05-08T01:15:00Z,79657.7,79750.0,79572.5,79734.3,12092.0
2026-05-08T01:20:00Z,79736.0,79736.0,79634.8,79662.8,2681.0
2026-05-08T01:25:00Z,79662.8,79712.9,79660.0,79706.1,1614.0
2026-05-08T01:30:00Z,79706.1,79777.2,79684.1,79756.3,2590.0
2026-05-08T01:35:00Z,79756.2,79756.2,79659.9,79738.4,3760.0
2026-05-08T01:40:00Z,79738.4,79787.4,79735.9,79750.2,2632.0
2026-05-08T01:45:00Z,79750.2,79784.1,79728.1,79737.0,1171.0
2026-05-08T01:50:00Z,79735.8,79735.9,79699.0,79709.1,1128.0
2026-05-08T01:55:00Z,79709.1,79724.0,79682.3,79699.9,1384.0
2026-05-08T02:00:00Z,79703.6,79715.1,79501.0,79580.0,15395.0
2026-05-08T02:05:00Z,79582.4,79603.9,79472.1,79549.0,9769.0
2026-05-08T02:10:00Z,79550.1,79624.3,79520.1,79583.1,27294.0
2026-05-08T02:15:00Z,79583.1,79591.1,79298.6,79341.0,60361.0
2026-05-08T02:20:00Z,79348.6,79480.0,79348.6,79468.6,14615.0
2026-05-08T02:25:00Z,79452.3,79488.0,79430.0,79446.2,4233.0
2026-05-08T02:30:00Z,79450.0,79636.7,79420.0,79594.1,13124.0
2026-05-08T02:35:00Z,79594.2,79629.5,79474.8,79500.8,5594.0
2026-05-08T02:40:00Z,79507.7,79546.6,79502.3,79512.7,5405.0
2026-05-08T02:45:00Z,79500.5,79570.9,79500.5,79570.9,2622.0
2026-05-08T02:50:00Z,79564.7,79588.3,79485.8,79486.0,2921.0
2026-05-08T02:55:00Z,79486.0,79486.0,79410.2,79453.1,13917.0
2026-05-08T03:00:00Z,79449.7,79449.7,79222.0,79242.3,23319.0
2026-05-08T03:05:00Z,79236.0,79339.9,79152.6,79317.6,34179.0
2026-05-08T03:10:00Z,79323.9,79457.7,79323.9,79435.3,14731.0
2026-05-08T03:15:00Z,79435.3,79584.6,79435.3,79538.2,14542.0
2026-05-08T03:20:00Z,79538.2,79579.7,79531.0,79560.9,6687.0
2026-05-08T03:25:00Z,79552.5,79555.7,79503.7,79550.0,5440.0
2026-05-08T03:30:00Z,79550.0,79600.0,79550.0,79591.1,9763.0
2026-05-08T03:35:00Z,79591.1,79600.0,79571.1,79585.0,3676.0
2026-05-08T03:40:00Z,79588.0,79610.4,79578.4,79610.3,1942.0
2026-05-08T03:45:00Z,79608.9,79632.5,79548.7,79554.6,6791.0
2026-05-08T03:50:00Z,79550.0,79571.5,79542.7,79563.0,6942.0
2026-05-08T03:55:00Z,79561.4,79561.4,79535.5,79536.6,2483.0
2026-05-08T04:00:00Z,79536.0,79595.9,79535.4,79584.6,48863.0
2026-05-08T04:05:00Z,79584.6,79614.8,79582.3,79605.3,27130.0
2026-05-08T04:10:00Z,79601.6,79688.0,79601.6,79688.0,4262.0
2026-05-08T04:15:00Z,79686.1,79690.8,79635.1,79690.8,2185.0
2026-05-08T04:20:00Z,79690.8,79719.0,79668.9,79670.3,4773.0
2026-05-08T04:25:00Z,79672.6,79688.6,79635.1,79688.6,1746.0
2026-05-08T04:30:00Z,79691.2,79698.5,79611.5,79611.5,3467.0
2026-05-08T04:35:00Z,79611.5,79626.3,79581.0,79590.4,1550.0
2026-05-08T04:40:00Z,79586.4,79586.4,79506.4,79527.9,9419.0
2026-05-08T04:45:00Z,79531.7,79581.5,79531.7,79577.6,5703.0
2026-05-08T04:50:00Z,79595.5,79642.3,79573.1,79642.3,3896.0
2026-05-08T04:55:00Z,79642.3,79642.4,79616.1,79619.0,4939.0
2026-05-08T05:00:00Z,79619.0,79628.7,79560.1,79566.3,2756.0
2026-05-08T05:05:00Z,79566.3,79635.2,79566.3,79608.3,2599.0
2026-05-08T05:10:00Z,79597.0,79628.5,79582.9,79601.8,3767.0
2026-05-08T05:15:00Z,79601.9,79625.3,79563.5,79563.5,964.0
2026-05-08T05:20:00Z,79560.0,79578.0,79557.1,79578.0,1563.0
2026-05-08T05:25:00Z,79578.0,79600.0,79569.1,79587.9,4355.0
2026-05-08T05:30:00Z,79587.9,79656.6,79587.9,79651.0,3250.0
2026-05-08T05:35:00Z,79651.0,79678.0,79635.5,79678.0,2026.0
2026-05-08T05:40:00Z,79678.0,79711.6,79674.0,79711.6,1741.0
2026-05-08T05:45:00Z,79707.3,79741.7,79614.3,79650.0,16296.0
2026-05-08T05:50:00Z,79653.7,79667.1,79631.6,79637.9,3552.0
2026-05-08T05:55:00Z,79637.9,79637.9,79560.2,79560.2,4447.0
2026-05-08T06:00:00Z,79560.2,79560.2,79408.0,79492.7,12308.0
2026-05-08T06:05:00Z,79494.4,79501.4,79424.4,79473.6,2508.0
2026-05-08T06:10:00Z,79473.6,79579.6,79455.7,79563.1,7000.0
2026-05-08T06:15:00Z,79563.1,79615.9,79563.1,79600.1,19742.0
2026-05-08T06:20:00Z,79600.1,79600.1,79550.0,79550.0,2191.0
2026-05-08T06:25:00Z,79550.0,79552.7,79506.6,79513.4,1699.0
2026-05-08T06:30:00Z,79521.3,79522.4,79425.3,79436.3,2404.0
2026-05-08T06:35:00Z,79436.3,79516.3,79370.0,79516.3,5882.0
2026-05-08T06:40:00Z,79517.4,79562.4,79509.7,79518.2,2141.0
2026-05-08T06:45:00Z,79513.7,79519.6,79457.5,79475.0,2730.0
2026-05-08T06:50:00Z,79477.7,79500.0,79453.9,79484.1,2346.0
2026-05-08T06:55:00Z,79484.0,79490.0,79441.0,79489.9,8339.0
2026-05-08T07:00:00Z,79469.8,79469.8,79392.9,79397.1,7052.0
2026-05-08T07:05:00Z,79393.7,79393.7,79252.6,79356.3,13380.0
2026-05-08T07:10:00Z,79356.3,79378.3,79287.8,79295.3,4218.0
2026-05-08T07:15:00Z,79283.8,79349.0,79283.8,79302.6,3630.0
2026-05-08T07:20:00Z,79299.2,79361.3,79245.7,79245.7,4141.0
2026-05-08T07:25:00Z,79243.6,79314.9,79216.2,79314.9,3738.0
2026-05-08T07:30:00Z,79318.8,79472.6,79318.8,79454.1,5955.0
2026-05-08T07:35:00Z,79453.3,79505.9,79447.2,79489.6,3397.0
2026-05-08T07:40:00Z,79489.6,79558.5,79489.2,79535.2,13083.0
2026-05-08T07:45:00Z,79533.3,79680.0,79520.6,79642.8,19683.0
2026-05-08T07:50:00Z,79649.5,79677.5,79621.0,79673.3,5669.0
2026-05-08T07:55:00Z,79673.4,79684.6,79608.9,79649.0,3983.0
2026-05-08T08:00:00Z,79632.9,79676.0,79626.0,79673.2,4366.0
2026-05-08T08:05:00Z,79673.2,79687.3,79651.1,79665.6,3302.0
2026-05-08T08:10:00Z,79665.6,79706.0,79646.2,79687.9,22513.0
2026-05-08T08:15:00Z,79688.6,79724.1,79688.6,79697.1,3275.0
2026-05-08T08:20:00Z,79697.1,79708.1,79661.3,79707.7,4137.0
2026-05-08T08:25:00Z,79686.1,79736.0,79684.1,79716.2,5785.0
2026-05-08T08:30:00Z,79716.2,79729.3,79708.9,79708.9,5723.0
2026-05-08T08:35:00Z,79713.0,79845.7,79712.8,79808.4,14918.0
2026-05-08T08:40:00Z,79808.4,79844.7,79780.2,79842.7,11962.0
2026-05-08T08:45:00Z,79842.7,79948.2,79839.3,79904.4,14861.0
2026-05-08T08:50:00Z,79904.4,79934.2,79877.0,79916.8,6335.0
2026-05-08T08:55:00Z,79916.8,79916.8,79839.9,79844.7,2012.0
2026-05-08T09:00:00Z,79846.7,79864.4,79789.9,79810.4,4515.0
2026-05-08T09:05:00Z,79810.4,79937.0,79810.3,79932.4,4551.0
2026-05-08T09:10:00Z,79937.0,79968.0,79925.1,79938.6,5248.0
2026-05-08T09:15:00Z,79938.6,79940.1,79900.0,79926.4,12188.0
2026-05-08T09:20:00Z,79926.6,79988.5,79921.9,79944.7,6733.0
2026-05-08T09:25:00Z,79944.7,80025.6,79866.0,79866.0,17023.0
2026-05-08T09:30:00Z,79864.8,79897.3,79833.4,79868.3,3641.0
2026-05-08T09:35:00Z,79868.3,79888.8,79814.0,79824.1,5503.0
2026-05-08T09:40:00Z,79820.9,79824.3,79798.0,79806.8,2989.0
2026-05-08T09:45:00Z,79812.1,79820.2,79750.0,79799.9,5443.0
2026-05-08T09:50:00Z,79784.1,79828.2,79766.5,79828.1,2815.0
2026-05-08T09:55:00Z,79828.1,79844.3,79810.7,79829.7,2646.0
2026-05-08T10:00:00Z,79835.2,79984.3,79835.2,79969.9,8174.0
2026-05-08T10:05:00Z,79970.0,79971.1,79746.8,79757.4,25421.0
2026-05-08T10:10:00Z,79772.1,79799.4,79742.7,79786.1,14433.0
2026-05-08T10:15:00Z,79786.1,79836.9,79778.3,79822.7,11559.0
2026-05-08T10:20:00Z,79822.7,79850.0,79775.1,79841.6,13103.0
2026-05-08T10:25:00Z,79841.6,79881.1,79833.4,79860.3,2171.0
2026-05-08T10:30:00Z,79860.3,79937.0,79860.2,79920.5,14347.0
2026-05-08T10:35:00Z,79934.3,80054.0,79928.1,80007.0,18454.0
2026-05-08T10:40:00Z,80007.1,80134.0,80000.0,80115.0,16486.0
2026-05-08T10:45:00Z,80117.0,80139.2,80088.0,80118.2,11449.0
2026-05-08T10:50:00Z,80119.9,80190.2,80119.9,80164.0,46209.0
2026-05-08T10:55:00Z,80171.1,80226.0,80113.0,80160.1,9920.0
2026-05-08T11:00:00Z,80172.8,80274.5,80146.0,80200.4,25586.0
2026-05-08T11:05:00Z,80192.5,80244.0,80150.1,80161.5,11295.0
2026-05-08T11:10:00Z,80164.9,80190.0,80151.4,80179.1,12068.0
2026-05-08T11:15:00Z,80182.2,80187.4,80150.0,80166.0,33734.0
2026-05-08T11:20:00Z,80166.0,80229.3,80142.4,80228.1,3799.0
2026-05-08T11:25:00Z,80228.1,80268.5,80213.8,80250.9,7001.0
2026-05-08T11:30:00Z,80263.9,80274.4,80208.7,80209.0,4061.0
2026-05-08T11:35:00Z,80209.9,80240.0,80140.0,80164.0,2733.0
2026-05-08T11:40:00Z,80164.1,80168.0,80089.3,80092.1,15132.0
2026-05-08T11:45:00Z,80105.1,80188.3,80105.0,80182.4,22651.0
2026-05-08T11:50:00Z,80185.2,80236.0,80174.4,80209.3,1063.0
2026-05-08T11:55:00Z,80207.7,80207.7,80160.3,80181.8,23508.0
2026-05-08T12:00:00Z,80181.8,80264.1,80177.7,80199.4,12720.0
2026-05-08T12:05:00Z,80199.2,80206.4,80147.8,80147.8,16394.0
2026-05-08T12:10:00Z,80150.3,80222.3,80091.8,80222.3,7671.0
2026-05-08T12:15:00Z,80222.2,80270.0,80206.5,80255.1,33643.0
2026-05-08T12:20:00Z,80251.8,80266.4,80222.0,80250.4,3308.0
2026-05-08T12:25:00Z,80250.5,80276.9,80217.9,80271.7,6085.0
2026-05-08T12:30:00Z,80276.8,80464.9,80137.4,80212.8,39469.0
2026-05-08T12:35:00Z,80210.1,80236.4,80150.4,80163.0,226614.0
2026-05-08T12:40:00Z,80163.0,80200.0,80163.0,80177.1,2344.0
2026-05-08T12:45:00Z,80173.5,80173.5,80059.2,80059.6,235516.0
2026-05-08T12:50:00Z,80059.0,80075.5,79956.0,80075.5,214504.0
2026-05-08T12:55:00Z,80075.5,80114.2,79931.9,79987.6,54911.0
2026-05-08T13:00:00Z,79995.1,80053.9,79969.7,80017.1,7660.0
2026-05-08T13:05:00Z,80017.0,80053.9,79833.2,79860.4,150693.0
2026-05-08T13:10:00Z,79850.7,79891.8,79617.0,79650.0,25238.0
2026-05-08T13:15:00Z,79650.0,79776.3,79646.3,79724.0,23403.0
2026-05-08T13:20:00Z,79724.0,79754.1,79681.5,79699.2,8305.0
2026-05-08T13:25:00Z,79668.8,79669.0,79555.0,79569.4,12877.0
2026-05-08T13:30:00Z,79576.9,79774.9,79573.3,79750.0,23371.0
2026-05-08T13:35:00Z,79748.1,79792.2,79664.9,79664.9,20997.0
2026-05-08T13:40:00Z,79664.4,79664.4,79524.1,79557.2,18434.0
2026-05-08T13:45:00Z,79557.3,79638.8,79508.3,79589.5,13644.0
2026-05-08T13:50:00Z,79591.1,79641.4,79530.0,79553.6,29713.0
2026-05-08T13:55:00Z,79551.0,79614.8,79524.8,79614.8,5132.0
2026-05-08T14:00:00Z,79628.0,79799.6,79623.1,79793.7,19390.0
2026-05-08T14:05:00Z,79785.9,79949.7,79775.1,79817.4,39706.0
2026-05-08T14:10:00Z,79821.5,79888.1,79778.2,79882.5,16566.0
2026-05-08T14:15:00Z,79888.1,80400.0,79858.1,80328.6,80545.0
2026-05-08T14:20:00Z,80315.7,80381.0,80155.7,80217.7,91346.0
2026-05-08T14:25:00Z,80217.7,80240.0,80059.0,80059.0,18793.0
2026-05-08T14:30:00Z,80053.4,80100.0,79751.0,80099.8,27562.0
2026-05-08T14:35:00Z,80096.8,80244.2,79988.5,80225.3,21981.0
2026-05-08T14:40:00Z,80225.6,80234.5,80152.3,80180.1,7212.0
2026-05-08T14:45:00Z,80180.1,80263.8,80132.0,80153.1,49888.0
2026-05-08T14:50:00Z,80154.0,80200.0,80078.4,80149.9,12409.0
2026-05-08T14:55:00Z,80140.2,80150.0,80050.4,80114.3,40009.0
2026-05-08T15:00:00Z,80106.3,80173.2,79950.0,79950.0,29806.0
2026-05-08T15:05:00Z,79950.0,80063.9,79908.2,79931.3,5578.0
2026-05-08T15:10:00Z,79926.9,79977.7,79829.1,79855.1,42779.0
2026-05-08T15:15:00Z,79864.4,79878.8,79764.8,79814.4,14445.0
2026-05-08T15:20:00Z,79804.1,79882.9,79651.4,79680.1,30885.0
2026-05-08T15:25:00Z,79651.1,79683.4,79600.0,79683.4,17184.0
2026-05-08T15:30:00Z,79692.4,79848.2,79599.7,79848.2,20328.0
2026-05-08T15:35:00Z,79839.8,79866.7,79790.2,79866.7,4882.0
2026-05-08T15:40:00Z,79860.4,80002.8,79840.3,79930.6,13716.0
2026-05-08T15:45:00Z,79928.1,80097.1,79928.0,80023.9,8660.0
2026-05-08T15:50:00Z,80023.8,80139.5,79990.2,80103.4,11692.0
2026-05-08T15:55:00Z,80107.2,80160.9,80074.8,80120.4,20425.0
2026-05-08T16:00:00Z,80121.7,80157.6,79939.8,79960.6,8802.0
2026-05-08T16:05:00Z,79960.7,80043.8,79945.8,79945.8,3380.0
2026-05-08T16:10:00Z,79945.4,79995.3,79920.8,79929.2,6224.0
2026-05-08T16:15:00Z,79929.2,79970.6,79875.3,79910.0,4699.0
2026-05-08T16:20:00Z,79922.3,79949.9,79881.5,79935.0,5475.0
2026-05-08T16:25:00Z,79937.9,80000.2,79918.0,79919.4,28527.0
2026-05-08T16:30:00Z,79907.4,79909.6,79760.3,79802.3,6211.0
2026-05-08T16:35:00Z,79798.3,79819.5,79736.2,79736.2,6098.0
2026-05-08T16:40:00Z,79752.4,79807.3,79704.5,79756.4,6416.0
2026-05-08T16:45:00Z,79750.9,79800.7,79731.6,79731.6,4915.0
2026-05-08T16:50:00Z,79736.3,79833.2,79726.1,79761.5,8630.0
2026-05-08T16:55:00Z,79772.5,79819.5,79750.3,79768.6,8844.0
2026-05-08T17:00:00Z,79750.4,79871.6,79749.7,79855.2,3400.0
2026-05-08T17:05:00Z,79863.7,79914.2,79785.7,79785.7,2064.0
2026-05-08T17:10:00Z,79784.1,79827.7,79699.5,79825.2,7067.0
2026-05-08T17:15:00Z,79825.2,79985.0,79819.3,79981.2,8644.0
2026-05-08T17:20:00Z,79987.3,79993.2,79905.0,79910.8,2058.0
2026-05-08T17:25:00Z,79910.8,80013.0,79888.1,79962.3,9951.0
2026-05-08T17:30:00Z,79962.3,80200.0,79962.3,80200.0,22059.0
2026-05-08T17:35:00Z,80208.3,80230.0,80046.7,80100.0,13962.0
2026-05-08T17:40:00Z,80100.0,80109.9,80050.0,80097.3,7089.0
2026-05-08T17:45:00Z,80105.0,80201.3,80091.6,80201.3,4136.0
2026-05-08T17:50:00Z,80201.4,80208.9,80132.2,80145.1,7104.0
2026-05-08T17:55:00Z,80145.1,80160.0,79937.3,79991.6,43655.0
2026-05-08T18:00:00Z,80038.6,80226.0,80038.6,80190.4,20314.0
2026-05-08T18:05:00Z,80190.1,80196.6,80130.0,80140.2,13557.0
2026-05-08T18:10:00Z,80140.2,80170.6,80135.1,80163.5,30140.0
2026-05-08T18:15:00Z,80170.0,80238.2,80125.5,80211.3,8671.0
2026-05-08T18:20:00Z,80211.3,80266.6,80172.4,80247.4,13464.0
2026-05-08T18:25:00Z,80250.0,80269.2,80208.0,80208.1,24485.0
2026-05-08T18:30:00Z,80208.0,80258.5,80184.2,80204.4,22306.0
2026-05-08T18:35:00Z,80198.1,80211.9,80127.0,80179.3,15446.0
2026-05-08T18:40:00Z,80179.2,80179.3,80068.0,80112.4,10647.0
2026-05-08T18:45:00Z,80112.4,80159.1,80091.0,80130.0,975.0
2026-05-08T18:50:00Z,80130.0,80216.6,80118.4,80132.5,6354.0
2026-05-08T18:55:00Z,80132.5,80132.5,80030.0,80044.5,10992.0
2026-05-08T19:00:00Z,80036.8,80036.8,79913.9,79943.2,15699.0
2026-05-08T19:05:00Z,79947.2,80049.1,79940.8,80032.3,8654.0
2026-05-08T19:10:00Z,80026.4,80036.3,79979.9,80020.7,2567.0
2026-05-08T19:15:00Z,80035.0,80104.7,80001.6,80025.6,2228.0
2026-05-08T19:20:00Z,80022.9,80032.5,79986.3,79990.0,3965.0
2026-05-08T19:25:00Z,79990.0,80009.4,79960.8,79982.5,4896.0
2026-05-08T19:30:00Z,79982.5,80061.4,79982.2,80035.4,6170.0
2026-05-08T19:35:00Z,80035.4,80068.9,79986.7,80020.0,1083.0
2026-05-08T19:40:00Z,80010.5,80087.0,80010.5,80060.1,1422.0
2026-05-08T19:45:00Z,80060.1,80095.4,80051.3,80077.2,11131.0
2026-05-08T19:50:00Z,80077.2,80106.6,80070.0,80090.2,2862.0
2026-05-08T19:55:00Z,80089.6,80139.9,80025.1,80136.1,4986.0
2026-05-08T20:00:00Z,80140.0,80158.4,80111.2,80134.3,5363.0
2026-05-08T20:05:00Z,80133.6,80146.0,80109.6,80132.8,4315.0
2026-05-08T20:10:00Z,80132.8,80200.0,80132.8,80195.8,6767.0
2026-05-08T20:15:00Z,80195.8,80222.0,80152.7,80165.8,7349.0
2026-05-08T20:20:00Z,80155.8,80245.0,80145.4,80245.0,9283.0
2026-05-08T20:25:00Z,80245.0,80260.9,80213.8,80220.0,6408.0
2026-05-08T20:30:00Z,80220.0,80220.0,80112.6,80214.2,4550.0
2026-05-08T20:35:00Z,80218.4,80218.4,80186.8,80187.0,2646.0
2026-05-08T20:40:00Z,80187.0,80205.8,80165.6,80205.8,1927.0
2026-05-08T20:45:00Z,80215.3,80240.5,80213.0,80220.6,3178.0
2026-05-08T20:50:00Z,80220.7,80220.7,80115.8,80124.1,4785.0
2026-05-08T20:55:00Z,80130.8,80130.8,80050.0,80104.0,7313.0
2026-05-08T21:00:00Z,80115.4,80134.0,80088.8,80134.0,2071.0
2026-05-08T21:05:00Z,80143.9,80152.0,80072.9,80073.0,7714.0
2026-05-08T21:10:00Z,80073.0,80133.6,80072.9,80111.8,6279.0
2026-05-08T21:15:00Z,80111.8,80170.0,80111.8,80163.7,1031.0
2026-05-08T21:20:00Z,80169.7,80204.4,80160.0,80160.0,2450.0
2026-05-08T21:25:00Z,80160.0,80160.0,80130.0,80131.2,23525.0
2026-05-08T21:30:00Z,80159.8,80167.9,80129.8,80150.5,674.0
2026-05-08T21:35:00Z,80156.0,80222.2,80156.0,80177.3,5264.0
2026-05-08T21:40:00Z,80177.3,80212.9,80142.3,80212.9,1858.0
2026-05-08T21:45:00Z,80204.9,80204.9,80136.9,80181.8,1265.0
2026-05-08T21:50:00Z,80181.8,80181.8,80157.5,80168.1,1838.0
2026-05-08T21:55:00Z,80181.9,80222.1,80155.0,80222.1,1165.0
2026-05-08T22:00:00Z,80195.2,80346.6,80195.2,80274.3,10267.0
2026-05-08T22:05:00Z,80286.8,80300.0,80250.7,80254.7,131746.0
2026-05-08T22:10:00Z,80254.7,80359.8,80254.7,80350.0,4402.0
2026-05-08T22:15:00Z,80356.2,80374.9,80292.2,80306.4,3684.0
2026-05-08T22:20:00Z,80309.6,80320.1,80250.4,80320.1,4264.0
2026-05-08T22:25:00Z,80287.9,80319.9,80280.0,80304.5,1047.0
2026-05-08T22:30:00Z,80304.5,80328.1,80280.0,80290.4,694.0
2026-05-08T22:35:00Z,80290.4,80313.8,80253.9,80253.9,756.0
2026-05-08T22:40:00Z,80257.1,80284.5,80257.1,80276.7,1184.0
2026-05-08T22:45:00Z,80276.7,80306.1,80272.0,80306.1,4884.0
2026-05-08T22:50:00Z,80309.8,80309.9,80237.0,80247.6,2250.0
2026-05-08T22:55:00Z,80247.6,80255.1,80238.9,80244.9,543.0
2026-05-08T23:00:00Z,80238.2,80254.4,80231.7,80253.0,884.0
2026-05-08T23:05:00Z,80250.0,80250.0,80184.9,80200.0,7687.0
2026-05-08T23:10:00Z,80200.0,80214.4,80173.5,80173.5,1327.0
2026-05-08T23:15:00Z,80173.5,80203.1,80109.9,80203.1,7396.0
2026-05-08T23:20:00Z,80203.1,80211.3,80145.7,80145.7,3758.0
2026-05-08T23:25:00Z,80142.2,80169.9,80142.2,80151.5,2265.0
2026-05-08T23:30:00Z,80143.0,80143.0,80104.7,80135.1,2725.0
2026-05-08T23:35:00Z,80135.2,80135.2,80068.8,80094.0,5547.0
2026-05-08T23:40:00Z,80094.0,80152.9,80084.4,80084.4,2183.0
2026-05-08T23:45:00Z,80084.4,80152.2,80084.4,80130.6,1203.0
2026-05-08T23:50:00Z,80130.6,80157.6,80130.6,80136.7,1034.0
2026-05-08T23:55:00Z,80136.7,80161.2,80136.7,80155.2,866.0
2026-05-09T00:00:00Z,80155.2,80169.2,80106.5,80106.5,2244.0
2026-05-09T00:05:00Z,80110.4,80112.5,80090.0,80090.0,1678.0
2026-05-09T00:10:00Z,80090.0,80128.4,80090.0,80128.4,790.0
2026-05-09T00:15:00Z,80128.4,80128.4,80090.0,80100.9,2559.0
2026-05-09T00:20:00Z,80100.9,80172.9,80100.9,80136.9,5861.0
2026-05-09T00:25:00Z,80136.9,80142.2,80111.1,80114.6,681.0
2026-05-09T00:30:00Z,80126.1,80176.0,80126.1,80175.7,2057.0
2026-05-09T00:35:00Z,80175.7,80175.7,80159.4,80159.4,541.0
2026-05-09T00:40:00Z,80159.4,80176.0,80152.2,80155.3,2680.0
2026-05-09T00:45:00Z,80158.4,80192.8,80158.4,80176.4,268.0
2026-05-09T00:50:00Z,80176.4,80193.6,80160.7,80193.6,434.0
2026-05-09T00:55:00Z,80193.6,80200.0,80172.1,80193.3,1254.0
2026-05-09T01:00:00Z,80182.9,80211.4,80177.9,80200.3,1896.0
2026-05-09T01:05:00Z,80200.2,80228.3,80196.8,80228.3,1512.0
2026-05-09T01:10:00Z,80228.3,80278.9,80228.3,80278.9,3259.0
2026-05-09T01:15:00Z,80279.1,80315.9,80248.7,80262.4,4306.0
2026-05-09T01:20:00Z,80262.4,80262.4,80202.0,80202.0,5943.0
2026-05-09T01:25:00Z,80205.8,80250.0,80205.8,80225.9,2621.0
2026-05-09T01:30:00Z,80225.9,80340.0,80225.9,80324.1,8075.0
2026-05-09T01:35:00Z,80324.1,80353.7,80306.1,80308.9,2915.0
2026-05-09T01:40:00Z,80308.9,80352.7,80308.1,80344.9,4643.0
2026-05-09T01:45:00Z,80339.2,80362.1,80325.7,80362.0,1614.0
2026-05-09T01:50:00Z,80362.0,80399.4,80352.8,80378.0,6651.0
2026-05-09T01:55:00Z,80378.0,80378.0,80285.0,80285.0,5812.0
2026-05-09T02:00:00Z,80284.9,80383.9,80281.6,80379.2,1667.0
2026-05-09T02:05:00Z,80379.2,80420.0,80355.5,80415.2,6559.0
2026-05-09T02:10:00Z,80419.9,80427.8,80373.2,80399.9,4407.0
2026-05-09T02:15:00Z,80398.0,80419.0,80358.0,80369.0,110129.0
2026-05-09T02:20:00Z,80369.0,80386.0,80348.6,80360.4,712.0
2026-05-09T02:25:00Z,80360.4,80385.9,80342.4,80384.8,2652.0
2026-05-09T02:30:00Z,80384.8,80439.3,80384.8,80391.1,2636.0
2026-05-09T02:35:00Z,80385.7,80388.8,80350.8,80360.1,4264.0
2026-05-09T02:40:00Z,80360.1,80366.8,80336.0,80353.2,3062.0
2026-05-09T02:45:00Z,80353.9,80360.0,80325.1,80349.6,993.0
2026-05-09T02:50:00Z,80349.8,80394.3,80341.9,80386.9,6399.0
2026-05-09T02:55:00Z,80386.9,80388.2,80356.4,80375.5,1027.0
2026-05-09T03:00:00Z,80375.5,80375.5,80322.6,80355.8,3771.0
2026-05-09T03:05:00Z,80355.8,80424.3,80355.8,80379.8,1084.0
2026-05-09T03:10:00Z,80379.8,80431.0,80375.9,80386.1,2203.0
2026-05-09T03:15:00Z,80397.6,80454.0,80391.2,80445.0,2595.0
2026-05-09T03:20:00Z,80447.9,80525.3,80433.6,80433.6,29942.0
2026-05-09T03:25:00Z,80433.6,80433.6,80356.6,80393.1,2981.0
2026-05-09T03:30:00Z,80376.5,80376.5,80324.9,80324.9,4330.0
2026-05-09T03:35:00Z,80324.9,80333.0,80291.2,80293.7,9464.0
2026-05-09T03:40:00Z,80293.7,80308.0,80262.0,80305.2,1357.0
2026-05-09T03:45:00Z,80306.4,80321.5,80298.2,80303.2,682.0
2026-05-09T03:50:00Z,80303.2,80333.1,80298.2,80333.1,573.0
2026-05-09T03:55:00Z,80333.1,80353.4,80333.1,80349.3,946.0
2026-05-09T04:00:00Z,80344.8,80422.3,80344.8,80422.2,5510.0
2026-05-09T04:05:00Z,80422.3,80636.1,80422.3,80568.3,30188.0
2026-05-09T04:10:00Z,80555.1,80567.4,80520.0,80520.1,2399.0
2026-05-09T04:15:00Z,80520.1,80520.1,80444.5,80463.6,10526.0
2026-05-09T04:20:00Z,80463.8,80477.0,80429.7,80477.0,9480.0
2026-05-09T04:25:00Z,80475.0,80475.0,80397.0,80427.8,1516.0
2026-05-09T04:30:00Z,80427.8,80427.9,80396.0,80426.9,4317.0
2026-05-09T04:35:00Z,80426.8,80426.8,80384.1,80401.6,2062.0
2026-05-09T04:40:00Z,80401.6,80401.7,80367.1,80367.8,1134.0
2026-05-09T04:45:00Z,80366.1,80416.6,80366.1,80400.1,1635.0
2026-05-09T04:50:00Z,80400.1,80423.9,80325.7,80337.9,2117.0
2026-05-09T04:55:00Z,80347.6,80374.5,80327.1,80344.9,2202.0
2026-05-09T05:00:00Z,80344.9,80359.2,80303.1,80321.1,3787.0
2026-05-09T05:05:00Z,80321.1,80334.4,80307.7,80330.4,2855.0
2026-05-09T05:10:00Z,80342.5,80373.4,80330.0,80333.3,4809.0
2026-05-09T05:15:00Z,80333.3,80386.7,80332.7,80386.7,2702.0
2026-05-09T05:20:00Z,80386.7,80403.7,80382.5,80396.6,5360.0
2026-05-09T05:25:00Z,80409.9,80416.6,80358.0,80397.0,815.0
2026-05-09T05:30:00Z,80397.0,80432.5,80378.9,80432.4,722.0
2026-05-09T05:35:00Z,80432.5,80445.0,80410.3,80429.6,1725.0
2026-05-09T05:40:00Z,80435.6,80444.0,80429.6,80429.6,1999.0
2026-05-09T05:45:00Z,80429.6,80429.6,80352.5,80352.5,1287.0
2026-05-09T05:50:00Z,80352.5,80360.0,80330.0,80330.4,3642.0
2026-05-09T05:55:00Z,80330.4,80364.9,80330.3,80331.3,1693.0
2026-05-09T06:00:00Z,80331.3,80374.9,80329.9,80364.3,1345.0
2026-05-09T06:05:00Z,80364.3,80393.2,80364.0,80381.9,884.0
2026-05-09T06:10:00Z,80381.9,80390.0,80348.7,80370.0,418.0
2026-05-09T06:15:00Z,80370.0,80371.6,80257.0,80257.0,25552.0
2026-05-09T06:20:00Z,80268.9,80300.0,80256.0,80263.9,3957.0
2026-05-09T06:25:00Z,80263.9,80280.0,80260.0,80273.5,5001.0
2026-05-09T06:30:00Z,80273.5,80305.0,80262.0,80305.0,363.0
2026-05-09T06:35:00Z,80305.0,80324.1,80160.0,80180.1,25137.0
2026-05-09T06:40:00Z,80180.1,80200.9,80168.4,80168.4,1357.0
2026-05-09T06:45:00Z,80166.0,80230.1,80162.2,80211.4,6737.0
2026-05-09T06:50:00Z,80211.4,80211.4,80154.5,80169.6,770.0
2026-05-09T06:55:00Z,80175.2,80225.5,80175.2,80215.0,1240.0
2026-05-09T07:00:00Z,80215.0,80222.6,80157.0,80180.6,1569.0
2026-05-09T07:05:00Z,80180.6,80180.6,80109.7,80109.7,4639.0
2026-05-09T07:10:00Z,80110.8,80155.1,80093.4,80155.0,3993.0
2026-05-09T07:15:00Z,80155.0,80208.3,80155.0,80201.8,5341.0
2026-05-09T07:20:00Z,80201.8,80232.5,80196.2,80232.5,653.0
2026-05-09T07:25:00Z,80235.4,80264.0,80202.4,80202.4,2187.0
2026-05-09T07:30:00Z,80202.4,80235.8,80202.4,80233.1,773.0
2026-05-09T07:35:00Z,80233.1,80233.1,80183.5,80194.4,6755.0
2026-05-09T07:40:00Z,80194.5,80194.6,80164.6,80194.6,2615.0
2026-05-09T07:45:00Z,80193.1,80193.2,80132.4,80169.0,5876.0
2026-05-09T07:50:00Z,80167.1,80187.5,80163.6,80187.5,3686.0
2026-05-09T07:55:00Z,80187.5,80194.8,80182.6,80182.7,816.0
2026-05-09T08:00:00Z,80181.7,80340.0,80173.5,80339.8,7906.0
2026-05-09T08:05:00Z,80339.9,80339.9,80294.1,80322.3,14295.0
2026-05-09T08:10:00Z,80320.8,80361.0,80304.0,80359.5,5027.0
2026-05-09T08:15:00Z,80359.5,80381.2,80359.4,80371.0,2016.0
2026-05-09T08:20:00Z,80371.0,80374.6,80344.3,80344.3,1151.0
2026-05-09T08:25:00Z,80346.9,80370.9,80339.4,80370.9,2129.0
2026-05-09T08:30:00Z,80371.0,80400.2,80371.0,80390.1,670.0
2026-05-09T08:35:00Z,80390.1,80422.2,80390.1,80396.0,843.0
2026-05-09T08:40:00Z,80396.0,80404.1,80366.8,80400.0,1066.0
2026-05-09T08:45:00Z,80400.0,80400.1,80380.0,80380.0,1855.0
2026-05-09T08:50:00Z,80380.0,80403.8,80380.0,80403.8,614.0
2026-05-09T08:55:00Z,80403.8,80404.1,80373.4,80378.0,960.0
2026-05-09T09:00:00Z,80378.0,80383.0,80370.0,80370.0,1325.0
2026-05-09T09:05:00Z,80370.0,80378.1,80362.5,80362.5,271.0
2026-05-09T09:10:00Z,80362.5,80362.6,80298.6,80308.0,5653.0
2026-05-09T09:15:00Z,80303.3,80303.3,80200.0,80227.4,3674.0
2026-05-09T09:20:00Z,80227.4,80270.1,80224.9,80270.1,1178.0
2026-05-09T09:25:00Z,80274.4,80274.4,80216.7,80222.1,2214.0
2026-05-09T09:30:00Z,80222.1,80239.0,80200.1,80200.1,8256.0
2026-05-09T09:35:00Z,80200.1,80243.1,80200.1,80232.3,349.0
2026-05-09T09:40:00Z,80232.3,80232.3,80200.0,80204.4,1417.0
2026-05-09T09:45:00Z,80204.4,80209.5,80192.7,80192.7,1254.0
2026-05-09T09:50:00Z,80192.7,80209.5,80170.0,80203.6,351.0
2026-05-09T09:55:00Z,80203.5,80203.6,80176.1,80199.9,839.0
2026-05-09T10:00:00Z,80199.9,80209.4,80141.8,80209.4,1649.0
2026-05-09T10:05:00Z,80197.7,80197.7,80140.0,80142.4,324.0
2026-05-09T10:10:00Z,80149.9,80183.3,80149.9,80183.3,1987.0
2026-05-09T10:15:00Z,80183.3,80209.5,80173.0,80173.0,1564.0
2026-05-09T10:20:00Z,80173.0,80189.1,80152.5,80171.4,1548.0
2026-05-09T10:25:00Z,80171.7,80217.6,80171.7,80186.0,4360.0
2026-05-09T10:30:00Z,80174.4,80220.1,80174.4,80220.1,2073.0
2026-05-09T10:35:00Z,80220.1,80300.1,80220.1,80300.1,1916.0
2026-05-09T10:40:00Z,80300.1,80311.4,80290.0,80294.5,2190.0
2026-05-09T10:45:00Z,80294.5,80294.5,80230.0,80230.0,3348.0
2026-05-09T10:50:00Z,80230.0,80240.9,80230.0,80240.0,12248.0
2026-05-09T10:55:00Z,80240.0,80244.0,80222.9,80232.7,3738.0
2026-05-09T11:00:00Z,80231.6,80268.4,80220.0,80253.6,429.0
2026-05-09T11:05:00Z,80260.1,80260.1,80235.2,80253.6,1341.0
2026-05-09T11:10:00Z,80256.7,80294.3,80256.7,80290.7,1575.0
2026-05-09T11:15:00Z,80290.7,80311.9,80284.6,80311.9,2145.0
2026-05-09T11:20:00Z,80311.9,80341.0,80301.4,80308.4,1332.0
2026-05-09T11:25:00Z,80308.4,80309.2,80303.0,80309.2,951.0
2026-05-09T11:30:00Z,80309.2,80309.2,80303.0,80305.0,1516.0
2026-05-09T11:35:00Z,80319.7,80319.7,80300.0,80302.4,1051.0
2026-05-09T11:40:00Z,80302.4,80308.8,80297.2,80308.8,1548.0
2026-05-09T11:45:00Z,80308.3,80330.0,80301.6,80301.6,691.0
2026-05-09T11:50:00Z,80301.6,80315.2,80300.7,80310.4,1470.0
2026-05-09T11:55:00Z,80310.4,80336.4,80310.4,80310.5,772.0
2026-05-09T12:00:00Z,80310.5,80329.9,80308.7,80329.9,960.0
2026-05-09T12:05:00Z,80329.9,80345.0,80272.4,80272.4,2745.0
2026-05-09T12:10:00Z,80272.4,80284.8,80272.4,80277.8,315.0
2026-05-09T12:15:00Z,80277.8,80277.8,80235.3,80260.2,2647.0
2026-05-09T12:20:00Z,80284.8,80364.3,80284.7,80364.3,2834.0
2026-05-09T12:25:00Z,80364.3,80380.0,80341.6,80375.1,4083.0
2026-05-09T12:30:00Z,80373.1,80373.1,80300.0,80318.8,1595.0
2026-05-09T12:35:00Z,80312.2,80312.2,80290.1,80299.6,435.0
2026-05-09T12:40:00Z,80299.6,80319.3,80291.4,80319.2,706.0
2026-05-09T12:45:00Z,80319.2,80344.8,80311.1,80344.8,229.0
2026-05-09T12:50:00Z,80350.0,80375.7,80350.0,80360.0,1254.0
2026-05-09T12:55:00Z,80360.0,80367.2,80343.1,80367.1,1372.0
2026-05-09T13:00:00Z,80367.1,80377.7,80338.5,80338.5,3802.0
2026-05-09T13:05:00Z,80338.5,80374.6,80338.4,80374.6,7391.0
2026-05-09T13:10:00Z,80373.2,80376.7,80340.0,80372.3,7282.0
2026-05-09T13:15:00Z,80372.3,80380.0,80346.1,80346.1,1903.0
2026-05-09T13:20:00Z,80346.1,80346.1,80301.9,80320.6,1987.0
2026-05-09T13:25:00Z,80320.6,80360.2,80315.7,80319.0,2429.0
2026-05-09T13:30:00Z,80319.0,80339.2,80309.9,80309.9,3031.0
2026-05-09T13:35:00Z,80305.1,80350.5,80305.1,80332.1,3347.0
2026-05-09T13:40:00Z,80332.1,80332.1,80277.2,80301.3,3753.0
2026-05-09T13:45:00Z,80302.2,80333.0,80302.2,80317.0,161.0
2026-05-09T13:50:00Z,80314.7,80325.9,80294.5,80325.9,208.0
2026-05-09T13:55:00Z,80325.9,80359.3,80325.8,80359.3,3049.0
2026-05-09T14:00:00Z,80365.3,80366.0,80312.6,80324.7,2590.0
2026-05-09T14:05:00Z,80324.7,80339.3,80308.0,80312.5,453.0
2026-05-09T14:10:00Z,80312.5,80392.1,80312.5,80347.1,29922.0
2026-05-09T14:15:00Z,80347.2,80354.0,80312.0,80332.2,4423.0
2026-05-09T14:20:00Z,80332.2,80353.0,80257.4,80279.0,3638.0
2026-05-09T14:25:00Z,80279.0,80301.5,80215.0,80282.7,9329.0
2026-05-09T14:30:00Z,80287.4,80304.8,80240.8,80240.8,18882.0
2026-05-09T14:35:00Z,80235.2,80236.0,80211.2,80230.8,1620.0
2026-05-09T14:40:00Z,80230.8,80307.8,80230.8,80304.5,343.0
2026-05-09T14:45:00Z,80304.5,80336.4,80294.9,80304.7,4218.0
2026-05-09T14:50:00Z,80304.7,80304.7,80223.3,80261.5,2584.0
2026-05-09T14:55:00Z,80261.5,80309.9,80256.4,80292.4,484.0
2026-05-09T15:00:00Z,80292.4,80312.6,80279.8,80293.8,1764.0
2026-05-09T15:05:00Z,80293.8,80293.8,80230.0,80230.1,789.0
2026-05-09T15:10:00Z,80230.1,80258.9,80191.1,80258.9,5312.0
2026-05-09T15:15:00Z,80258.9,80350.0,80258.9,80320.5,6184.0
2026-05-09T15:20:00Z,80320.4,80375.2,80320.4,80346.9,4738.0
2026-05-09T15:25:00Z,80346.9,80378.2,80346.9,80374.9,5592.0
2026-05-09T15:30:00Z,80374.9,80436.3,80374.9,80404.0,8498.0
2026-05-09T15:35:00Z,80404.0,80483.1,80404.0,80482.9,7591.0
2026-05-09T15:40:00Z,80482.6,80555.0,80415.8,80439.9,18486.0
2026-05-09T15:45:00Z,80443.3,80533.4,80443.3,80486.9,4360.0
2026-05-09T15:50:00Z,80486.9,80502.2,80470.0,80494.3,5899.0
2026-05-09T15:55:00Z,80494.3,80494.3,80471.6,80488.4,12039.0
2026-05-09T16:00:00Z,80494.2,80520.0,80450.8,80469.1,3227.0
2026-05-09T16:05:00Z,80469.2,80524.8,80469.2,80524.8,3660.0
2026-05-09T16:10:00Z,80524.6,80585.0,80520.2,80535.8,5561.0
2026-05-09T16:15:00Z,80538.9,80617.9,80538.9,80609.8,17156.0
2026-05-09T16:20:00Z,80609.8,80746.0,80602.1,80683.1,54276.0
2026-05-09T16:25:00Z,80683.1,80734.0,80602.4,80610.3,17809.0
2026-05-09T16:30:00Z,80614.1,80614.1,80581.0,80584.5,7222.0
2026-05-09T16:35:00Z,80589.9,80611.2,80571.5,80571.8,4659.0
2026-05-09T16:40:00Z,80571.8,80600.0,80550.0,80600.0,3443.0
2026-05-09T16:45:00Z,80600.0,80610.0,80575.5,80589.3,2876.0
2026-05-09T16:50:00Z,80589.3,80589.3,80550.0,80589.0,3472.0
2026-05-09T16:55:00Z,80592.7,80608.9,80572.0,80574.4,2439.0
2026-05-09T17:00:00Z,80580.7,80637.0,80580.5,80633.1,4716.0
2026-05-09T17:05:00Z,80636.9,80728.3,80636.9,80728.0,38107.0
2026-05-09T17:10:00Z,80728.0,80777.0,80692.3,80704.3,30611.0
2026-05-09T17:15:00Z,80704.3,80719.0,80665.2,80693.4,7656.0
2026-05-09T17:20:00Z,80693.4,80738.6,80644.8,80732.5,9585.0
2026-05-09T17:25:00Z,80732.4,80794.6,80732.4,80778.3,16257.0
2026-05-09T17:30:00Z,80778.4,80834.0,80778.4,80813.9,42326.0
2026-05-09T17:35:00Z,80813.9,80882.4,80813.9,80848.2,18214.0
2026-05-09T17:40:00Z,80848.2,80858.0,80781.0,80781.0,32938.0
2026-05-09T17:45:00Z,80781.0,80800.0,80736.6,80749.5,62795.0
2026-05-09T17:50:00Z,80760.0,80776.2,80742.6,80742.6,35849.0
2026-05-09T17:55:00Z,80742.6,80781.3,80688.4,80768.1,18111.0
2026-05-09T18:00:00Z,80767.9,80861.1,80767.9,80802.4,11773.0
2026-05-09T18:05:00Z,80785.4,80807.9,80775.5,80775.7,6846.0
2026-05-09T18:10:00Z,80775.8,80775.8,80739.2,80768.1,14689.0
2026-05-09T18:15:00Z,80783.4,80815.8,80783.4,80786.5,1863.0
2026-05-09T18:20:00Z,80786.5,80814.4,80773.8,80814.4,11904.0
2026-05-09T18:25:00Z,80818.0,81019.8,80818.0,81000.1,101966.0
2026-05-09T18:30:00Z,81000.1,81043.2,80965.6,80984.6,58388.0
2026-05-09T18:35:00Z,80984.6,80984.6,80902.7,80902.7,49594.0
2026-05-09T18:40:00Z,80905.5,80905.6,80847.6,80854.5,31037.0
2026-05-09T18:45:00Z,80854.5,80866.2,80814.8,80866.2,3333.0
2026-05-09T18:50:00Z,80858.8,80884.8,80852.0,80865.1,3050.0
2026-05-09T18:55:00Z,80865.1,80865.2,80848.7,80865.0,3516.0
2026-05-09T19:00:00Z,80870.0,80890.0,80808.8,80837.2,63356.0
2026-05-09T19:05:00Z,80837.2,80869.0,80830.7,80848.0,4185.0
2026-05-09T19:10:00Z,80848.0,80852.7,80822.4,80852.6,52865.0
2026-05-09T19:15:00Z,80852.6,80852.6,80783.8,80848.5,4981.0
2026-05-09T19:20:00Z,80848.5,80873.1,80834.7,80848.6,3265.0
2026-05-09T19:25:00Z,80848.6,80848.6,80733.3,80782.8,5140.0
2026-05-09T19:30:00Z,80782.8,80782.8,80751.2,80765.4,1557.0
2026-05-09T19:35:00Z,80765.5,80769.8,80750.5,80769.8,2552.0
2026-05-09T19:40:00Z,80774.9,80810.0,80772.3,80806.1,3437.0
2026-05-09T19:45:00Z,80798.7,80817.5,80786.3,80817.5,3411.0
2026-05-09T19:50:00Z,80817.4,80925.0,80817.4,80892.3,6544.0
2026-05-09T19:55:00Z,80900.6,80928.3,80854.6,80895.7,1907.0
2026-05-09T20:00:00Z,80897.8,80901.7,80831.4,80843.4,14811.0
2026-05-09T20:05:00Z,80842.4,80842.4,80818.2,80837.7,2689.0
2026-05-09T20:10:00Z,80837.7,80837.8,80789.9,80789.9,2977.0
2026-05-09T20:15:00Z,80789.9,80797.1,80771.7,80776.4,3536.0
2026-05-09T20:20:00Z,80776.4,80784.5,80728.8,80728.8,6501.0
2026-05-09T20:25:00Z,80727.8,80756.8,80726.2,80748.2,3540.0
2026-05-09T20:30:00Z,80750.2,80766.9,80701.0,80701.0,22443.0
2026-05-09T20:35:00Z,80701.0,80742.2,80694.8,80742.1,15424.0
2026-05-09T20:40:00Z,80742.1,80770.4,80739.9,80770.1,1432.0
2026-05-09T20:45:00Z,80770.1,80770.1,80747.9,80748.0,809.0
2026-05-09T20:50:00Z,80748.0,80775.3,80746.2,80746.2,1375.0
2026-05-09T20:55:00Z,80745.6,80773.0,80745.6,80764.6,8683.0
2026-05-09T21:00:00Z,80765.2,80790.0,80765.2,80789.9,4116.0
2026-05-09T21:05:00Z,80789.9,80822.3,80789.9,80800.0,4576.0
2026-05-09T21:10:00Z,80800.0,80849.2,80797.0,80813.6,931.0
2026-05-09T21:15:00Z,80813.6,80834.8,80810.1,80810.1,486.0
2026-05-09T21:20:00Z,80810.1,80810.1,80762.0,80762.0,519.0
2026-05-09T21:25:00Z,80762.0,80776.1,80738.2,80776.1,1970.0
2026-05-09T21:30:00Z,80776.0,80777.8,80759.0,80759.0,1330.0
2026-05-09T21:35:00Z,80747.2,80755.0,80726.9,80726.9,1747.0
2026-05-09T21:40:00Z,80725.8,80750.0,80703.3,80703.4,2473.0
2026-05-09T21:45:00Z,80703.4,80747.3,80703.4,80741.3,630.0
2026-05-09T21:50:00Z,80744.1,80773.5,80721.0,80770.0,2483.0
2026-05-09T21:55:00Z,80770.2,80773.5,80736.6,80736.6,2214.0
2026-05-09T22:00:00Z,80745.5,80764.0,80714.9,80722.0,13635.0
2026-05-09T22:05:00Z,80730.9,80742.4,80682.5,80701.4,1119.0
2026-05-09T22:10:00Z,80701.4,80719.0,80694.5,80712.4,19536.0
2026-05-09T22:15:00Z,80712.4,80756.7,80709.9,80739.9,1367.0
2026-05-09T22:20:00Z,80742.7,80742.7,80715.6,80730.0,1506.0
2026-05-09T22:25:00Z,80730.0,80747.2,80724.1,80724.1,1949.0
2026-05-09T22:30:00Z,80720.7,80720.7,80640.0,80704.1,12253.0
2026-05-09T22:35:00Z,80714.3,80718.5,80690.8,80718.4,958.0
2026-05-09T22:40:00Z,80718.4,80788.0,80715.6,80771.2,6148.0
2026-05-09T22:45:00Z,80771.2,80777.2,80736.9,80736.9,1087.0
2026-05-09T22:50:00Z,80736.9,80751.4,80713.0,80713.0,622.0
2026-05-09T22:55:00Z,80713.0,80734.8,80709.1,80723.9,1495.0
2026-05-09T23:00:00Z,80723.9,80799.9,80723.9,80735.6,3669.0
2026-05-09T23:05:00Z,80735.4,80750.5,80672.2,80679.0,3289.0
2026-05-09T23:10:00Z,80679.0,80698.9,80669.8,80692.4,44153.0
2026-05-09T23:15:00Z,80692.4,80692.4,80666.7,80668.2,151.0
2026-05-09T23:20:00Z,80668.2,80668.2,80655.4,80655.4,730.0
2026-05-09T23:25:00Z,80649.2,80649.2,80617.5,80635.0,5408.0
2026-05-09T23:30:00Z,80635.0,80648.0,80575.4,80638.4,9033.0
2026-05-09T23:35:00Z,80638.4,80653.4,80612.4,80612.4,679.0
2026-05-09T23:40:00Z,80612.4,80622.9,80588.8,80622.8,1041.0
2026-05-09T23:45:00Z,80631.1,80659.6,80621.7,80659.6,1893.0
2026-05-09T23:50:00Z,80659.6,80663.6,80640.0,80656.7,1260.0
2026-05-09T23:55:00Z,80656.7,80662.0,80634.0,80634.0,223.0
2026-05-10T00:00:00Z,80633.9,80682.9,80614.0,80614.1,3115.0
2026-05-10T00:05:00Z,80608.3,80643.0,80588.1,80630.7,2981.0
2026-05-10T00:10:00Z,80642.7,80696.2,80632.7,80671.1,1531.0
2026-05-10T00:15:00Z,80671.1,80700.0,80660.1,80700.0,2140.0
2026-05-10T00:20:00Z,80700.0,80737.8,80700.0,80700.0,2118.0
2026-05-10T00:25:00Z,80700.0,80700.1,80658.3,80671.7,653.0
2026-05-10T00:30:00Z,80660.3,80690.0,80617.3,80690.0,1270.0
2026-05-10T00:35:00Z,80690.0,80711.3,80650.0,80699.0,2127.0
2026-05-10T00:40:00Z,80680.2,80732.4,80670.9,80732.4,30564.0
2026-05-10T00:45:00Z,80692.1,80704.3,80650.0,80650.0,1245.0
2026-05-10T00:50:00Z,80640.1,80640.9,80614.4,80625.7,1567.0
2026-05-10T00:55:00Z,80625.7,80634.7,80600.0,80634.7,1647.0
2026-05-10T01:00:00Z,80634.9,80634.9,80545.6,80592.0,11325.0
2026-05-10T01:05:00Z,80592.0,80618.7,80556.4,80618.6,1346.0
2026-05-10T01:10:00Z,80618.6,80618.6,80586.4,80599.9,1461.0
2026-05-10T01:15:00Z,80599.9,80630.0,80572.2,80586.1,2846.0
2026-05-10T01:20:00Z,80583.8,80605.0,80539.1,80545.0,2663.0
2026-05-10T01:25:00Z,80555.0,80575.8,80549.9,80571.3,3246.0
2026-05-10T01:30:00Z,80571.1,80614.1,80567.8,80567.8,2056.0
2026-05-10T01:35:00Z,80567.8,80585.6,80533.7,80550.4,2027.0
2026-05-10T01:40:00Z,80550.4,80600.0,80550.4,80600.0,2443.0
2026-05-10T01:45:00Z,80592.0,80602.2,80588.7,80602.2,582.0
2026-05-10T01:50:00Z,80602.1,80659.5,80602.1,80659.5,1870.0
2026-05-10T01:55:00Z,80659.4,80661.4,80628.5,80653.7,50771.0
2026-05-10T02:00:00Z,80649.9,80650.0,80585.3,80609.7,198.0
2026-05-10T02:05:00Z,80609.7,80633.0,80580.2,80600.0,970.0
2026-05-10T02:10:00Z,80600.0,80602.4,80576.0,80597.6,16015.0
2026-05-10T02:15:00Z,80597.6,80644.9,80597.6,80615.2,15254.0
2026-05-10T02:20:00Z,80614.7,80672.1,80612.0,80672.1,1749.0
2026-05-10T02:25:00Z,80671.6,80728.7,80668.1,80700.0,7807.0
2026-05-10T02:30:00Z,80700.0,80703.7,80669.9,80676.4,1193.0
2026-05-10T02:35:00Z,80676.4,80750.1,80676.4,80702.0,34047.0
2026-05-10T02:40:00Z,80702.0,80715.9,80688.8,80715.9,683.0
2026-05-10T02:45:00Z,80715.9,80739.0,80687.5,80739.0,1362.0
2026-05-10T02:50:00Z,80739.0,80751.9,80715.1,80737.5,876.0
2026-05-10T02:55:00Z,80737.5,80745.1,80710.1,80745.1,1230.0
2026-05-10T03:00:00Z,80738.9,80797.1,80720.3,80788.7,2618.0
2026-05-10T03:05:00Z,80788.8,80796.0,80730.4,80736.6,777.0
2026-05-10T03:10:00Z,80736.6,80748.0,80729.7,80748.0,445.0
2026-05-10T03:15:00Z,80747.9,80747.9,80728.7,80735.1,4409.0
2026-05-10T03:20:00Z,80728.9,80730.6,80695.9,80724.4,864.0
2026-05-10T03:25:00Z,80724.4,80724.4,80705.9,80710.9,427.0
2026-05-10T03:30:00Z,80711.1,80729.3,80667.0,80729.3,686.0
2026-05-10T03:35:00Z,80729.3,80832.7,80729.3,80820.0,6940.0
2026-05-10T03:40:00Z,80820.0,80855.0,80766.7,80766.7,7139.0
2026-05-10T03:45:00Z,80766.7,80799.7,80766.1,80778.4,320.0
2026-05-10T03:50:00Z,80778.4,80780.1,80770.1,80771.7,114.0
2026-05-10T03:55:00Z,80774.3,80774.3,80745.5,80745.5,399.0
2026-05-10T04:00:00Z,80745.5,80763.3,80720.0,80720.0,1171.0
2026-05-10T04:05:00Z,80720.0,80743.7,80715.3,80739.2,1324.0
2026-05-10T04:10:00Z,80735.2,80739.2,80715.0,80739.2,578.0
2026-05-10T04:15:00Z,80739.2,80767.1,80724.3,80747.5,577.0
2026-05-10T04:20:00Z,80740.7,80740.7,80721.6,80721.7,314.0
2026-05-10T04:25:00Z,80721.7,80757.9,80721.7,80757.9,764.0
2026-05-10T04:30:00Z,80757.9,80805.9,80757.9,80780.1,13440.0
2026-05-10T04:35:00Z,80776.8,80798.2,80771.2,80780.1,831.0
2026-05-10T04:40:00Z,80780.1,80780.2,80726.2,80726.2,11126.0
2026-05-10T04:45:00Z,80725.0,80725.1,80689.2,80699.2,9802.0
2026-05-10T04:50:00Z,80699.2,80749.6,80699.2,80737.8,1847.0
2026-05-10T04:55:00Z,80737.8,80750.0,80717.7,80717.7,491.0
2026-05-10T05:00:00Z,80717.8,80717.8,80681.6,80708.9,3503.0
2026-05-10T05:05:00Z,80708.9,80720.2,80704.2,80715.4,4970.0
2026-05-10T05:10:00Z,80715.4,80732.7,80703.2,80730.6,1456.0
2026-05-10T05:15:00Z,80730.6,80754.0,80730.6,80731.7,1305.0
2026-05-10T05:20:00Z,80731.7,80772.1,80711.9,80772.1,212.0
2026-05-10T05:25:00Z,80772.1,80778.4,80730.0,80730.0,2917.0
2026-05-10T05:30:00Z,80730.0,80762.6,80716.0,80728.8,349.0
2026-05-10T05:35:00Z,80728.8,80750.7,80722.8,80736.1,558.0
2026-05-10T05:40:00Z,80735.7,80735.7,80684.0,80688.9,552.0
2026-05-10T05:45:00Z,80688.9,80720.2,80676.9,80700.0,463.0
2026-05-10T05:50:00Z,80700.1,80700.1,80642.4,80644.9,2298.0
2026-05-10T05:55:00Z,80642.3,80670.0,80642.3,80660.8,517.0
2026-05-10T06:00:00Z,80660.8,80689.0,80656.8,80683.3,287.0
2026-05-10T06:05:00Z,80684.0,80708.3,80684.0,80700.1,545.0
2026-05-10T06:10:00Z,80699.9,80699.9,80659.0,80675.1,224.0
2026-05-10T06:15:00Z,80675.1,80686.0,80662.6,80667.0,1290.0
2026-05-10T06:20:00Z,80667.0,80684.0,80656.3,80656.3,526.0
2026-05-10T06:25:00Z,80656.2,80656.2,80632.5,80632.5,242.0
2026-05-10T06:30:00Z,80632.5,80633.0,80620.5,80630.2,873.0
2026-05-10T06:35:00Z,80638.0,80683.3,80623.4,80663.2,1039.0
2026-05-10T06:40:00Z,80661.7,80689.3,80648.0,80672.6,8847.0
2026-05-10T06:45:00Z,80672.6,80712.8,80669.5,80712.8,1005.0
2026-05-10T06:50:00Z,80712.8,80725.0,80705.0,80711.1,168.0
2026-05-10T06:55:00Z,80703.6,80703.6,80685.9,80699.9,1580.0
2026-05-10T07:00:00Z,80710.2,80759.9,80710.2,80710.3,1929.0
2026-05-10T07:05:00Z,80709.1,80736.3,80709.1,80728.8,1032.0
2026-05-10T07:10:00Z,80728.9,80728.9,80690.0,80690.0,984.0
2026-05-10T07:15:00Z,80690.0,80739.9,80682.5,80731.8,1064.0
2026-05-10T07:20:00Z,80731.8,80760.0,80724.0,80741.1,798.0
2026-05-10T07:25:00Z,80741.1,80765.4,80732.9,80749.0,379.0
2026-05-10T07:30:00Z,80749.0,80749.0,80733.7,80735.3,143.0
2026-05-10T07:35:00Z,80735.3,80746.4,80730.5,80731.0,312.0
2026-05-10T07:40:00Z,80731.0,80745.6,80725.3,80745.6,3965.0
2026-05-10T07:45:00Z,80749.1,80755.0,80737.3,80741.2,524.0
2026-05-10T07:50:00Z,80741.2,80741.2,80707.0,80707.0,244.0
2026-05-10T07:55:00Z,80707.0,80714.1,80686.0,80695.9,1635.0
2026-05-10T08:00:00Z,80690.8,80690.8,80676.7,80683.4,302.0
2026-05-10T08:05:00Z,80683.4,80748.4,80674.4,80748.4,897.0
2026-05-10T08:10:00Z,80748.2,80778.6,80727.5,80732.0,336.0
2026-05-10T08:15:00Z,80728.1,80759.9,80716.0,80749.0,1054.0
2026-05-10T08:20:00Z,80749.0,80799.2,80744.2,80792.1,5579.0
2026-05-10T08:25:00Z,80799.2,80873.1,80799.1,80835.3,4408.0
2026-05-10T08:30:00Z,80835.2,80872.1,80811.9,80812.0,1810.0
2026-05-10T08:35:00Z,80812.0,80830.7,80808.5,80814.9,253.0
2026-05-10T08:40:00Z,80808.9,80809.7,80775.0,80794.3,30396.0
2026-05-10T08:45:00Z,80794.3,80816.0,80782.0,80813.9,756.0
2026-05-10T08:50:00Z,80813.9,80813.9,80783.1,80799.8,236.0
2026-05-10T08:55:00Z,80799.8,80799.9,80780.1,80786.6,844.0
2026-05-10T09:00:00Z,80799.9,80874.5,80799.9,80862.3,947.0
2026-05-10T09:05:00Z,80859.6,80859.6,80812.6,80824.2,25877.0
2026-05-10T09:10:00Z,80820.4,80831.9,80800.0,80812.8,836.0
2026-05-10T09:15:00Z,80808.0,80831.2,80800.0,80806.8,1583.0
2026-05-10T09:20:00Z,80804.8,80804.8,80779.4,80791.4,884.0
2026-05-10T09:25:00Z,80791.4,80798.4,80791.4,80798.4,244.0
2026-05-10T09:30:00Z,80785.5,80798.2,80780.1,80780.1,246.0
2026-05-10T09:35:00Z,80780.0,80780.0,80727.1,80744.0,1406.0
2026-05-10T09:40:00Z,80744.0,80748.1,80722.9,80722.9,365.0
2026-05-10T09:45:00Z,80727.6,80768.9,80724.6,80767.2,1825.0
2026-05-10T09:50:00Z,80767.2,80767.2,80730.0,80753.3,3592.0
2026-05-10T09:55:00Z,80753.3,80766.9,80748.8,80766.9,1072.0
2026-05-10T10:00:00Z,80766.9,80794.9,80702.7,80702.8,5372.0
2026-05-10T10:05:00Z,80700.0,80797.7,80665.7,80788.3,5647.0
2026-05-10T10:10:00Z,80788.3,80788.3,80681.6,80681.6,1651.0
2026-05-10T10:15:00Z,80681.6,80706.4,80642.3,80695.7,9137.0
2026-05-10T10:20:00Z,80695.7,80769.3,80695.7,80767.9,757.0
2026-05-10T10:25:00Z,80769.2,80779.0,80769.1,80779.0,2138.0
2026-05-10T10:30:00Z,80779.0,80790.0,80770.3,80774.4,568.0
2026-05-10T10:35:00Z,80776.4,80777.7,80762.6,80762.6,381.0
2026-05-10T10:40:00Z,80762.6,80764.5,80732.4,80747.3,424.0
2026-05-10T10:45:00Z,80747.3,80775.6,80747.3,80762.1,1029.0
2026-05-10T10:50:00Z,80759.8,80846.9,80759.8,80842.1,4858.0
2026-05-10T10:55:00Z,80842.1,80847.5,80842.0,80842.2,8162.0
2026-05-10T11:00:00Z,80842.2,80940.3,80842.2,80900.0,24944.0
2026-05-10T11:05:00Z,80895.5,80909.1,80850.4,80850.4,21866.0
2026-05-10T11:10:00Z,80850.4,80897.0,80827.7,80876.5,21181.0
2026-05-10T11:15:00Z,80876.5,80894.2,80811.1,80825.8,3628.0
2026-05-10T11:20:00Z,80825.8,80825.9,80711.4,80763.5,2395.0
2026-05-10T11:25:00Z,80763.5,80795.2,80763.4,80778.4,199.0
2026-05-10T11:30:00Z,80774.9,80774.9,80753.0,80759.4,2943.0
2026-05-10T11:35:00Z,80759.4,80788.0,80759.4,80763.8,2589.0
2026-05-10T11:40:00Z,80763.8,80800.0,80762.3,80799.8,1990.0
2026-05-10T11:45:00Z,80799.7,80808.0,80795.2,80802.9,3118.0
2026-05-10T11:50:00Z,80802.7,80802.7,80772.4,80792.8,2231.0
2026-05-10T11:55:00Z,80792.8,80810.0,80788.8,80789.0,508.0
2026-05-10T12:00:00Z,80789.0,80810.0,80743.2,80769.3,5340.0
2026-05-10T12:05:00Z,80769.3,80785.5,80756.7,80785.5,2485.0
2026-05-10T12:10:00Z,80785.5,80829.0,80772.9,80822.4,3398.0
2026-05-10T12:15:00Z,80822.4,80848.4,80810.9,80816.3,1571.0
2026-05-10T12:20:00Z,80816.3,80890.6,80816.3,80890.6,978.0
2026-05-10T12:25:00Z,80890.6,80892.3,80833.9,80890.4,2443.0
2026-05-10T12:30:00Z,80890.3,80900.0,80864.5,80864.5,4519.0
2026-05-10T12:35:00Z,80854.5,80870.9,80837.7,80870.8,1387.0
2026-05-10T12:40:00Z,80870.8,80888.0,80870.8,80888.0,1866.0
2026-05-10T12:45:00Z,80888.0,80917.0,80876.3,80893.2,3567.0
2026-05-10T12:50:00Z,80893.2,80893.4,80878.4,80882.9,1157.0
2026-05-10T12:55:00Z,80883.0,80899.8,80861.8,80896.3,3741.0
2026-05-10T13:00:00Z,80883.5,80898.7,80861.7,80869.2,1413.0
2026-05-10T13:05:00Z,80869.2,80888.7,80831.7,80872.7,683.0
2026-05-10T13:10:00Z,80872.7,80910.0,80859.0,80887.9,1163.0
2026-05-10T13:15:00Z,80885.2,80909.9,80866.4,80907.5,1361.0
2026-05-10T13:20:00Z,80903.8,80951.1,80902.4,80926.0,25272.0
2026-05-10T13:25:00Z,80926.0,80970.1,80910.4,80937.7,6166.0
2026-05-10T13:30:00Z,80937.6,80956.4,80894.4,80956.4,1912.0
2026-05-10T13:35:00Z,80956.4,80956.4,80916.6,80916.6,1571.0
2026-05-10T13:40:00Z,80916.7,80929.8,80894.9,80929.8,2707.0
2026-05-10T13:45:00Z,80932.5,80934.0,80912.3,80912.3,2037.0
2026-05-10T13:50:00Z,80912.3,80928.5,80912.3,80920.8,2284.0
2026-05-10T13:55:00Z,80920.8,80938.3,80898.9,80938.3,1021.0
2026-05-10T14:00:00Z,80928.1,80940.9,80900.0,80900.0,1121.0
2026-05-10T14:05:00Z,80900.0,80905.2,80879.9,80891.7,2197.0
2026-05-10T14:10:00Z,80904.4,80940.4,80901.3,80901.3,1473.0
2026-05-10T14:15:00Z,80892.8,80892.8,80870.0,80882.4,3124.0
2026-05-10T14:20:00Z,80882.4,80885.7,80847.1,80885.6,2543.0
2026-05-10T14:25:00Z,80885.7,80885.7,80868.3,80872.3,1681.0
2026-05-10T14:30:00Z,80876.3,80940.1,80875.4,80918.2,2096.0
2026-05-10T14:35:00Z,80918.2,80928.7,80895.1,80913.6,1107.0
2026-05-10T14:40:00Z,80913.5,80932.2,80847.9,80859.0,1230.0
2026-05-10T14:45:00Z,80859.0,80864.8,80771.0,80786.2,3955.0
2026-05-10T14:50:00Z,80786.3,80965.7,80786.3,80955.1,3955.0
2026-05-10T14:55:00Z,80955.1,80955.1,80902.5,80944.3,1625.0
2026-05-10T15:00:00Z,80940.8,81085.7,80933.6,81011.1,24298.0
2026-05-10T15:05:00Z,81016.6,81037.6,80907.4,80914.6,8357.0
2026-05-10T15:10:00Z,80914.6,81010.0,80901.8,81009.3,1955.0
2026-05-10T15:15:00Z,81009.3,81009.3,80966.4,80971.4,2766.0
2026-05-10T15:20:00Z,80971.4,80971.4,80922.1,80922.1,3395.0
2026-05-10T15:25:00Z,80922.2,80953.8,80921.7,80921.9,3499.0
2026-05-10T15:30:00Z,80922.0,80951.9,80917.8,80949.9,840.0
2026-05-10T15:35:00Z,80949.9,81068.0,80949.9,81067.2,9177.0
2026-05-10T15:40:00Z,81060.2,81177.8,81025.0,81111.9,24793.0
2026-05-10T15:45:00Z,81117.9,81340.6,81097.2,81310.3,58132.0
2026-05-10T15:50:00Z,81304.8,81417.3,81285.3,81315.3,60630.0
2026-05-10T15:55:00Z,81311.3,81390.8,81311.3,81381.4,24951.0
2026-05-10T16:00:00Z,81387.4,81448.3,81345.5,81374.8,15989.0
2026-05-10T16:05:00Z,81374.8,81430.8,81324.5,81430.7,16652.0
2026-05-10T16:10:00Z,81430.8,81475.0,81407.0,81439.4,15391.0
2026-05-10T16:15:00Z,81442.8,81450.5,81298.6,81322.0,34255.0
2026-05-10T16:20:00Z,81318.8,81360.0,81251.1,81251.4,7553.0
2026-05-10T16:25:00Z,81251.0,81293.7,81214.6,81223.9,10564.0
2026-05-10T16:30:00Z,81229.4,81240.0,81159.5,81208.8,7363.0
2026-05-10T16:35:00Z,81196.0,81277.0,81163.9,81265.0,6869.0
2026-05-10T16:40:00Z,81265.1,81287.2,81200.0,81211.3,12020.0
2026-05-10T16:45:00Z,81215.0,81288.5,81190.0,81288.5,6766.0
2026-05-10T16:50:00Z,81288.5,81325.0,81267.9,81309.6,4423.0
2026-05-10T16:55:00Z,81309.7,81342.1,81288.0,81338.7,4002.0
2026-05-10T17:00:00Z,81338.8,81360.0,81311.1,81354.3,7524.0
2026-05-10T17:05:00Z,81354.2,81396.0,81206.4,81206.4,7874.0
2026-05-10T17:10:00Z,81206.0,81310.3,81192.1,81304.9,6177.0
2026-05-10T17:15:00Z,81304.9,81335.6,81250.0,81309.2,5620.0
2026-05-10T17:20:00Z,81309.2,81387.2,81309.2,81358.8,3137.0
2026-05-10T17:25:00Z,81358.8,81365.5,81326.1,81352.0,8349.0
2026-05-10T17:30:00Z,81355.6,81372.7,81293.4,81293.4,3146.0
2026-05-10T17:35:00Z,81290.1,81290.1,81249.9,81249.9,3013.0
2026-05-10T17:40:00Z,81249.9,81350.0,81249.0,81350.0,1499.0
2026-05-10T17:45:00Z,81350.0,81399.9,81305.0,81339.4,8922.0
2026-05-10T17:50:00Z,81335.6,81566.0,81328.5,81470.4,69771.0
2026-05-10T17:55:00Z,81465.7,81486.8,81411.2,81439.8,6039.0
2026-05-10T18:00:00Z,81449.0,81452.0,81387.9,81451.8,6085.0
2026-05-10T18:05:00Z,81450.9,81461.7,81358.6,81373.8,5185.0
2026-05-10T18:10:00Z,81373.7,81415.8,81371.2,81415.7,4275.0
2026-05-10T18:15:00Z,81415.7,81415.7,81290.9,81306.5,4778.0
2026-05-10T18:20:00Z,81306.5,81376.9,81296.5,81358.6,9819.0
2026-05-10T18:25:00Z,81358.6,81375.0,81318.8,81324.9,1233.0
2026-05-10T18:30:00Z,81324.8,81376.7,81300.0,81312.0,22019.0
2026-05-10T18:35:00Z,81310.2,81310.2,81274.7,81276.0,5181.0
2026-05-10T18:40:00Z,81276.0,81276.1,81200.3,81221.7,3442.0
2026-05-10T18:45:00Z,81221.7,81252.0,81219.1,81252.0,3324.0
2026-05-10T18:50:00Z,81255.8,81262.0,81194.8,81238.6,6578.0
2026-05-10T18:55:00Z,81248.9,81259.2,81218.3,81245.0,6069.0
2026-05-10T19:00:00Z,81245.0,81245.0,81105.6,81175.4,14523.0
2026-05-10T19:05:00Z,81176.0,81273.2,81175.8,81273.2,12283.0
2026-05-10T19:10:00Z,81276.6,81342.0,81276.2,81324.2,23556.0
2026-05-10T19:15:00Z,81324.2,81428.1,81317.9,81388.3,5051.0
2026-05-10T19:20:00Z,81387.9,81443.7,81368.7,81435.8,9484.0
2026-05-10T19:25:00Z,81435.7,81450.0,81402.5,81449.9,7638.0
2026-05-10T19:30:00Z,81450.0,81450.0,81390.0,81407.0,9658.0
2026-05-10T19:35:00Z,81407.1,81407.1,81359.2,81375.7,3713.0
2026-05-10T19:40:00Z,81375.8,81407.0,81375.7,81393.8,759.0
2026-05-10T19:45:00Z,81393.8,81397.5,81342.6,81351.6,1707.0
2026-05-10T19:50:00Z,81351.6,81359.9,81293.7,81302.0,3813.0
2026-05-10T19:55:00Z,81302.0,81401.9,81302.0,81398.0,4319.0
2026-05-10T20:00:00Z,81397.9,81417.7,81380.0,81380.0,3652.0
2026-05-10T20:05:00Z,81380.0,81415.5,81377.6,81415.4,3515.0
2026-05-10T20:10:00Z,81415.4,81415.5,81133.1,81151.6,37010.0
2026-05-10T20:15:00Z,81146.5,81181.5,81006.6,81029.6,54179.0
2026-05-10T20:20:00Z,81029.2,81165.2,81029.2,81075.7,9148.0
2026-05-10T20:25:00Z,81075.8,81131.4,81068.0,81106.9,5384.0
2026-05-10T20:30:00Z,81100.0,81100.0,80865.0,80941.1,39091.0
2026-05-10T20:35:00Z,80938.8,81068.1,80909.9,80965.6,8772.0
2026-05-10T20:40:00Z,80970.6,81000.1,80764.8,80764.8,10328.0
2026-05-10T20:45:00Z,80766.4,80766.4,80253.2,80319.8,180406.0
2026-05-10T20:50:00Z,80325.7,80644.7,80231.0,80576.0,129630.0
2026-05-10T20:55:00Z,80575.7,80702.3,80554.9,80691.1,119801.0
2026-05-10T21:00:00Z,80686.3,80911.2,80670.9,80753.7,117233.0
2026-05-10T21:05:00Z,80749.2,80832.1,80733.9,80800.0,12714.0
2026-05-10T21:10:00Z,80800.0,80800.1,80528.9,80617.6,35772.0
2026-05-10T21:15:00Z,80617.6,80848.4,80611.0,80840.6,10473.0
2026-05-10T21:20:00Z,80840.6,80840.6,80660.1,80699.9,2082.0
2026-05-10T21:25:00Z,80704.9,80799.9,80697.9,80799.4,5038.0
2026-05-10T21:30:00Z,80799.9,80898.5,80798.7,80814.6,6247.0
2026-05-10T21:35:00Z,80818.4,80862.4,80728.9,80728.9,3993.0
2026-05-10T21:40:00Z,80745.3,80848.4,80741.8,80802.0,11687.0
2026-05-10T21:45:00Z,80802.0,80842.5,80802.0,80825.1,1758.0
2026-05-10T21:50:00Z,80807.9,80880.4,80708.1,80708.1,3677.0
2026-05-10T21:55:00Z,80708.1,80736.2,80668.0,80674.1,3357.0
2026-05-10T22:00:00Z,80674.1,81161.4,80620.1,80905.7,65999.0
2026-05-10T22:05:00Z,80907.6,81205.0,80895.7,81150.1,20250.0
2026-05-10T22:10:00Z,81144.3,81391.8,81144.3,81280.0,37504.0
2026-05-10T22:15:00Z,81297.3,81340.1,81177.6,81321.0,16489.0
2026-05-10T22:20:00Z,81300.0,81334.6,81214.5,81274.7,4003.0
2026-05-10T22:25:00Z,81274.8,81693.4,81263.0,81471.9,110057.0
2026-05-10T22:30:00Z,81474.3,82087.6,81421.7,81985.1,106470.0
2026-05-10T22:35:00Z,81985.2,82035.5,81859.0,81899.9,22867.0
2026-05-10T22:40:00Z,81900.0,81950.0,81808.4,81847.3,23226.0
2026-05-10T22:45:00Z,81879.9,81963.6,81819.4,81950.0,17393.0
2026-05-10T22:50:00Z,81950.0,82048.8,81785.0,81992.8,49474.0
2026-05-10T22:55:00Z,81995.9,82134.2,81937.8,81996.3,33152.0
2026-05-10T23:00:00Z,82004.2,82377.0,82004.2,82200.0,146882.0
2026-05-10T23:05:00Z,82200.1,82350.0,82183.6,82274.1,21593.0
2026-05-10T23:10:00Z,82270.4,82395.1,82224.7,82355.2,17711.0
2026-05-10T23:15:00Z,82357.4,82439.4,82219.6,82228.8,19159.0
2026-05-10T23:20:00Z,82229.9,82300.0,82175.1,82236.2,13325.0
2026-05-10T23:25:00Z,82236.5,82315.3,82177.7,82193.7,9313.0
2026-05-10T23:30:00Z,82201.6,82260.7,82165.8,82181.7,3612.0
2026-05-10T23:35:00Z,82181.7,82382.1,82181.6,82338.7,11483.0
2026-05-10T23:40:00Z,82324.6,82365.5,82272.3,82348.8,5405.0
2026-05-10T23:45:00Z,82351.4,82372.2,82268.7,82282.7,7330.0
2026-05-10T23:50:00Z,82285.5,82285.5,82129.7,82144.2,10857.0
2026-05-10T23:55:00Z,82144.1,82177.7,82038.1,82177.7,35861.0
2026-05-11T00:00:00Z,82177.7,82350.0,82052.1,82052.5,21844.0
2026-05-11T00:05:00Z,82059.5,82088.0,81930.1,81940.6,26310.0
2026-05-11T00:10:00Z,81945.5,81995.8,81850.0,81850.2,16062.0
2026-05-11T00:15:00Z,81850.0,81850.2,81533.0,81541.1,117964.0
2026-05-11T00:20:00Z,81547.6,81745.6,81365.0,81738.3,84685.0
2026-05-11T00:25:00Z,81738.2,81768.2,81594.6,81636.2,15148.0
2026-05-11T00:30:00Z,81636.2,81794.5,81621.7,81719.4,10435.0
2026-05-11T00:35:00Z,81716.2,81762.5,81675.0,81685.5,7663.0
2026-05-11T00:40:00Z,81685.4,81685.4,81452.1,81548.0,7754.0
2026-05-11T00:45:00Z,81548.1,81606.7,81506.6,81551.8,8305.0
2026-05-11T00:50:00Z,81546.7,81570.1,81237.5,81294.9,42048.0
2026-05-11T00:55:00Z,81285.6,81448.9,81235.2,81433.2,31049.0
2026-05-11T01:00:00Z,81448.5,81449.7,81244.9,81299.9,63090.0
2026-05-11T01:05:00Z,81296.1,81412.6,81278.1,81316.8,14805.0
2026-05-11T01:10:00Z,81336.7,81548.0,81276.6,81460.0,14734.0
2026-05-11T01:15:00Z,81466.4,81651.0,81420.1,81650.0,10084.0
2026-05-11T01:20:00Z,81656.2,81707.1,81581.0,81667.5,12135.0
2026-05-11T01:25:00Z,81687.6,81693.0,81570.2,81586.5,2497.0
2026-05-11T01:30:00Z,81580.1,81638.1,81460.2,81512.9,7921.0
2026-05-11T01:35:00Z,81512.9,81518.0,81427.1,81466.9,8200.0
2026-05-11T01:40:00Z,81461.6,81538.1,81411.1,81446.2,3776.0
2026-05-11T01:45:00Z,81448.9,81532.7,81350.0,81532.7,7058.0
2026-05-11T01:50:00Z,81529.4,81545.6,81411.9,81452.9,8885.0
2026-05-11T01:55:00Z,81452.9,81487.9,81416.1,81464.9,770.0
2026-05-11T02:00:00Z,81477.2,81527.2,81430.2,81480.1,20508.0
2026-05-11T02:05:00Z,81480.1,81506.0,81319.8,81371.2,3861.0
2026-05-11T02:10:00Z,81375.0,81424.8,81320.9,81364.1,13817.0
2026-05-11T02:15:00Z,81347.6,81347.6,81145.0,81247.2,22923.0
2026-05-11T02:20:00Z,81236.6,81236.6,81100.1,81184.8,8570.0
2026-05-11T02:25:00Z,81199.8,81212.1,81139.3,81200.9,39465.0
2026-05-11T02:30:00Z,81200.9,81238.2,81071.2,81132.0,47246.0
2026-05-11T02:35:00Z,81132.0,81174.4,81093.6,81158.4,3619.0
2026-05-11T02:40:00Z,81158.4,81192.0,81130.7,81165.1,27530.0
2026-05-11T02:45:00Z,81166.0,81220.0,81147.1,81147.1,10380.0
2026-05-11T02:50:00Z,81147.0,81216.5,81147.0,81194.6,13857.0
2026-05-11T02:55:00Z,81194.6,81194.6,81128.8,81136.7,1412.0
2026-05-11T03:00:00Z,81145.0,81145.0,81057.6,81076.1,6587.0
2026-05-11T03:05:00Z,81072.9,81107.5,80960.0,80997.6,20436.0
2026-05-11T03:10:00Z,80997.6,80997.6,80560.2,80567.7,61702.0
2026-05-11T03:15:00Z,80569.8,80673.6,80517.8,80625.0,53123.0
2026-05-11T03:20:00Z,80620.2,80660.5,80523.3,80632.8,36656.0
2026-05-11T03:25:00Z,80632.7,80636.9,80513.5,80555.7,7005.0
2026-05-11T03:30:00Z,80555.7,80629.4,80507.2,80510.4,12392.0
2026-05-11T03:35:00Z,80514.9,80590.0,80481.3,80570.5,22086.0
2026-05-11T03:40:00Z,80580.4,80688.2,80570.1,80674.9,66190.0
2026-05-11T03:45:00Z,80674.9,80730.0,80655.7,80662.4,10884.0
2026-05-11T03:50:00Z,80641.5,80726.3,80641.1,80695.9,7490.0
2026-05-11T03:55:00Z,80695.9,80712.7,80670.6,80697.6,3307.0
2026-05-11T04:00:00Z,80693.7,80693.7,80635.3,80663.2,5912.0
2026-05-11T04:05:00Z,80671.9,80727.8,80605.5,80605.6,4446.0
2026-05-11T04:10:00Z,80605.5,80684.0,80597.8,80619.1,4942.0
2026-05-11T04:15:00Z,80619.1,80688.9,80619.1,80652.9,927.0
2026-05-11T04:20:00Z,80652.9,80741.4,80623.5,80727.9,6574.0
2026-05-11T04:25:00Z,80735.7,80750.0,80688.6,80720.0,2913.0
2026-05-11T04:30:00Z,80715.0,80769.3,80672.6,80757.7,3861.0
2026-05-11T04:35:00Z,80764.5,80780.4,80740.8,80749.4,4724.0
2026-05-11T04:40:00Z,80749.4,80782.5,80734.1,80782.5,775.0
2026-05-11T04:45:00Z,80782.5,80793.4,80700.9,80700.9,7962.0
2026-05-11T04:50:00Z,80690.7,80833.0,80690.7,80833.0,10760.0
2026-05-11T04:55:00Z,80830.1,80837.8,80791.3,80791.3,3211.0
2026-05-11T05:00:00Z,80788.2,80848.5,80766.3,80840.1,578.0
2026-05-11T05:05:00Z,80838.4,80855.3,80783.2,80806.1,1466.0
2026-05-11T05:10:00Z,80817.7,80849.9,80807.1,80807.1,2465.0
2026-05-11T05:15:00Z,80807.1,80861.7,80807.1,80853.7,1408.0
2026-05-11T05:20:00Z,80856.0,80890.5,80856.0,80890.5,838.0
2026-05-11T05:25:00Z,80890.5,80930.0,80873.8,80921.2,3833.0
2026-05-11T05:30:00Z,80921.2,80944.9,80900.0,80939.0,802.0
2026-05-11T05:35:00Z,80939.0,80939.0,80812.3,80829.4,795.0
2026-05-11T05:40:00Z,80825.8,80861.6,80746.2,80748.7,8115.0
2026-05-11T05:45:00Z,80746.9,80813.8,80716.2,80813.8,5186.0
2026-05-11T05:50:00Z,80807.6,80820.0,80748.7,80814.8,2942.0
2026-05-11T05:55:00Z,80806.3,80820.6,80788.2,80799.9,10876.0
2026-05-11T06:00:00Z,80785.9,80827.9,80756.4,80827.9,5825.0
2026-05-11T06:05:00Z,80831.4,80905.0,80797.3,80882.3,5308.0
2026-05-11T06:10:00Z,80882.4,80938.3,80869.9,80873.4,2125.0
2026-05-11T06:15:00Z,80873.4,80879.9,80789.9,80814.8,1188.0
2026-05-11T06:20:00Z,80828.7,80947.2,80828.7,80947.2,4308.0
2026-05-11T06:25:00Z,80947.2,81015.0,80940.2,80950.5,2196.0
2026-05-11T06:30:00Z,80950.5,80986.4,80908.1,80908.1,5089.0
2026-05-11T06:35:00Z,80908.1,80933.9,80872.4,80893.9,1422.0
2026-05-11T06:40:00Z,80893.8,80893.8,80772.0,80787.8,4399.0
2026-05-11T06:45:00Z,80787.7,80790.0,80725.0,80727.9,3470.0
2026-05-11T06:50:00Z,80725.1,80824.2,80725.1,80792.9,866.0
2026-05-11T06:55:00Z,80792.9,80837.5,80790.7,80790.8,4350.0
2026-05-11T07:00:00Z,80796.8,80796.8,80705.4,80705.4,10063.0
2026-05-11T07:05:00Z,80704.8,80729.1,80667.4,80729.1,8395.0
2026-05-11T07:10:00Z,80729.1,80757.4,80708.5,80714.0,3219.0
2026-05-11T07:15:00Z,80714.0,80800.0,80667.5,80800.0,5845.0
2026-05-11T07:20:00Z,80803.4,80803.4,80712.6,80739.9,1614.0
2026-05-11T07:25:00Z,80749.3,80753.0,80686.3,80699.9,204459.0
2026-05-11T07:30:00Z,80699.9,80723.5,80640.0,80690.9,4532.0
2026-05-11T07:35:00Z,80687.7,80710.5,80674.0,80699.5,2722.0
2026-05-11T07:40:00Z,80688.0,80731.8,80659.9,80685.7,1446.0
2026-05-11T07:45:00Z,80685.7,80738.6,80676.4,80692.3,2498.0
2026-05-11T07:50:00Z,80697.9,80769.3,80697.9,80740.0,5867.0
2026-05-11T07:55:00Z,80722.0,80727.3,80675.0,80708.9,1600.0
2026-05-11T08:00:00Z,80701.2,80747.8,80662.3,80670.5,1135.0
2026-05-11T08:05:00Z,80676.4,80731.8,80623.0,80623.0,4365.0
2026-05-11T08:10:00Z,80627.7,80720.0,80614.4,80719.2,1959.0
2026-05-11T08:15:00Z,80724.0,80758.3,80700.0,80747.5,4530.0
2026-05-11T08:20:00Z,80747.5,80747.5,80693.8,80736.2,1715.0
2026-05-11T08:25:00Z,80745.0,80758.0,80606.3,80608.6,6417.0
2026-05-11T08:30:00Z,80604.9,80688.0,80580.0,80658.1,3839.0
2026-05-11T08:35:00Z,80658.1,80779.1,80658.1,80739.8,2065.0
2026-05-11T08:40:00Z,80739.8,80814.8,80739.8,80797.7,5204.0
2026-05-11T08:45:00Z,80792.1,80829.6,80780.0,80813.7,3209.0
2026-05-11T08:50:00Z,80822.7,80824.7,80759.6,80759.6,2668.0
2026-05-11T08:55:00Z,80759.6,80761.7,80700.1,80733.7,775.0
2026-05-11T09:00:00Z,80729.4,80801.6,80716.6,80801.6,2425.0
2026-05-11T09:05:00Z,80802.1,80833.1,80798.0,80833.1,848.0
2026-05-11T09:10:00Z,80828.1,80891.2,80828.0,80891.2,10419.0
2026-05-11T09:15:00Z,80890.1,80917.5,80873.8,80873.8,1697.0
2026-05-11T09:20:00Z,80873.8,80901.0,80860.0,80882.4,3337.0
2026-05-11T09:25:00Z,80882.3,80901.2,80878.3,80880.0,1097.0
2026-05-11T09:30:00Z,80880.0,80893.1,80842.1,80857.7,27277.0
2026-05-11T09:35:00Z,80857.7,80866.5,80820.3,80837.4,3514.0
2026-05-11T09:40:00Z,80837.4,80901.1,80820.4,80880.0,1085.0
2026-05-11T09:45:00Z,80880.0,80961.7,80857.4,80928.6,2124.0
2026-05-11T09:50:00Z,80928.6,80937.4,80899.8,80905.1,1083.0
2026-05-11T09:55:00Z,80905.5,80964.6,80876.0,80923.4,1157.0
2026-05-11T10:00:00Z,80932.0,80968.1,80920.3,80924.0,5348.0
2026-05-11T10:05:00Z,80932.9,81041.4,80923.5,81035.6,6005.0
2026-05-11T10:10:00Z,81032.5,81063.0,80983.8,80989.0,6504.0
2026-05-11T10:15:00Z,80987.2,81117.4,80975.8,81085.8,14124.0
2026-05-11T10:20:00Z,81085.6,81101.9,81055.6,81085.8,6640.0
2026-05-11T10:25:00Z,81085.8,81157.1,81068.1,81127.6,8582.0
2026-05-11T10:30:00Z,81135.3,81157.8,81036.5,81041.7,10846.0
2026-05-11T10:35:00Z,81036.5,81057.4,80942.5,80975.1,5665.0
2026-05-11T10:40:00Z,80976.2,81053.6,80976.2,81024.6,52062.0
2026-05-11T10:45:00Z,81016.1,81051.9,80970.8,81034.0,11630.0
2026-05-11T10:50:00Z,81038.8,81046.6,81000.1,81001.9,2071.0
2026-05-11T10:55:00Z,80985.9,80993.9,80901.6,80901.6,6065.0
2026-05-11T11:00:00Z,80901.2,80982.2,80901.2,80952.3,3490.0
2026-05-11T11:05:00Z,80952.2,80971.6,80929.2,80966.9,2819.0
2026-05-11T11:10:00Z,80966.9,80966.9,80865.9,80915.7,5269.0
2026-05-11T11:15:00Z,80920.6,81080.5,80920.6,81060.1,10655.0
2026-05-11T11:20:00Z,81056.1,81120.0,81056.1,81089.1,2943.0
2026-05-11T11:25:00Z,81089.1,81098.7,81057.1,81057.1,8718.0
2026-05-11T11:30:00Z,81059.9,81130.0,81059.8,81115.1,6265.0
2026-05-11T11:35:00Z,81112.7,81134.4,81091.0,81114.6,5396.0
2026-05-11T11:40:00Z,81118.4,81131.2,81103.0,81105.5,3724.0
2026-05-11T11:45:00Z,81105.5,81122.5,81094.9,81094.9,3091.0
2026-05-11T11:50:00Z,81095.8,81138.0,81054.2,81137.9,3371.0
2026-05-11T11:55:00Z,81137.9,81156.7,81100.0,81155.5,26955.0
2026-05-11T12:00:00Z,81157.8,81205.1,81108.0,81130.5,11350.0
2026-05-11T12:05:00Z,81133.9,81149.9,81056.6,81089.4,1794.0
2026-05-11T12:10:00Z,81080.7,81080.7,81027.0,81055.8,5265.0
2026-05-11T12:15:00Z,81055.8,81150.0,81031.0,81089.8,3471.0
2026-05-11T12:20:00Z,81089.8,81300.0,81072.4,81275.3,9230.0
2026-05-11T12:25:00Z,81271.2,81271.3,81221.5,81266.0,5969.0
2026-05-11T12:30:00Z,81260.0,81320.0,81201.3,81201.3,11679.0
2026-05-11T12:35:00Z,81201.3,81250.5,81154.0,81180.1,108138.0
2026-05-11T12:40:00Z,81191.2,81199.9,81109.6,81127.6,5844.0
2026-05-11T12:45:00Z,81111.7,81186.2,81060.8,81100.5,7130.0
2026-05-11T12:50:00Z,81110.9,81110.9,80983.5,81050.0,11480.0
2026-05-11T12:55:00Z,81034.2,81060.9,81009.3,81011.0,3077.0
2026-05-11T13:00:00Z,81025.5,81210.0,81015.7,81160.0,8465.0
2026-05-11T13:05:00Z,81158.6,81246.9,81154.6,81213.4,6936.0
2026-05-11T13:10:00Z,81213.5,81249.8,81206.9,81246.0,7636.0
2026-05-11T13:15:00Z,81246.0,81288.5,81193.6,81193.6,7377.0
2026-05-11T13:20:00Z,81193.6,81253.2,81193.6,81244.5,6339.0
2026-05-11T13:25:00Z,81244.6,81244.6,81100.8,81112.1,11218.0
2026-05-11T13:30:00Z,81128.8,81128.9,80868.8,80871.0,27722.0
2026-05-11T13:35:00Z,80865.9,80891.2,80716.0,80824.0,40251.0
2026-05-11T13:40:00Z,80824.0,81215.2,80809.2,81047.1,21430.0
2026-05-11T13:45:00Z,81037.8,81078.3,80922.5,80994.0,28099.0
2026-05-11T13:50:00Z,81012.0,81065.8,80926.1,80930.0,10349.0
2026-05-11T13:55:00Z,80921.2,81054.6,80902.4,81032.8,44549.0
2026-05-11T14:00:00Z,81032.9,81188.1,81031.6,81152.6,13950.0
2026-05-11T14:05:00Z,81152.6,81221.0,81134.8,81175.1,6655.0
2026-05-11T14:10:00Z,81167.7,81175.0,81055.3,81096.6,10037.0
2026-05-11T14:15:00Z,81109.3,81133.4,81020.9,81045.5,11955.0
2026-05-11T14:20:00Z,81040.0,81040.0,80856.5,80920.2,14763.0
2026-05-11T14:25:00Z,80932.0,80940.2,80705.3,80709.7,70133.0
2026-05-11T14:30:00Z,80703.0,80791.4,80408.8,80568.2,115739.0
2026-05-11T14:35:00Z,80556.2,80853.2,80544.9,80834.8,60293.0
2026-05-11T14:40:00Z,80856.1,80872.1,80763.9,80764.0,121047.0
2026-05-11T14:45:00Z,80766.9,80781.7,80676.7,80716.0,9301.0
2026-05-11T14:50:00Z,80733.4,80919.8,80720.0,80851.8,17901.0
2026-05-11T14:55:00Z,80859.9,80930.6,80842.4,80928.0,8825.0
2026-05-11T15:00:00Z,80927.4,80927.4,80796.4,80879.9,8117.0
2026-05-11T15:05:00Z,80879.9,80893.7,80834.5,80869.0,2910.0
2026-05-11T15:10:00Z,80880.8,81059.9,80822.7,80977.9,19176.0
2026-05-11T15:15:00Z,80987.2,81071.9,80920.1,80920.1,5359.0
2026-05-11T15:20:00Z,80920.0,81039.5,80907.8,81030.4,2511.0
2026-05-11T15:25:00Z,81018.9,81387.3,81009.4,81302.0,69925.0
2026-05-11T15:30:00Z,81306.4,81399.0,81175.7,81179.9,32198.0
2026-05-11T15:35:00Z,81179.9,81250.1,81177.4,81242.3,17453.0
2026-05-11T15:40:00Z,81250.0,81255.1,81176.9,81196.3,6219.0
2026-05-11T15:45:00Z,81187.1,81229.6,81175.2,81193.4,3953.0
2026-05-11T15:50:00Z,81199.9,81346.1,81191.3,81314.5,5290.0
2026-05-11T15:55:00Z,81322.5,81421.9,81322.5,81406.7,19300.0
2026-05-11T16:00:00Z,81408.8,81408.8,81303.0,81315.7,7641.0
2026-05-11T16:05:00Z,81307.9,81565.7,81307.9,81536.0,33947.0
2026-05-11T16:10:00Z,81526.6,81740.0,81526.6,81740.0,60504.0
2026-05-11T16:15:00Z,81742.5,81780.0,81633.5,81776.8,45757.0
2026-05-11T16:20:00Z,81779.8,81818.0,81737.7,81809.5,11267.0
2026-05-11T16:25:00Z,81804.1,81818.0,81674.9,81725.5,15721.0
2026-05-11T16:30:00Z,81725.8,81880.0,81725.8,81864.9,19530.0
2026-05-11T16:35:00Z,81865.0,81865.0,81766.4,81799.9,10682.0
2026-05-11T16:40:00Z,81794.7,81794.7,81515.0,81539.6,27587.0
2026-05-11T16:45:00Z,81529.6,81717.9,81529.4,81668.9,34222.0
2026-05-11T16:50:00Z,81653.6,81675.7,81549.6,81613.2,6928.0
2026-05-11T16:55:00Z,81609.7,81635.3,81537.2,81537.2,27799.0
2026-05-11T17:00:00Z,81536.0,81592.0,81395.9,81484.7,74305.0
2026-05-11T17:05:00Z,81484.6,81500.0,81322.1,81403.3,14846.0
2026-05-11T17:10:00Z,81397.6,81493.5,81370.0,81478.1,20314.0
2026-05-11T17:15:00Z,81484.5,81631.2,81474.3,81564.7,38678.0
2026-05-11T17:20:00Z,81564.8,81617.9,81561.0,81569.6,55559.0
2026-05-11T17:25:00Z,81564.0,81603.6,81543.2,81602.4,32887.0
2026-05-11T17:30:00Z,81602.4,81655.0,81550.5,81655.0,5651.0
2026-05-11T17:35:00Z,81657.9,81837.9,81648.3,81823.6,41649.0
2026-05-11T17:40:00Z,81821.5,81973.3,81820.7,81958.7,63803.0
2026-05-11T17:45:00Z,81945.2,82018.0,81877.5,81910.0,32478.0
2026-05-11T17:50:00Z,81901.0,81980.0,81886.6,81886.6,8653.0
2026-05-11T17:55:00Z,81874.3,81930.0,81851.4,81895.2,11502.0
2026-05-11T18:00:00Z,81894.1,81960.0,81862.4,81949.0,14290.0
2026-05-11T18:05:00Z,81952.1,82068.1,81936.1,81996.6,15861.0
2026-05-11T18:10:00Z,82004.9,82009.0,81899.8,81899.8,36729.0
2026-05-11T18:15:00Z,81900.0,81932.6,81807.1,81832.5,46476.0
2026-05-11T18:20:00Z,81832.6,81927.4,81832.6,81894.0,5757.0
2026-05-11T18:25:00Z,81881.6,82015.0,81800.0,82005.7,5843.0
2026-05-11T18:30:00Z,81989.5,82098.9,81963.7,81963.8,18057.0
2026-05-11T18:35:00Z,81979.9,82003.0,81937.0,81937.0,9774.0
2026-05-11T18:40:00Z,81937.0,81945.4,81904.0,81910.3,4766.0
2026-05-11T18:45:00Z,81910.3,82050.0,81856.5,81982.8,24533.0
2026-05-11T18:50:00Z,81979.4,82018.9,81836.7,81864.4,23565.0
2026-05-11T18:55:00Z,81864.7,81952.0,81807.5,81821.7,3464.0
2026-05-11T19:00:00Z,81819.2,81853.5,81711.0,81741.7,13874.0
2026-05-11T19:05:00Z,81741.8,81936.8,81729.4,81899.9,10263.0
2026-05-11T19:10:00Z,81889.7,81909.9,81859.7,81866.6,5615.0
2026-05-11T19:15:00Z,81866.7,81879.2,81782.1,81829.9,33481.0
2026-05-11T19:20:00Z,81830.0,82047.8,81780.4,82002.7,13063.0
2026-05-11T19:25:00Z,82002.8,82006.1,81819.1,81863.8,4847.0
2026-05-11T19:30:00Z,81852.0,81879.5,81807.7,81807.7,7363.0
2026-05-11T19:35:00Z,81807.7,81890.6,81802.4,81885.3,16273.0
2026-05-11T19:40:00Z,81889.7,82039.9,81889.5,81957.6,6432.0
2026-05-11T19:45:00Z,81957.6,81988.7,81925.0,81934.7,6298.0
2026-05-11T19:50:00Z,81939.2,81946.3,81885.4,81896.3,2242.0
2026-05-11T19:55:00Z,81896.4,81960.0,81896.3,81913.7,2938.0
2026-05-11T20:00:00Z,81927.8,81996.0,81879.9,81987.2,2797.0
2026-05-11T20:05:00Z,81982.3,82025.6,81974.9,82003.1,8679.0
2026-05-11T20:10:00Z,82003.1,82010.3,81807.7,81868.6,8274.0
2026-05-11T20:15:00Z,81871.2,81922.1,81844.1,81915.1,2139.0
2026-05-11T20:20:00Z,81922.9,81929.8,81813.6,81880.2,2123.0
2026-05-11T20:25:00Z,81880.2,81880.2,81826.1,81857.0,1153.0
2026-05-11T20:30:00Z,81857.0,81882.4,81797.1,81873.4,33543.0
2026-05-11T20:35:00Z,81873.4,81881.6,81814.2,81829.8,1528.0
2026-05-11T20:40:00Z,81829.8,81829.8,81720.8,81778.4,19697.0
2026-05-11T20:45:00Z,81781.7,81890.7,81763.4,81870.7,32520.0
2026-05-11T20:50:00Z,81856.0,81856.0,81804.1,81804.1,2516.0
2026-05-11T20:55:00Z,81804.1,81807.9,81760.6,81778.5,5646.0
2026-05-11T21:00:00Z,81778.5,81847.9,81778.5,81807.2,4027.0
2026-05-11T21:05:00Z,81798.9,81802.4,81695.8,81695.8,13669.0
2026-05-11T21:10:00Z,81695.8,81708.8,81631.2,81692.6,40224.0
2026-05-11T21:15:00Z,81692.6,81718.0,81634.2,81654.9,2847.0
2026-05-11T21:20:00Z,81654.8,81694.4,81602.8,81637.5,2604.0
2026-05-11T21:25:00Z,81641.9,81655.7,81594.5,81594.5,14119.0
2026-05-11T21:30:00Z,81594.5,81594.5,81556.8,81560.0,17803.0
2026-05-11T21:35:00Z,81560.1,81691.3,81560.1,81675.7,9845.0
2026-05-11T21:40:00Z,81670.1,81733.1,81666.4,81691.3,26236.0
2026-05-11T21:45:00Z,81691.2,81707.2,81622.9,81698.7,3390.0
2026-05-11T21:50:00Z,81698.7,81786.8,81696.4,81782.6,7197.0
2026-05-11T21:55:00Z,81800.0,81854.4,81765.6,81784.6,4361.0
2026-05-11T22:00:00Z,81794.7,81950.2,81762.7,81909.0,113099.0
2026-05-11T22:05:00Z,81909.0,81909.1,81809.4,81822.0,21280.0
2026-05-11T22:10:00Z,81822.1,81835.8,81750.0,81803.6,65105.0
2026-05-11T22:15:00Z,81794.0,81861.5,81779.7,81861.5,37187.0
2026-05-11T22:20:00Z,81872.9,81894.9,81768.0,81814.6,28625.0
2026-05-11T22:25:00Z,81816.0,81816.0,81689.0,81694.6,5275.0
2026-05-11T22:30:00Z,81697.5,81747.8,81697.5,81704.6,1090.0
2026-05-11T22:35:00Z,81704.6,81764.2,81701.1,81743.0,33562.0
2026-05-11T22:40:00Z,81740.4,81761.5,81725.1,81741.1,808.0
2026-05-11T22:45:00Z,81747.9,81831.7,81725.2,81793.6,4295.0
2026-05-11T22:50:00Z,81793.6,81873.2,81793.6,81818.3,26103.0
2026-05-11T22:55:00Z,81818.3,81827.1,81788.3,81788.3,541.0
2026-05-11T23:00:00Z,81788.3,81788.3,81685.1,81734.6,2659.0
2026-05-11T23:05:00Z,81734.6,81747.6,81672.7,81672.7,21413.0
2026-05-11T23:10:00Z,81672.9,81688.8,81650.0,81688.8,27068.0
2026-05-11T23:15:00Z,81688.8,81700.0,81626.6,81626.6,601.0
2026-05-11T23:20:00Z,81629.9,81651.1,81602.8,81636.1,18376.0
2026-05-11T23:25:00Z,81626.3,81626.3,81553.6,81587.0,41934.0
2026-05-11T23:30:00Z,81586.7,81677.0,81582.3,81677.0,13595.0
2026-05-11T23:35:00Z,81680.9,81720.9,81679.8,81714.0,85952.0
2026-05-11T23:40:00Z,81705.0,81778.5,81698.9,81739.6,6373.0
2026-05-11T23:45:00Z,81739.7,81752.3,81707.7,81710.6,3020.0
2026-05-11T23:50:00Z,81715.9,81734.6,81695.0,81708.0,3759.0
2026-05-11T23:55:00Z,81708.0,81720.0,81699.0,81699.0,772.0
2026-05-12T00:00:00Z,81699.1,81752.0,81609.4,81690.3,7771.0
2026-05-12T00:05:00Z,81690.3,81697.2,81610.1,81649.3,4767.0
2026-05-12T00:10:00Z,81649.3,81655.3,81574.4,81582.3,2178.0
2026-05-12T00:15:00Z,81574.4,81639.9,81543.8,81568.7,1957.0
2026-05-12T00:20:00Z,81568.7,81604.1,81480.2,81495.2,11694.0
2026-05-12T00:25:00Z,81491.6,81529.3,81483.3,81529.3,1493.0
2026-05-12T00:30:00Z,81529.3,81620.7,81520.3,81550.0,8320.0
2026-05-12T00:35:00Z,81550.0,81554.1,81496.7,81518.4,5700.0
2026-05-12T00:40:00Z,81518.4,81524.9,81442.0,81451.4,4087.0
2026-05-12T00:45:00Z,81455.3,81526.6,81455.3,81526.0,9656.0
2026-05-12T00:50:00Z,81525.9,81552.0,81514.4,81516.0,1027.0
2026-05-12T00:55:00Z,81525.5,81541.2,81505.6,81508.7,4254.0
2026-05-12T01:00:00Z,81505.8,81574.4,81406.0,81428.8,3632.0
2026-05-12T01:05:00Z,81435.2,81489.7,81358.1,81396.8,4446.0
2026-05-12T01:10:00Z,81396.6,81399.0,81350.0,81359.9,7751.0
2026-05-12T01:15:00Z,81359.9,81359.9,81239.6,81337.3,27465.0
2026-05-12T01:20:00Z,81345.0,81359.8,81227.5,81359.8,2051.0
2026-05-12T01:25:00Z,81359.8,81433.6,81307.8,81331.8,47655.0
2026-05-12T01:30:00Z,81327.2,81350.1,81079.1,81107.9,102265.0
2026-05-12T01:35:00Z,81107.9,81153.2,80771.0,80820.4,108130.0
2026-05-12T01:40:00Z,80815.0,81032.1,80650.8,81030.0,233998.0
2026-05-12T01:45:00Z,81006.4,81118.4,80973.6,81118.4,58676.0
2026-05-12T01:50:00Z,81118.4,81282.6,81118.4,81166.8,73497.0
2026-05-12T01:55:00Z,81166.6,81197.3,81126.4,81158.4,48775.0
2026-05-12T02:00:00Z,81130.5,81243.0,81109.5,81242.7,8328.0
2026-05-12T02:05:00Z,81242.8,81275.7,81218.3,81229.6,17213.0
2026-05-12T02:10:00Z,81229.6,81293.6,81229.6,81274.3,2905.0
2026-05-12T02:15:00Z,81274.4,81274.4,81090.9,81090.9,9844.0
2026-05-12T02:20:00Z,81090.9,81205.1,81035.0,81172.9,89978.0
2026-05-12T02:25:00Z,81172.9,81238.2,81167.0,81224.1,2589.0
2026-05-12T02:30:00Z,81236.4,81236.4,81151.7,81151.7,2325.0
2026-05-12T02:35:00Z,81147.0,81162.4,81071.9,81096.5,4273.0
2026-05-12T02:40:00Z,81096.6,81131.3,81094.3,81094.3,5928.0
2026-05-12T02:45:00Z,81094.3,81162.8,81094.3,81149.4,11503.0
2026-05-12T02:50:00Z,81149.4,81238.9,81149.4,81223.0,15193.0
2026-05-12T02:55:00Z,81223.0,81223.0,81189.0,81219.9,3537.0
2026-05-12T03:00:00Z,81223.3,81255.2,81195.6,81200.5,2491.0
2026-05-12T03:05:00Z,81191.5,81240.1,81162.6,81208.0,52019.0
2026-05-12T03:10:00Z,81208.0,81211.2,81141.6,81183.3,15535.0
2026-05-12T03:15:00Z,81177.7,81199.7,81165.2,81178.1,260.0
2026-05-12T03:20:00Z,81178.1,81180.0,81129.9,81154.6,1318.0
2026-05-12T03:25:00Z,81154.6,81160.5,81111.0,81134.0,1003.0
2026-05-12T03:30:00Z,81134.2,81161.6,81127.3,81161.6,2641.0
2026-05-12T03:35:00Z,81149.4,81193.5,81122.8,81155.0,2792.0
2026-05-12T03:40:00Z,81155.0,81175.8,81137.5,81156.2,895.0
2026-05-12T03:45:00Z,81156.2,81156.2,81037.3,81076.9,9365.0
2026-05-12T03:50:00Z,81076.9,81076.9,81000.5,81043.7,4860.0
2026-05-12T03:55:00Z,81043.7,81043.7,81000.0,81026.3,4270.0
2026-05-12T04:00:00Z,81021.7,81050.8,80973.6,80984.4,24319.0
2026-05-12T04:05:00Z,80990.0,81037.3,80990.0,81015.1,2865.0
2026-05-12T04:10:00Z,81012.9,81012.9,80977.0,80977.8,7369.0
2026-05-12T04:15:00Z,80973.5,81132.5,80970.3,81130.2,10631.0
2026-05-12T04:20:00Z,81125.2,81157.8,81118.8,81142.8,18842.0
2026-05-12T04:25:00Z,81142.8,81197.8,81140.5,81180.3,3150.0
2026-05-12T04:30:00Z,81180.3,81198.3,81169.2,81169.2,1656.0
2026-05-12T04:35:00Z,81178.0,81259.7,81178.0,81259.7,19220.0
2026-05-12T04:40:00Z,81259.7,81261.9,81217.0,81217.0,47275.0
2026-05-12T04:45:00Z,81217.0,81269.9,81217.0,81269.9,5267.0
2026-05-12T04:50:00Z,81269.9,81270.2,81186.8,81200.0,4643.0
2026-05-12T04:55:00Z,81200.0,81215.9,81182.4,81194.9,1291.0
2026-05-12T05:00:00Z,81194.9,81220.4,81186.7,81219.3,10422.0
2026-05-12T05:05:00Z,81241.1,81247.7,81181.2,81181.2,1943.0
2026-05-12T05:10:00Z,81181.2,81185.6,81167.0,81185.6,20079.0
2026-05-12T05:15:00Z,81185.6,81238.4,81185.6,81235.0,20757.0
2026-05-12T05:20:00Z,81189.9,81225.9,81189.9,81208.9,1066.0
2026-05-12T05:25:00Z,81208.9,81263.7,81208.9,81248.4,2567.0
2026-05-12T05:30:00Z,81248.4,81270.3,81149.3,81159.4,5066.0
2026-05-12T05:35:00Z,81162.9,81249.9,81162.9,81234.9,613.0
2026-05-12T05:40:00Z,81235.0,81241.8,81207.9,81211.8,1305.0
2026-05-12T05:45:00Z,81215.9,81233.5,81215.9,81227.0,274.0
2026-05-12T05:50:00Z,81227.0,81227.2,81190.0,81203.9,911.0
2026-05-12T05:55:00Z,81203.9,81244.6,81186.8,81186.8,867.0
2026-05-12T06:00:00Z,81184.8,81233.6,81143.8,81209.6,2390.0
2026-05-12T06:05:00Z,81209.6,81226.0,81195.6,81219.1,1752.0
2026-05-12T06:10:00Z,81219.1,81233.5,81218.5,81227.3,1469.0
2026-05-12T06:15:00Z,81225.0,81269.5,81223.7,81252.4,4622.0
2026-05-12T06:20:00Z,81252.4,81259.1,81209.8,81236.6,4140.0
2026-05-12T06:25:00Z,81250.7,81255.5,81190.0,81190.0,1416.0
2026-05-12T06:30:00Z,81184.7,81184.9,81089.0,81109.7,36776.0
2026-05-12T06:35:00Z,81109.7,81167.7,81083.3,81093.9,7335.0
2026-05-12T06:40:00Z,81093.9,81100.9,81060.0,81061.3,4939.0
2026-05-12T06:45:00Z,81060.5,81094.3,81060.4,81087.6,1139.0
2026-05-12T06:50:00Z,81087.5,81087.5,81000.0,81010.7,6302.0
2026-05-12T06:55:00Z,81000.0,81005.1,80980.6,80990.0,3327.0
2026-05-12T07:00:00Z,80988.6,80988.6,80873.1,80884.9,50552.0
2026-05-12T07:05:00Z,80884.9,80951.6,80835.8,80938.3,6981.0
2026-05-12T07:10:00Z,80938.3,81066.0,80933.6,81037.1,3428.0
2026-05-12T07:15:00Z,81037.1,81037.1,80872.0,81000.0,14427.0
2026-05-12T07:20:00Z,81009.7,81100.0,81007.2,81082.1,4427.0
2026-05-12T07:25:00Z,81082.1,81082.1,80980.3,80986.8,3201.0
2026-05-12T07:30:00Z,80984.7,81062.3,80980.0,81027.2,922.0
2026-05-12T07:35:00Z,81027.1,81027.1,80932.9,80943.4,11797.0
2026-05-12T07:40:00Z,80941.6,80947.2,80900.4,80900.4,2170.0
2026-05-12T07:45:00Z,80900.4,80933.1,80763.9,80835.6,6746.0
2026-05-12T07:50:00Z,80835.5,80915.9,80835.5,80915.9,2699.0
2026-05-12T07:55:00Z,80916.0,80919.3,80812.2,80817.9,3384.0
2026-05-12T08:00:00Z,80816.5,80888.0,80758.2,80816.7,25216.0
2026-05-12T08:05:00Z,80816.7,80869.0,80782.1,80864.5,9104.0
2026-05-12T08:10:00Z,80864.5,80864.5,80752.2,80780.8,108082.0
2026-05-12T08:15:00Z,80777.5,80829.9,80720.0,80820.5,8421.0
2026-05-12T08:20:00Z,80820.4,80897.4,80814.1,80851.8,3494.0
2026-05-12T08:25:00Z,80851.8,80858.7,80805.0,80842.0,3047.0
2026-05-12T08:30:00Z,80842.0,80874.2,80810.1,80874.2,1058.0
2026-05-12T08:35:00Z,80873.7,80929.6,80873.7,80900.8,5570.0
2026-05-12T08:40:00Z,80900.8,80917.8,80874.9,80917.8,635.0
2026-05-12T08:45:00Z,80911.3,80920.0,80880.7,80880.7,31779.0
2026-05-12T08:50:00Z,80880.7,80903.0,80802.3,80814.5,3545.0
2026-05-12T08:55:00Z,80814.6,80834.6,80794.3,80800.1,1076.0
2026-05-12T09:00:00Z,80800.4,80834.8,80771.4,80834.7,18810.0
2026-05-12T09:05:00Z,80840.6,80844.3,80717.2,80778.7,7606.0
2026-05-12T09:10:00Z,80778.7,80807.1,80724.2,80731.3,1530.0
2026-05-12T09:15:00Z,80731.3,80764.5,80710.0,80720.0,8473.0
2026-05-12T09:20:00Z,80720.0,80737.0,80674.2,80698.4,12370.0
2026-05-12T09:25:00Z,80694.5,80698.5,80670.0,80691.9,5088.0
2026-05-12T09:30:00Z,80692.0,80909.0,80691.8,80887.7,8530.0
2026-05-12T09:35:00Z,80909.0,80909.0,80868.0,80900.0,93057.0
2026-05-12T09:40:00Z,80900.0,80925.0,80880.0,80884.4,6217.0
2026-05-12T09:45:00Z,80890.8,80915.7,80819.3,80856.9,17367.0
2026-05-12T09:50:00Z,80865.0,80865.0,80782.3,80783.5,1128.0
2026-05-12T09:55:00Z,80783.5,80807.2,80769.0,80799.0,4110.0
2026-05-12T10:00:00Z,80799.0,80804.0,80736.4,80741.5,2344.0
2026-05-12T10:05:00Z,80741.6,80800.0,80741.6,80781.4,2658.0
2026-05-12T10:10:00Z,80781.5,80798.9,80760.0,80760.1,776.0
2026-05-12T10:15:00Z,80760.1,80787.6,80725.9,80787.6,15253.0
2026-05-12T10:20:00Z,80785.2,80785.3,80691.0,80724.3,1551.0
2026-05-12T10:25:00Z,80732.7,80732.7,80630.0,80685.2,10996.0
2026-05-12T10:30:00Z,80685.2,80708.8,80579.6,80616.0,23374.0
2026-05-12T10:35:00Z,80613.1,80699.9,80597.6,80669.4,11500.0
2026-05-12T10:40:00Z,80669.4,80674.1,80616.0,80647.4,4204.0
2026-05-12T10:45:00Z,80647.4,80665.0,80615.0,80615.0,10284.0
2026-05-12T10:50:00Z,80615.0,80668.2,80562.8,80630.8,8600.0
2026-05-12T10:55:00Z,80630.8,80637.6,80602.2,80634.0,3934.0
2026-05-12T11:00:00Z,80634.0,80651.3,80577.9,80619.3,16831.0
2026-05-12T11:05:00Z,80616.4,80616.4,80484.0,80582.3,24498.0
2026-05-12T11:10:00Z,80584.1,80657.4,80540.0,80542.4,10005.0
2026-05-12T11:15:00Z,80542.4,80542.4,80450.0,80489.9,11547.0
2026-05-12T11:20:00Z,80500.0,80561.5,80485.8,80548.6,13145.0
2026-05-12T11:25:00Z,80548.6,80619.3,80548.6,80601.5,7076.0
2026-05-12T11:30:00Z,80601.5,80643.0,80601.5,80631.2,2585.0
2026-05-12T11:35:00Z,80631.1,80660.3,80621.9,80648.0,7937.0
2026-05-12T11:40:00Z,80659.7,80699.9,80659.7,80697.1,19119.0
2026-05-12T11:45:00Z,80697.1,80730.7,80679.2,80717.3,7217.0
2026-05-12T11:50:00Z,80717.2,80730.1,80680.0,80726.8,9257.0
2026-05-12T11:55:00Z,80726.7,80754.6,80718.9,80748.1,6661.0
2026-05-12T12:00:00Z,80742.7,80764.2,80715.8,80715.8,18871.0
2026-05-12T12:05:00Z,80715.8,80760.9,80661.0,80760.9,8361.0
2026-05-12T12:10:00Z,80760.9,80813.9,80760.9,80796.5,18628.0
2026-05-12T12:15:00Z,80796.5,80809.6,80775.2,80792.2,5671.0
2026-05-12T12:20:00Z,80789.8,80823.7,80780.2,80786.2,4581.0
2026-05-12T12:25:00Z,80783.9,80795.0,80710.9,80778.9,4531.0
2026-05-12T12:30:00Z,80802.6,80849.0,80586.0,80735.1,34230.0
2026-05-12T12:35:00Z,80737.9,80968.6,80737.9,80950.4,36025.0
2026-05-12T12:40:00Z,80950.3,80967.9,80819.6,80819.6,64316.0
2026-05-12T12:45:00Z,80819.6,80950.4,80819.6,80938.1,23545.0
2026-05-12T12:50:00Z,80936.7,80936.7,80861.4,80875.0,11683.0
2026-05-12T12:55:00Z,80874.1,80874.1,80827.8,80846.4,4508.0
2026-05-12T13:00:00Z,80847.2,80897.3,80828.0,80858.6,8722.0
2026-05-12T13:05:00Z,80863.2,80893.5,80854.1,80855.5,15068.0
2026-05-12T13:10:00Z,80860.1,80891.8,80764.5,80764.5,2027.0
2026-05-12T13:15:00Z,80764.4,80777.8,80676.0,80676.0,13470.0
2026-05-12T13:20:00Z,80675.9,80675.9,80628.7,80675.0,6023.0
2026-05-12T13:25:00Z,80674.9,80674.9,80596.5,80624.9,3973.0
2026-05-12T13:30:00Z,80625.0,80687.9,80582.4,80626.9,16814.0
2026-05-12T13:35:00Z,80619.1,80750.6,80548.9,80741.9,10300.0
2026-05-12T13:40:00Z,80754.7,80795.0,80681.5,80742.5,14350.0
2026-05-12T13:45:00Z,80742.6,80849.4,80649.1,80707.9,16274.0
2026-05-12T13:50:00Z,80694.8,80729.6,80629.9,80631.4,5702.0
2026-05-12T13:55:00Z,80620.0,80652.0,80360.3,80430.7,159941.0
2026-05-12T14:00:00Z,80440.6,80577.9,80359.7,80522.9,29469.0
2026-05-12T14:05:00Z,80522.9,80676.4,80503.5,80574.7,41435.0
2026-05-12T14:10:00Z,80594.5,80683.2,80557.4,80679.8,39784.0
2026-05-12T14:15:00Z,80679.9,80765.1,80600.0,80765.1,106292.0
2026-05-12T14:20:00Z,80767.4,80810.0,80734.4,80755.1,9899.0
2026-05-12T14:25:00Z,80762.4,80800.0,80515.0,80611.6,47409.0
2026-05-12T14:30:00Z,80603.3,80640.0,80380.0,80462.5,36010.0
2026-05-12T14:35:00Z,80480.9,80776.1,80415.1,80758.6,31258.0
2026-05-12T14:40:00Z,80758.6,80850.4,80709.2,80756.1,13732.0
2026-05-12T14:45:00Z,80754.5,80754.5,80545.3,80588.6,14057.0
2026-05-12T14:50:00Z,80568.0,80578.6,80430.0,80533.7,21528.0
2026-05-12T14:55:00Z,80532.8,80550.0,80460.1,80515.9,4290.0
2026-05-12T15:00:00Z,80500.0,80501.8,80385.2,80458.8,11767.0
2026-05-12T15:05:00Z,80464.0,80614.5,80433.4,80614.5,4669.0
2026-05-12T15:10:00Z,80614.5,80636.3,80567.0,80575.8,9633.0
2026-05-12T15:15:00Z,80567.8,80574.2,80471.3,80533.3,202294.0
2026-05-12T15:20:00Z,80533.5,80533.5,80200.0,80206.2,136316.0
2026-05-12T15:25:00Z,80206.1,80252.9,80144.4,80186.4,54141.0
2026-05-12T15:30:00Z,80199.9,80445.0,80199.9,80408.2,132321.0
2026-05-12T15:35:00Z,80402.4,80415.2,80341.9,80353.4,29599.0
2026-05-12T15:40:00Z,80360.7,80360.7,80242.8,80339.9,14451.0
2026-05-12T15:45:00Z,80339.9,80379.9,80246.0,80265.0,27210.0
2026-05-12T15:50:00Z,80273.6,80399.9,80268.8,80371.0,6453.0
2026-05-12T15:55:00Z,80371.1,80414.3,80299.6,80301.5,4603.0
2026-05-12T16:00:00Z,80295.4,80400.0,80168.4,80313.4,68899.0
2026-05-12T16:05:00Z,80307.1,80324.8,80266.7,80324.8,10212.0
2026-05-12T16:10:00Z,80321.4,80392.6,80289.7,80350.0,8363.0
2026-05-12T16:15:00Z,80319.1,80356.6,80183.4,80330.9,10945.0
2026-05-12T16:20:00Z,80324.1,80381.4,80242.9,80246.2,16921.0
2026-05-12T16:25:00Z,80246.3,80291.1,80211.1,80250.0,5652.0
2026-05-12T16:30:00Z,80253.7,80287.2,80212.8,80239.9,9570.0
2026-05-12T16:35:00Z,80244.0,80307.6,80236.5,80250.9,5337.0
2026-05-12T16:40:00Z,80251.1,80286.9,80177.0,80214.7,2561.0
2026-05-12T16:45:00Z,80219.2,80224.9,79840.1,79944.4,250926.0
2026-05-12T16:50:00Z,79944.3,79944.5,79801.0,79941.9,76431.0
2026-05-12T16:55:00Z,79941.9,80048.1,79900.1,79964.1,31203.0
2026-05-12T17:00:00Z,79967.7,80095.3,79907.6,80080.0,127167.0
2026-05-12T17:05:00Z,80079.9,80110.0,80025.1,80034.6,69214.0
2026-05-12T17:10:00Z,80034.5,80180.0,80024.0,80174.9,36242.0
2026-05-12T17:15:00Z,80174.8,80348.3,80174.8,80297.6,50953.0
2026-05-12T17:20:00Z,80311.9,80400.0,80305.4,80379.1,56903.0
2026-05-12T17:25:00Z,80380.3,80407.5,80345.7,80392.9,8107.0
2026-05-12T17:30:00Z,80392.8,80464.8,80386.2,80459.3,8264.0
2026-05-12T17:35:00Z,80459.3,80470.8,80400.0,80437.8,8631.0
2026-05-12T17:40:00Z,80437.8,80487.5,80407.2,80480.2,13397.0
2026-05-12T17:45:00Z,80480.3,80491.5,80428.0,80452.8,6782.0
2026-05-12T17:50:00Z,80452.8,80563.4,80452.7,80534.8,11907.0
2026-05-12T17:55:00Z,80534.8,80554.6,80467.5,80493.0,4483.0
2026-05-12T18:00:00Z,80486.6,80520.0,80401.6,80476.9,29549.0
2026-05-12T18:05:00Z,80476.9,80509.2,80443.1,80497.2,2811.0
2026-05-12T18:10:00Z,80499.3,80514.0,80454.8,80510.0,1919.0
2026-05-12T18:15:00Z,80510.0,80535.6,80477.6,80486.6,4430.0
2026-05-12T18:20:00Z,80486.6,80541.6,80486.5,80503.5,3994.0
2026-05-12T18:25:00Z,80519.4,80538.8,80442.4,80470.7,53407.0
2026-05-12T18:30:00Z,80463.4,80538.1,80463.3,80533.2,2204.0
2026-05-12T18:35:00Z,80525.5,80625.0,80520.5,80569.2,19312.0
2026-05-12T18:40:00Z,80569.1,80663.5,80563.7,80641.1,13424.0
2026-05-12T18:45:00Z,80641.1,80666.6,80581.9,80601.1,22382.0
2026-05-12T18:50:00Z,80601.1,80716.1,80601.1,80699.7,13529.0
2026-05-12T18:55:00Z,80699.7,80733.2,80641.3,80641.3,5114.0
2026-05-12T19:00:00Z,80645.3,80736.6,80642.4,80676.0,5807.0
2026-05-12T19:05:00Z,80676.0,80754.1,80669.7,80736.5,4811.0
2026-05-12T19:10:00Z,80742.8,80800.0,80742.8,80770.2,16172.0
2026-05-12T19:15:00Z,80775.3,80795.8,80724.0,80724.0,5034.0
2026-05-12T19:20:00Z,80724.0,80744.0,80678.3,80721.9,18400.0
2026-05-12T19:25:00Z,80720.8,80737.6,80667.9,80667.9,5625.0
2026-05-12T19:30:00Z,80667.9,80760.1,80667.9,80755.6,6162.0
2026-05-12T19:35:00Z,80758.7,80770.7,80694.0,80750.1,25538.0
2026-05-12T19:40:00Z,80750.1,80756.8,80686.6,80711.9,6808.0
2026-05-12T19:45:00Z,80712.0,80760.0,80708.5,80746.0,3252.0
2026-05-12T19:50:00Z,80732.0,80834.0,80732.0,80771.1,10992.0
2026-05-12T19:55:00Z,80775.0,80800.0,80755.5,80797.2,3030.0
2026-05-12T20:00:00Z,80799.8,80840.0,80760.0,80839.9,9901.0
2026-05-12T20:05:00Z,80831.5,80831.5,80762.2,80762.3,5510.0
2026-05-12T20:10:00Z,80762.2,80762.4,80694.5,80725.3,23879.0
2026-05-12T20:15:00Z,80725.3,80768.2,80707.4,80758.0,7801.0
2026-05-12T20:20:00Z,80758.0,80769.9,80727.5,80762.3,4434.0
2026-05-12T20:25:00Z,80756.2,80781.3,80750.1,80775.3,23354.0
2026-05-12T20:30:00Z,80775.3,80775.4,80677.3,80708.8,10383.0
2026-05-12T20:35:00Z,80708.8,80708.8,80629.8,80630.9,5330.0
2026-05-12T20:40:00Z,80633.0,80671.6,80620.0,80671.5,6726.0
2026-05-12T20:45:00Z,80671.5,80674.2,80604.2,80606.4,4958.0
2026-05-12T20:50:00Z,80606.3,80668.6,80601.0,80668.6,2817.0
2026-05-12T20:55:00Z,80668.6,80674.4,80639.7,80656.8,6735.0
2026-05-12T21:00:00Z,80663.9,80694.6,80642.9,80663.2,8586.0
2026-05-12T21:05:00Z,80669.0,80700.0,80663.1,80689.2,3059.0
2026-05-12T21:10:00Z,80689.2,80689.2,80661.8,80661.8,1934.0
2026-05-12T21:15:00Z,80661.8,80700.0,80650.0,80657.7,1207.0
2026-05-12T21:20:00Z,80655.8,80655.8,80617.7,80628.0,8554.0
2026-05-12T21:25:00Z,80628.0,80628.0,80585.8,80617.8,3710.0
2026-05-12T21:30:00Z,80620.7,80629.4,80528.0,80528.0,2825.0
2026-05-12T21:35:00Z,80529.9,80568.6,80501.1,80532.6,13093.0
2026-05-12T21:40:00Z,80536.6,80558.2,80501.8,80536.4,1540.0
2026-05-12T21:45:00Z,80548.0,80548.8,80461.4,80469.3,5873.0
2026-05-12T21:50:00Z,80469.3,80516.0,80455.5,80499.7,2388.0
2026-05-12T21:55:00Z,80499.7,80566.6,80499.7,80550.0,3557.0
2026-05-12T22:00:00Z,80553.7,80750.0,80553.7,80726.7,13990.0
2026-05-12T22:05:00Z,80727.1,80763.0,80641.3,80641.3,8840.0
2026-05-12T22:10:00Z,80645.4,80653.8,80580.7,80592.9,4249.0
2026-05-12T22:15:00Z,80584.8,80648.7,80571.6,80648.7,5000.0
2026-05-12T22:20:00Z,80652.6,80667.0,80615.3,80622.1,2963.0
2026-05-12T22:25:00Z,80612.7,80627.7,80592.9,80619.9,2003.0
2026-05-12T22:30:00Z,80619.9,80685.7,80605.9,80622.6,8602.0
2026-05-12T22:35:00Z,80619.6,80619.6,80578.4,80604.4,950.0
2026-05-12T22:40:00Z,80604.4,80631.8,80602.1,80618.7,5345.0
2026-05-12T22:45:00Z,80618.7,80629.1,80600.0,80608.5,1466.0
2026-05-12T22:50:00Z,80608.5,80661.3,80608.5,80651.5,3399.0
2026-05-12T22:55:00Z,80651.5,80685.7,80613.4,80613.4,497.0
2026-05-12T23:00:00Z,80613.1,80673.2,80600.4,80639.3,2960.0
2026-05-12T23:05:00Z,80639.3,80639.3,80592.8,80622.4,6894.0
2026-05-12T23:10:00Z,80622.4,80668.2,80535.9,80571.4,534.0
2026-05-12T23:15:00Z,80560.3,80599.9,80557.6,80576.0,2473.0
2026-05-12T23:20:00Z,80585.8,80604.9,80564.0,80604.9,2193.0
2026-05-12T23:25:00Z,80604.9,80633.3,80604.8,80620.8,508.0
2026-05-12T23:30:00Z,80620.8,80626.0,80523.8,80523.8,1388.0
2026-05-12T23:35:00Z,80520.0,80526.1,80441.7,80516.8,10677.0
2026-05-12T23:40:00Z,80516.5,80527.8,80463.2,80474.5,1194.0
2026-05-12T23:45:00Z,80474.4,80493.4,80393.9,80445.4,13510.0
2026-05-12T23:50:00Z,80456.9,80464.8,80417.2,80445.0,2887.0
2026-05-12T23:55:00Z,80438.5,80477.5,80423.0,80461.0,2237.0
2026-05-13T00:00:00Z,80460.9,80496.4,80373.1,80426.9,9439.0
2026-05-13T00:05:00Z,80436.0,80473.8,80417.1,80417.1,3467.0
2026-05-13T00:10:00Z,80417.1,80459.3,80392.4,80426.1,3073.0
2026-05-13T00:15:00Z,80422.4,80589.5,80416.8,80565.7,4675.0
2026-05-13T00:20:00Z,80573.0,80689.4,80545.5,80663.7,9890.0
2026-05-13T00:25:00Z,80672.1,80718.0,80602.5,80614.3,3423.0
2026-05-13T00:30:00Z,80617.4,80669.6,80591.0,80605.9,3599.0
2026-05-13T00:35:00Z,80609.9,80695.5,80609.9,80695.5,23399.0
2026-05-13T00:40:00Z,80692.9,80731.4,80692.9,80702.6,3608.0
2026-05-13T00:45:00Z,80702.6,80708.8,80646.5,80650.1,1051.0
2026-05-13T00:50:00Z,80650.1,80650.1,80565.0,80607.9,23280.0
2026-05-13T00:55:00Z,80607.9,80691.1,80607.9,80673.3,17844.0
2026-05-13T01:00:00Z,80673.3,80701.0,80636.0,80701.0,1203.0
2026-05-13T01:05:00Z,80706.0,80812.6,80706.0,80812.6,33449.0
2026-05-13T01:10:00Z,80817.2,80960.0,80786.4,80920.0,24038.0
2026-05-13T01:15:00Z,80919.9,80919.9,80830.2,80876.6,15102.0
2026-05-13T01:20:00Z,80876.7,81080.1,80876.7,80993.8,24535.0
2026-05-13T01:25:00Z,80993.9,81058.5,80958.5,81025.9,13702.0
2026-05-13T01:30:00Z,81028.6,81116.8,81021.7,81074.5,24915.0
2026-05-13T01:35:00Z,81078.7,81099.9,80986.8,81014.4,6318.0
2026-05-13T01:40:00Z,81014.4,81104.4,81014.4,81069.1,6981.0
2026-05-13T01:45:00Z,81098.2,81114.9,81017.1,81085.9,2328.0
2026-05-13T01:50:00Z,81079.9,81158.2,81023.9,81023.9,10648.0
2026-05-13T01:55:00Z,81024.1,81024.1,80939.9,80960.1,5053.0
2026-05-13T02:00:00Z,80960.1,80996.8,80900.1,80939.2,20442.0
2026-05-13T02:05:00Z,80939.1,81015.6,80939.1,81015.5,4312.0
2026-05-13T02:10:00Z,81015.5,81050.3,80980.0,81020.2,3725.0
2026-05-13T02:15:00Z,81020.1,81058.6,80991.9,81010.6,22457.0
2026-05-13T02:20:00Z,81010.6,81239.1,81010.6,81191.5,13854.0
2026-05-13T02:25:00Z,81183.6,81192.1,81078.5,81091.7,22168.0
2026-05-13T02:30:00Z,81091.7,81105.3,81017.1,81035.7,23230.0
2026-05-13T02:35:00Z,81028.0,81061.6,81020.1,81020.1,3014.0
2026-05-13T02:40:00Z,81017.1,81030.2,80976.7,81023.5,9791.0
2026-05-13T02:45:00Z,81023.5,81053.6,81003.7,81005.7,1037.0
2026-05-13T02:50:00Z,81005.7,81035.5,80985.8,80985.8,1937.0
2026-05-13T02:55:00Z,80980.0,81032.4,80976.8,81018.1,1798.0
2026-05-13T03:00:00Z,81005.3,81037.1,80999.4,81026.3,6042.0
2026-05-13T03:05:00Z,81026.3,81050.0,80945.7,80991.4,5000.0
2026-05-13T03:10:00Z,80991.4,81054.0,80970.0,80971.2,1797.0
2026-05-13T03:15:00Z,80978.0,80991.5,80956.7,80956.7,1838.0
2026-05-13T03:20:00Z,80960.0,80996.9,80960.0,80989.7,2010.0
2026-05-13T03:25:00Z,80989.7,81067.5,80989.7,81055.1,2427.0
2026-05-13T03:30:00Z,81055.0,81068.9,81039.6,81059.1,46947.0
2026-05-13T03:35:00Z,81064.4,81130.1,81056.2,81102.9,20698.0
2026-05-13T03:40:00Z,81100.0,81165.4,81100.0,81156.6,9962.0
2026-05-13T03:45:00Z,81156.7,81233.7,81134.6,81228.0,13978.0
2026-05-13T03:50:00Z,81235.1,81261.3,81171.9,81207.3,35577.0
2026-05-13T03:55:00Z,81207.3,81207.5,81166.4,81188.6,2153.0
2026-05-13T04:00:00Z,81211.5,81221.4,81172.6,81204.1,3556.0
2026-05-13T04:05:00Z,81183.3,81190.0,81130.0,81130.0,24499.0
2026-05-13T04:10:00Z,81130.0,81135.1,81104.2,81135.0,4219.0
2026-05-13T04:15:00Z,81135.1,81155.7,81078.0,81154.8,35245.0
2026-05-13T04:20:00Z,81163.7,81184.0,81138.3,81155.5,8444.0
2026-05-13T04:25:00Z,81161.4,81175.5,81132.9,81175.5,2817.0
2026-05-13T04:30:00Z,81179.3,81253.5,81163.7,81163.7,29960.0
2026-05-13T04:35:00Z,81174.3,81191.5,81169.6,81179.9,1371.0
2026-05-13T04:40:00Z,81175.3,81190.0,81150.0,81153.7,2579.0
2026-05-13T04:45:00Z,81153.6,81200.0,81141.0,81191.2,2050.0
2026-05-13T04:50:00Z,81199.9,81203.5,81159.9,81179.9,2947.0
2026-05-13T04:55:00Z,81180.0,81203.3,81180.0,81199.9,16029.0
2026-05-13T05:00:00Z,81197.4,81203.4,81144.8,81186.7,20713.0
2026-05-13T05:05:00Z,81186.7,81196.6,81121.4,81126.0,1093.0
2026-05-13T05:10:00Z,81125.9,81157.2,81125.6,81125.6,1204.0
2026-05-13T05:15:00Z,81120.2,81120.2,81055.9,81068.9,3114.0
2026-05-13T05:20:00Z,81061.8,81114.5,81061.8,81114.5,1606.0
2026-05-13T05:25:00Z,81114.5,81114.5,81083.0,81088.7,1637.0
2026-05-13T05:30:00Z,81088.7,81107.1,81034.9,81034.9,33183.0
2026-05-13T05:35:00Z,81034.9,81040.2,81015.0,81025.3,14092.0
2026-05-13T05:40:00Z,81025.4,81035.1,80982.2,80982.2,1645.0
2026-05-13T05:45:00Z,80982.2,81032.5,80969.7,81032.4,5669.0
2026-05-13T05:50:00Z,81037.0,81052.0,81002.2,81002.2,849.0
2026-05-13T05:55:00Z,81002.2,81002.2,80959.1,80985.5,2134.0
2026-05-13T06:00:00Z,80985.5,81000.0,80955.2,80996.6,13485.0
2026-05-13T06:05:00Z,81010.0,81051.0,80998.0,81040.7,3858.0
2026-05-13T06:10:00Z,81040.7,81059.0,81032.0,81058.9,26158.0
2026-05-13T06:15:00Z,81069.1,81112.0,81048.1,81112.0,4134.0
2026-05-13T06:20:00Z,81112.0,81112.0,81000.5,81016.1,3327.0
2026-05-13T06:25:00Z,81016.1,81073.3,81002.5,81073.3,315.0
2026-05-13T06:30:00Z,81073.3,81080.0,81017.5,81017.5,1426.0
2026-05-13T06:35:00Z,81017.5,81059.9,81017.5,81028.4,12988.0
2026-05-13T06:40:00Z,81027.2,81027.2,81000.0,81014.0,3165.0
2026-05-13T06:45:00Z,81014.0,81025.9,81003.3,81003.3,500.0
2026-05-13T06:50:00Z,81003.3,81003.3,80933.5,80963.4,4108.0
2026-05-13T06:55:00Z,80951.0,80957.5,80932.5,80945.6,1285.0
2026-05-13T07:00:00Z,80939.5,80989.0,80939.5,80968.8,4371.0
2026-05-13T07:05:00Z,80968.8,80979.3,80947.1,80975.5,2085.0
2026-05-13T07:10:00Z,80973.6,80983.7,80960.0,80972.1,802.0
2026-05-13T07:15:00Z,80976.0,81015.7,80918.4,80918.4,1487.0
2026-05-13T07:20:00Z,80918.4,80930.8,80858.0,80879.5,7481.0
2026-05-13T07:25:00Z,80879.5,80910.6,80879.5,80880.5,7030.0
2026-05-13T07:30:00Z,80880.5,80893.9,80848.5,80892.8,11942.0
2026-05-13T07:35:00Z,80879.9,80939.9,80861.6,80871.1,595.0
2026-05-13T07:40:00Z,80871.1,80932.1,80871.1,80924.2,1778.0
2026-05-13T07:45:00Z,80925.9,80942.1,80920.1,80920.1,806.0
2026-05-13T07:50:00Z,80920.1,80932.9,80904.0,80925.1,363.0
2026-05-13T07:55:00Z,80925.1,80992.8,80913.5,80987.8,4833.0
2026-05-13T08:00:00Z,80990.5,81029.6,80987.8,81014.8,3964.0
2026-05-13T08:05:00Z,81014.9,81021.9,80951.1,80956.0,3518.0
2026-05-13T08:10:00Z,80956.0,80980.0,80936.3,80980.0,2401.0
2026-05-13T08:15:00Z,80980.0,81058.2,80980.0,81004.1,6198.0
2026-05-13T08:20:00Z,81004.3,81035.0,81004.2,81010.1,1706.0
2026-05-13T08:25:00Z,81018.0,81085.4,81004.0,81004.0,6296.0
2026-05-13T08:30:00Z,81004.0,81004.0,80903.8,80951.8,5093.0
2026-05-13T08:35:00Z,80974.4,81000.1,80964.5,80998.3,3706.0
2026-05-13T08:40:00Z,81000.0,81142.1,81000.0,81115.0,10171.0
2026-05-13T08:45:00Z,81110.4,81142.8,81093.4,81100.2,2977.0
2026-05-13T08:50:00Z,81099.8,81166.7,81099.7,81135.3,11492.0
2026-05-13T08:55:00Z,81135.3,81162.9,81134.1,81160.9,2426.0
2026-05-13T09:00:00Z,81164.9,81261.3,81132.0,81261.3,7934.0
2026-05-13T09:05:00Z,81260.9,81270.2,81226.1,81235.5,14533.0
2026-05-13T09:10:00Z,81239.9,81244.3,81194.6,81195.0,7347.0
2026-05-13T09:15:00Z,81203.8,81215.0,81160.9,81171.5,2876.0
2026-05-13T09:20:00Z,81171.5,81171.5,81094.0,81106.8,5255.0
2026-05-13T09:25:00Z,81106.8,81149.6,81100.0,81134.0,14124.0
2026-05-13T09:30:00Z,81134.0,81240.0,81134.0,81204.3,9622.0
2026-05-13T09:35:00Z,81208.2,81260.0,81208.2,81253.2,15125.0
2026-05-13T09:40:00Z,81253.2,81253.3,81200.0,81200.1,475.0
2026-05-13T09:45:00Z,81200.1,81232.1,81200.0,81207.4,2509.0
2026-05-13T09:50:00Z,81203.0,81228.0,81201.1,81228.0,2163.0
2026-05-13T09:55:00Z,81230.0,81261.9,81225.1,81255.4,4640.0
2026-05-13T10:00:00Z,81255.4,81266.6,81175.9,81193.9,6090.0
2026-05-13T10:05:00Z,81199.1,81199.1,81132.4,81146.3,2003.0
2026-05-13T10:10:00Z,81146.3,81146.3,81067.3,81070.1,23099.0
2026-05-13T10:15:00Z,81070.1,81097.3,81070.1,81088.6,7303.0
2026-05-13T10:20:00Z,81084.0,81127.0,81066.8,81074.8,2270.0
2026-05-13T10:25:00Z,81074.8,81074.8,80934.8,80934.9,8230.0
2026-05-13T10:30:00Z,80934.8,81005.7,80893.5,80902.5,13068.0
2026-05-13T10:35:00Z,80893.6,80925.7,80876.3,80876.3,8331.0
2026-05-13T10:40:00Z,80875.6,80891.4,80774.1,80823.8,15962.0
2026-05-13T10:45:00Z,80822.0,80849.0,80780.2,80811.1,5432.0
2026-05-13T10:50:00Z,80811.0,80820.2,80763.6,80782.8,26360.0
2026-05-13T10:55:00Z,80792.5,80819.9,80766.2,80766.2,1795.0
2026-05-13T11:00:00Z,80764.8,80806.8,80712.4,80712.5,27552.0
2026-05-13T11:05:00Z,80712.4,80712.4,80593.0,80634.0,21452.0
2026-05-13T11:10:00Z,80624.1,80627.0,80527.1,80527.1,16123.0
2026-05-13T11:15:00Z,80527.2,80625.2,80504.3,80599.0,11889.0
2026-05-13T11:20:00Z,80608.9,80649.7,80556.0,80602.7,21011.0
2026-05-13T11:25:00Z,80597.2,80597.2,80527.3,80529.6,7659.0
2026-05-13T11:30:00Z,80529.6,80634.0,80522.8,80620.4,13124.0
2026-05-13T11:35:00Z,80620.5,80630.0,80605.2,80627.4,2405.0
2026-05-13T11:40:00Z,80627.4,80642.2,80611.7,80639.5,5977.0
2026-05-13T11:45:00Z,80641.4,80649.1,80564.5,80564.5,5723.0
2026-05-13T11:50:00Z,80564.0,80564.0,80470.2,80494.8,19824.0
2026-05-13T11:55:00Z,80500.0,80510.7,80460.0,80463.8,6319.0
2026-05-13T12:00:00Z,80460.0,80558.0,80433.0,80543.1,16206.0
2026-05-13T12:05:00Z,80540.0,80540.0,80459.0,80495.5,5177.0
2026-05-13T12:10:00Z,80492.0,80523.2,80414.3,80492.0,9664.0
2026-05-13T12:15:00Z,80500.5,80524.0,80487.9,80488.0,3271.0
2026-05-13T12:20:00Z,80484.5,80484.5,80133.6,80241.9,48569.0
2026-05-13T12:25:00Z,80236.1,80337.2,80211.8,80318.8,38144.0
2026-05-13T12:30:00Z,80324.1,80324.1,80009.2,80072.9,46189.0
2026-05-13T12:35:00Z,80072.9,80123.2,79817.0,79899.9,51493.0
2026-05-13T12:40:00Z,79898.9,80189.8,79808.0,80130.4,74349.0
2026-05-13T12:45:00Z,80130.4,80236.1,80105.7,80198.7,42986.0
2026-05-13T12:50:00Z,80198.7,80237.9,80121.4,80121.4,11347.0
2026-05-13T12:55:00Z,80120.2,80180.3,80090.4,80160.1,12067.0
2026-05-13T13:00:00Z,80165.8,80250.1,80153.0,80236.1,11950.0
2026-05-13T13:05:00Z,80244.0,80299.9,80219.1,80278.0,8815.0
2026-05-13T13:10:00Z,80278.0,80316.1,80261.9,80262.4,6671.0
2026-05-13T13:15:00Z,80261.8,80300.0,80245.3,80266.7,4030.0
2026-05-13T13:20:00Z,80261.0,80261.0,80189.9,80190.1,13537.0
2026-05-13T13:25:00Z,80190.0,80193.6,80104.9,80105.2,18126.0
2026-05-13T13:30:00Z,80101.0,80165.6,80036.8,80089.6,11604.0
2026-05-13T13:35:00Z,80092.8,80100.7,79850.0,79859.2,23363.0
2026-05-13T13:40:00Z,79847.4,79921.3,79735.9,79811.9,85240.0
2026-05-13T13:45:00Z,79811.9,79811.9,79550.0,79620.0,114117.0
2026-05-13T13:50:00Z,79616.0,79710.3,79554.7,79700.8,20971.0
2026-05-13T13:55:00Z,79711.2,79740.0,79570.0,79620.0,22918.0
2026-05-13T14:00:00Z,79620.0,79662.9,79453.1,79614.9,56493.0
2026-05-13T14:05:00Z,79622.8,79711.3,79576.6,79655.7,29173.0
2026-05-13T14:10:00Z,79646.1,79743.3,79644.5,79683.0,20472.0
2026-05-13T14:15:00Z,79669.7,79737.9,79633.0,79681.1,10490.0
2026-05-13T14:20:00Z,79677.5,79780.0,79660.1,79739.2,10829.0
2026-05-13T14:25:00Z,79746.2,79863.3,79739.1,79819.3,33730.0
2026-05-13T14:30:00Z,79824.4,79829.0,79738.6,79745.9,8479.0
2026-05-13T14:35:00Z,79745.9,79774.0,79713.7,79762.4,13898.0
2026-05-13T14:40:00Z,79760.1,79760.3,79673.1,79673.1,5317.0
2026-05-13T14:45:00Z,79666.8,79693.4,79618.4,79629.7,12064.0
2026-05-13T14:50:00Z,79629.0,79786.1,79615.9,79708.2,26046.0
2026-05-13T14:55:00Z,79719.0,79732.2,79680.0,79717.0,21014.0
2026-05-13T15:00:00Z,79727.3,79829.5,79711.1,79726.3,32404.0
2026-05-13T15:05:00Z,79726.3,79726.3,79515.5,79584.4,13925.0
2026-05-13T15:10:00Z,79580.1,79580.1,79382.2,79405.3,151920.0
2026-05-13T15:15:00Z,79405.3,79460.4,79322.1,79322.1,442589.0
2026-05-13T15:20:00Z,79320.0,79380.6,79266.0,79323.4,317949.0
2026-05-13T15:25:00Z,79323.5,79331.6,79215.0,79247.5,30342.0
2026-05-13T15:30:00Z,79240.0,79286.1,79200.1,79280.2,26411.0
2026-05-13T15:35:00Z,79276.4,79281.7,79209.1,79224.5,16260.0
2026-05-13T15:40:00Z,79228.0,79309.6,79211.3,79218.5,14673.0
2026-05-13T15:45:00Z,79214.6,79234.0,79078.6,79140.0,37403.0
2026-05-13T15:50:00Z,79126.1,79126.1,79035.9,79070.1,328715.0
2026-05-13T15:55:00Z,79070.0,79070.2,78762.0,78794.7,461104.0
2026-05-13T16:00:00Z,78799.3,78995.9,78780.0,78877.1,127587.0
2026-05-13T16:05:00Z,78877.2,78878.4,78730.2,78733.0,55107.0
2026-05-13T16:10:00Z,78730.0,78892.0,78721.1,78892.0,29224.0
2026-05-13T16:15:00Z,78892.0,78900.0,78820.9,78888.0,32010.0
2026-05-13T16:20:00Z,78888.0,79021.8,78867.7,78953.9,25208.0
2026-05-13T16:25:00Z,78958.8,79033.3,78930.1,79021.1,38256.0
2026-05-13T16:30:00Z,79017.1,79096.1,79001.9,79093.8,26928.0
2026-05-13T16:35:00Z,79093.8,79105.0,79065.5,79100.1,8348.0
2026-05-13T16:40:00Z,79100.1,79140.0,79074.6,79104.2,18011.0
2026-05-13T16:45:00Z,79104.2,79188.0,79080.0,79158.3,29437.0
2026-05-13T16:50:00Z,79158.3,79168.5,79037.1,79050.9,7942.0
2026-05-13T16:55:00Z,79050.9,79096.7,79041.0,79064.3,14151.0
2026-05-13T17:00:00Z,79072.0,79197.0,79072.0,79192.0,11937.0
2026-05-13T17:05:00Z,79191.9,79192.0,79143.4,79143.6,6191.0
2026-05-13T17:10:00Z,79143.5,79196.5,79135.0,79196.5,6773.0
2026-05-13T17:15:00Z,79194.3,79266.5,79064.7,79266.5,34231.0
2026-05-13T17:20:00Z,79266.6,79296.7,79240.0,79268.3,9984.0
2026-05-13T17:25:00Z,79268.4,79336.0,79267.6,79298.0,40738.0
2026-05-13T17:30:00Z,79298.1,79356.8,79280.2,79315.5,25306.0
2026-05-13T17:35:00Z,79315.5,79337.9,79300.0,79310.9,9820.0
2026-05-13T17:40:00Z,79310.9,79379.4,79310.9,79379.4,6355.0
2026-05-13T17:45:00Z,79379.4,79414.8,79343.6,79414.8,29471.0
2026-05-13T17:50:00Z,79414.7,79464.2,79414.7,79417.9,9469.0
2026-05-13T17:55:00Z,79417.9,79515.4,79404.1,79470.1,32349.0
2026-05-13T18:00:00Z,79479.3,79561.9,79477.4,79491.7,25968.0
2026-05-13T18:05:00Z,79499.9,79563.1,79496.7,79550.0,5514.0
2026-05-13T18:10:00Z,79550.0,79567.3,79541.1,79565.1,10516.0
2026-05-13T18:15:00Z,79566.0,79677.9,79512.0,79672.6,20566.0
2026-05-13T18:20:00Z,79672.5,79757.5,79672.5,79726.4,29760.0
2026-05-13T18:25:00Z,79734.1,79741.0,79688.7,79720.0,9621.0
2026-05-13T18:30:00Z,79720.0,79740.3,79630.1,79678.3,12629.0
2026-05-13T18:35:00Z,79678.3,79700.0,79651.7,79698.2,4794.0
2026-05-13T18:40:00Z,79698.3,79761.5,79611.4,79611.6,18553.0
2026-05-13T18:45:00Z,79611.4,79621.0,79508.1,79538.6,31098.0
2026-05-13T18:50:00Z,79543.9,79592.2,79534.3,79592.2,6465.0
2026-05-13T18:55:00Z,79599.0,79638.7,79543.7,79554.9,4467.0
2026-05-13T19:00:00Z,79552.3,79572.8,79477.9,79490.5,13529.0
2026-05-13T19:05:00Z,79493.4,79512.1,79427.1,79478.7,30726.0
2026-05-13T19:10:00Z,79478.7,79521.2,79457.7,79471.5,6135.0
2026-05-13T19:15:00Z,79466.9,79505.0,79419.5,79426.3,11136.0
2026-05-13T19:20:00Z,79426.3,79450.0,79375.0,79380.8,38623.0
2026-05-13T19:25:00Z,79380.0,79473.3,79353.9,79454.7,15928.0
2026-05-13T19:30:00Z,79454.7,79480.4,79454.7,79472.9,11529.0
2026-05-13T19:35:00Z,79465.5,79566.5,79417.4,79532.8,16322.0
2026-05-13T19:40:00Z,79532.8,79544.8,79471.0,79471.0,12934.0
2026-05-13T19:45:00Z,79474.5,79505.1,79463.3,79479.4,2609.0
2026-05-13T19:50:00Z,79467.8,79542.4,79444.4,79524.4,5708.0
2026-05-13T19:55:00Z,79525.0,79610.1,79525.0,79600.1,8322.0
2026-05-13T20:00:00Z,79599.3,79651.6,79594.2,79602.0,4500.0
2026-05-13T20:05:00Z,79600.1,79628.7,79583.0,79628.6,2642.0
2026-05-13T20:10:00Z,79635.5,79711.3,79604.9,79604.9,14021.0
2026-05-13T20:15:00Z,79604.2,79682.0,79604.2,79674.4,8744.0
2026-05-13T20:20:00Z,79674.4,79674.4,79610.1,79615.3,2012.0
2026-05-13T20:25:00Z,79624.5,79632.6,79575.9,79575.9,5099.0
2026-05-13T20:30:00Z,79575.9,79692.4,79570.0,79626.0,24083.0
2026-05-13T20:35:00Z,79626.0,79638.8,79611.4,79633.6,1310.0
2026-05-13T20:40:00Z,79637.6,79699.9,79632.3,79688.2,26305.0
2026-05-13T20:45:00Z,79691.3,79719.3,79650.0,79668.4,8874.0
2026-05-13T20:50:00Z,79668.3,79669.4,79638.4,79650.0,3979.0
2026-05-13T20:55:00Z,79650.0,79681.6,79641.6,79671.3,1160.0
2026-05-13T21:00:00Z,79674.9,79674.9,79598.3,79613.1,29300.0
2026-05-13T21:05:00Z,79613.1,79613.2,79385.2,79438.9,32880.0
2026-05-13T21:10:00Z,79439.0,79439.0,79290.8,79404.7,20306.0
2026-05-13T21:15:00Z,79398.9,79398.9,79351.5,79376.8,4946.0
2026-05-13T21:20:00Z,79381.4,79398.4,79360.1,79368.9,3279.0
2026-05-13T21:25:00Z,79368.7,79415.8,79366.7,79386.9,3140.0
2026-05-13T21:30:00Z,79386.9,79424.3,79380.9,79411.3,4085.0
2026-05-13T21:35:00Z,79416.2,79458.4,79409.8,79458.2,1661.0
2026-05-13T21:40:00Z,79460.9,79478.1,79433.1,79436.4,1560.0
2026-05-13T21:45:00Z,79446.9,79476.4,79383.9,79443.9,3099.0
2026-05-13T21:50:00Z,79443.9,79497.3,79442.6,79459.2,18772.0
2026-05-13T21:55:00Z,79461.5,79478.2,79340.4,79363.1,5395.0
2026-05-13T22:00:00Z,79400.0,79404.0,79327.1,79330.4,2462.0
2026-05-13T22:05:00Z,79327.1,79329.1,79187.7,79277.9,17486.0
2026-05-13T22:10:00Z,79277.9,79371.7,79277.9,79370.0,3902.0
2026-05-13T22:15:00Z,79370.0,79370.0,79256.4,79256.4,2179.0
2026-05-13T22:20:00Z,79255.4,79297.1,79244.0,79297.1,5777.0
2026-05-13T22:25:00Z,79297.1,79297.1,79260.1,79292.0,5383.0
2026-05-13T22:30:00Z,79292.1,79299.9,79203.6,79256.5,11967.0
2026-05-13T22:35:00Z,79256.5,79267.9,79220.1,79267.9,6445.0
2026-05-13T22:40:00Z,79267.9,79375.0,79267.9,79375.0,11565.0
2026-05-13T22:45:00Z,79375.0,79437.6,79375.0,79379.5,3290.0
2026-05-13T22:50:00Z,79399.5,79432.3,79392.4,79417.2,10814.0
2026-05-13T22:55:00Z,79417.1,79417.2,79380.1,79395.2,2701.0
2026-05-13T23:00:00Z,79400.0,79464.2,79328.3,79328.3,7960.0
2026-05-13T23:05:00Z,79327.0,79386.6,79327.0,79379.3,6296.0
2026-05-13T23:10:00Z,79371.8,79371.8,79327.0,79342.4,4222.0
2026-05-13T23:15:00Z,79342.4,79366.9,79324.0,79324.0,248.0
2026-05-13T23:20:00Z,79323.9,79383.3,79320.0,79376.7,889.0
2026-05-13T23:25:00Z,79376.7,79410.0,79265.4,79318.4,4271.0
2026-05-13T23:30:00Z,79321.0,79346.7,79212.8,79274.1,2147.0
2026-05-13T23:35:00Z,79275.4,79313.5,79231.2,79239.6,4880.0
2026-05-13T23:40:00Z,79239.6,79278.4,79239.0,79278.4,739.0
2026-05-13T23:45:00Z,79274.5,79290.1,79250.6,79250.6,564.0
2026-05-13T23:50:00Z,79250.1,79282.7,79192.1,79282.7,2496.0
2026-05-13T23:55:00Z,79275.3,79287.0,79270.0,79286.9,3935.0
2026-05-14T00:00:00Z,79288.6,79399.1,79282.4,79338.1,2308.0
2026-05-14T00:05:00Z,79334.2,79457.3,79334.2,79447.7,3966.0
2026-05-14T00:10:00Z,79447.7,79500.4,79432.7,79500.4,9994.0
2026-05-14T00:15:00Z,79500.4,79562.0,79482.9,79482.9,7092.0
2026-05-14T00:20:00Z,79482.9,79497.2,79410.0,79464.9,26218.0
2026-05-14T00:25:00Z,79464.8,79491.9,79416.8,79425.7,977.0
2026-05-14T00:30:00Z,79435.1,79572.0,79435.1,79563.5,21010.0
2026-05-14T00:35:00Z,79572.0,79577.3,79529.5,79558.1,3619.0
2026-05-14T00:40:00Z,79558.1,79610.2,79537.7,79609.9,3363.0
2026-05-14T00:45:00Z,79610.3,79656.1,79586.9,79587.0,2526.0
2026-05-14T00:50:00Z,79587.0,79587.4,79523.0,79527.4,910.0
2026-05-14T00:55:00Z,79527.5,79590.7,79527.5,79553.6,390.0
2026-05-14T01:00:00Z,79535.1,79659.8,79508.4,79648.0,8161.0
2026-05-14T01:05:00Z,79653.9,79653.9,79558.7,79579.6,1122.0
2026-05-14T01:10:00Z,79579.6,79633.9,79542.1,79585.7,2333.0
2026-05-14T01:15:00Z,79581.7,79590.1,79469.1,79580.7,3515.0
2026-05-14T01:20:00Z,79569.1,79576.0,79541.5,79553.8,627.0
2026-05-14T01:25:00Z,79569.0,79609.9,79505.0,79512.2,1839.0
2026-05-14T01:30:00Z,79512.5,79559.2,79428.0,79464.2,3644.0
2026-05-14T01:35:00Z,79464.2,79464.2,79375.9,79426.6,8022.0
2026-05-14T01:40:00Z,79430.5,79462.1,79395.0,79454.1,2845.0
2026-05-14T01:45:00Z,79462.2,79538.6,79401.3,79519.1,68659.0
2026-05-14T01:50:00Z,79517.1,79636.0,79517.1,79593.3,22063.0
2026-05-14T01:55:00Z,79593.3,79604.9,79564.6,79570.2,733.0
2026-05-14T02:00:00Z,79578.9,79645.2,79565.6,79578.4,7346.0
2026-05-14T02:05:00Z,79577.4,79627.9,79574.2,79607.8,1783.0
2026-05-14T02:10:00Z,79610.4,79628.4,79550.0,79550.0,707.0
2026-05-14T02:15:00Z,79550.0,79559.8,79527.5,79557.9,3039.0
2026-05-14T02:20:00Z,79563.7,79620.0,79563.7,79601.6,2031.0
2026-05-14T02:25:00Z,79601.6,79621.6,79600.1,79621.6,5151.0
2026-05-14T02:30:00Z,79621.6,79623.4,79600.0,79623.4,5059.0
2026-05-14T02:35:00Z,79614.9,79616.0,79600.0,79600.9,584.0
2026-05-14T02:40:00Z,79600.9,79600.9,79514.2,79556.4,2375.0
2026-05-14T02:45:00Z,79556.7,79563.8,79377.5,79377.6,33161.0
2026-05-14T02:50:00Z,79375.9,79391.8,79178.0,79296.8,32291.0
2026-05-14T02:55:00Z,79300.0,79337.5,79299.7,79335.2,5221.0
2026-05-14T03:00:00Z,79309.1,79425.7,79288.2,79396.8,39701.0
2026-05-14T03:05:00Z,79396.8,79396.8,79120.0,79187.0,9899.0
2026-05-14T03:10:00Z,79194.9,79250.0,79162.4,79238.9,2938.0
2026-05-14T03:15:00Z,79238.3,79266.7,79155.0,79204.8,5744.0
2026-05-14T03:20:00Z,79204.8,79204.8,78961.8,79047.1,45143.0
2026-05-14T03:25:00Z,79044.2,79318.3,79044.2,79281.7,15311.0
2026-05-14T03:30:00Z,79286.2,79350.0,79276.0,79333.6,4754.0
2026-05-14T03:35:00Z,79340.0,79359.9,79135.2,79143.8,3715.0
2026-05-14T03:40:00Z,79143.4,79182.5,79125.6,79166.6,8833.0
2026-05-14T03:45:00Z,79171.5,79171.5,79024.0,79033.9,48435.0
2026-05-14T03:50:00Z,79041.1,79075.0,78985.7,79064.3,8907.0
2026-05-14T03:55:00Z,79067.9,79067.9,78887.9,79005.4,51875.0
2026-05-14T04:00:00Z,79005.7,79033.4,78934.8,79033.4,7023.0
2026-05-14T04:05:00Z,79030.3,79210.0,79030.3,79201.1,25647.0
2026-05-14T04:10:00Z,79210.0,79229.3,79188.0,79229.3,3742.0
2026-05-14T04:15:00Z,79223.0,79335.1,79203.9,79308.6,29228.0
2026-05-14T04:20:00Z,79310.7,79331.0,79258.0,79263.9,22362.0
2026-05-14T04:25:00Z,79282.6,79319.0,79272.1,79281.8,12208.0
2026-05-14T04:30:00Z,79281.8,79330.0,79264.8,79264.8,3408.0
2026-05-14T04:35:00Z,79264.8,79350.0,79259.9,79345.0,11868.0
2026-05-14T04:40:00Z,79345.0,79349.9,79325.9,79342.2,4677.0
2026-05-14T04:45:00Z,79343.1,79432.6,79285.0,79400.1,21974.0
2026-05-14T04:50:00Z,79400.0,79417.6,79357.1,79410.5,2321.0
2026-05-14T04:55:00Z,79410.5,79422.4,79380.0,79405.8,12703.0
2026-05-14T05:00:00Z,79408.0,79440.0,79365.1,79419.4,2470.0
2026-05-14T05:05:00Z,79419.4,79436.6,79379.6,79426.9,22168.0
2026-05-14T05:10:00Z,79420.5,79425.8,79353.7,79353.7,2580.0
2026-05-14T05:15:00Z,79364.0,79440.1,79340.9,79416.5,2181.0
2026-05-14T05:20:00Z,79416.5,79560.3,79412.9,79549.8,18859.0
2026-05-14T05:25:00Z,79549.8,79561.3,79485.9,79556.5,4138.0
2026-05-14T05:30:00Z,79558.7,79743.9,79558.7,79651.2,54816.0
2026-05-14T05:35:00Z,79650.0,79730.0,79650.0,79665.1,9987.0
2026-05-14T05:40:00Z,79665.1,79694.0,79648.0,79663.9,6429.0
2026-05-14T05:45:00Z,79670.0,79817.8,79670.0,79779.3,25207.0
2026-05-14T05:50:00Z,79792.5,79952.2,79791.1,79820.5,30769.0
2026-05-14T05:55:00Z,79820.4,79820.4,79734.4,79771.5,13510.0
2026-05-14T06:00:00Z,79774.6,79856.8,79774.1,79847.3,6194.0
2026-05-14T06:05:00Z,79853.9,79897.2,79812.9,79816.1,9500.0
2026-05-14T06:10:00Z,79815.0,79901.0,79814.3,79885.5,9048.0
2026-05-14T06:15:00Z,79885.7,79892.1,79794.8,79795.2,17765.0
2026-05-14T06:20:00Z,79804.0,79844.4,79804.0,79829.0,2144.0
2026-05-14T06:25:00Z,79829.0,79839.1,79780.9,79795.1,3870.0
2026-05-14T06:30:00Z,79795.1,79810.2,79726.3,79729.3,10608.0
2026-05-14T06:35:00Z,79729.3,79800.0,79725.8,79789.4,4806.0
2026-05-14T06:40:00Z,79797.0,79849.9,79797.0,79842.9,1230.0
2026-05-14T06:45:00Z,79842.3,79847.2,79791.3,79800.0,2218.0
2026-05-14T06:50:00Z,79793.9,79810.9,79782.3,79797.2,1518.0
2026-05-14T06:55:00Z,79798.9,79798.9,79759.9,79760.0,3004.0
2026-05-14T07:00:00Z,79763.7,79835.4,79679.4,79701.5,24122.0
2026-05-14T07:05:00Z,79720.0,79775.9,79706.2,79732.7,106263.0
2026-05-14T07:10:00Z,79719.3,79728.0,79685.9,79711.6,1959.0
2026-05-14T07:15:00Z,79700.8,79711.7,79663.9,79663.9,3008.0
2026-05-14T07:20:00Z,79663.3,79735.7,79660.0,79711.9,3919.0
2026-05-14T07:25:00Z,79726.7,79803.5,79726.7,79762.6,48314.0
2026-05-14T07:30:00Z,79762.6,79875.0,79762.6,79875.0,2093.0
2026-05-14T07:35:00Z,79865.3,79900.0,79855.1,79877.7,14268.0
2026-05-14T07:40:00Z,79877.7,79877.7,79835.0,79865.9,3404.0
2026-05-14T07:45:00Z,79865.5,79872.0,79824.0,79850.1,6742.0
2026-05-14T07:50:00Z,79850.1,79850.1,79800.8,79801.5,1052.0
2026-05-14T07:55:00Z,79800.0,79841.7,79695.1,79699.0,5506.0
2026-05-14T08:00:00Z,79699.0,79740.4,79621.0,79630.4,3931.0
2026-05-14T08:05:00Z,79630.5,79727.1,79593.2,79723.3,11762.0
2026-05-14T08:10:00Z,79733.4,79839.9,79720.8,79795.8,24054.0
2026-05-14T08:15:00Z,79798.0,79829.9,79791.3,79799.4,1241.0
2026-05-14T08:20:00Z,79799.4,79799.4,79675.1,79714.0,4732.0
2026-05-14T08:25:00Z,79714.0,79774.9,79713.6,79742.4,5247.0
2026-05-14T08:30:00Z,79742.2,79847.9,79740.2,79847.5,5488.0
2026-05-14T08:35:00Z,79846.6,79892.4,79846.6,79892.3,1955.0
2026-05-14T08:40:00Z,79892.4,79892.4,79816.1,79854.1,2711.0
2026-05-14T08:45:00Z,79854.1,79859.9,79765.9,79765.9,3797.0
2026-05-14T08:50:00Z,79765.9,79797.8,79750.8,79792.7,2240.0
2026-05-14T08:55:00Z,79792.7,79797.8,79763.1,79776.8,3264.0
2026-05-14T09:00:00Z,79801.7,79859.9,79801.7,79815.1,9835.0
2026-05-14T09:05:00Z,79815.1,79854.7,79815.0,79832.3,7065.0
2026-05-14T09:10:00Z,79832.3,79859.9,79767.2,79790.5,2147.0
2026-05-14T09:15:00Z,79788.0,79788.0,79746.4,79776.7,7519.0
2026-05-14T09:20:00Z,79782.3,79800.0,79740.0,79740.1,2406.0
2026-05-14T09:25:00Z,79740.2,79740.2,79683.3,79693.9,1632.0
2026-05-14T09:30:00Z,79686.9,79686.9,79614.6,79686.3,1685.0
2026-05-14T09:35:00Z,79686.3,79700.0,79549.8,79575.6,20689.0
2026-05-14T09:40:00Z,79566.8,79631.5,79556.8,79622.2,4956.0
2026-05-14T09:45:00Z,79628.7,79628.7,79550.1,79555.0,2124.0
2026-05-14T09:50:00Z,79555.0,79577.9,79546.7,79550.2,9993.0
2026-05-14T09:55:00Z,79546.7,79624.7,79532.7,79594.9,4956.0
2026-05-14T10:00:00Z,79581.9,79698.7,79569.6,79643.8,28732.0
2026-05-14T10:05:00Z,79643.8,79663.7,79524.3,79545.9,5674.0
2026-05-14T10:10:00Z,79522.9,79699.8,79522.6,79584.6,1239.0
2026-05-14T10:15:00Z,79590.9,79726.6,79590.9,79719.0,3854.0
2026-05-14T10:20:00Z,79719.0,79719.0,79632.4,79632.4,1272.0
2026-05-14T10:25:00Z,79632.4,79670.1,79625.5,79655.7,3691.0
2026-05-14T10:30:00Z,79655.8,79655.8,79560.0,79611.9,1391.0
2026-05-14T10:35:00Z,79608.7,79609.9,79543.5,79543.5,768.0
2026-05-14T10:40:00Z,79539.2,79539.2,79376.4,79417.1,13024.0
2026-05-14T10:45:00Z,79419.9,79472.1,79419.9,79472.1,4190.0
2026-05-14T10:50:00Z,79477.7,79566.6,79474.9,79564.5,20368.0
2026-05-14T10:55:00Z,79566.5,79591.9,79530.0,79530.0,1713.0
2026-05-14T11:00:00Z,79529.9,79571.3,79488.1,79489.1,2608.0
2026-05-14T11:05:00Z,79495.4,79562.8,79460.1,79562.8,16333.0
2026-05-14T11:10:00Z,79568.0,79571.7,79460.1,79460.1,4299.0
2026-05-14T11:15:00Z,79460.1,79500.2,79421.4,79476.1,26639.0
2026-05-14T11:20:00Z,79476.1,79518.1,79377.7,79377.7,5420.0
2026-05-14T11:25:00Z,79377.6,79377.6,79221.9,79321.1,30777.0
2026-05-14T11:30:00Z,79311.7,79325.6,79250.0,79264.6,8396.0
2026-05-14T11:35:00Z,79264.7,79354.9,79228.2,79330.0,7455.0
2026-05-14T11:40:00Z,79330.0,79338.9,79238.0,79240.1,3794.0
2026-05-14T11:45:00Z,79243.7,79299.9,79187.3,79258.5,12908.0
2026-05-14T11:50:00Z,79258.4,79294.2,79241.9,79294.2,1941.0
2026-05-14T11:55:00Z,79286.8,79290.5,79217.0,79217.0,1653.0
2026-05-14T12:00:00Z,79210.2,79342.0,79200.7,79342.0,7573.0
2026-05-14T12:05:00Z,79338.1,79338.1,79280.0,79303.9,5107.0
2026-05-14T12:10:00Z,79303.9,79373.0,79300.0,79328.0,5045.0
2026-05-14T12:15:00Z,79328.0,79366.4,79243.9,79265.4,4689.0
2026-05-14T12:20:00Z,79272.1,79349.9,79272.1,79349.9,3677.0
2026-05-14T12:25:00Z,79353.8,79422.7,79353.8,79392.0,4346.0
2026-05-14T12:30:00Z,79385.7,79533.3,79360.1,79533.2,10964.0
2026-05-14T12:35:00Z,79525.4,79631.4,79509.8,79564.0,14335.0
2026-05-14T12:40:00Z,79563.9,79633.4,79542.5,79633.4,5331.0
2026-05-14T12:45:00Z,79633.4,79698.8,79619.9,79698.8,17629.0
2026-05-14T12:50:00Z,79698.7,79700.0,79645.3,79680.7,10739.0
2026-05-14T12:55:00Z,79680.7,79729.2,79672.5,79716.8,11196.0
2026-05-14T13:00:00Z,79716.8,79820.0,79663.2,79807.1,13759.0
2026-05-14T13:05:00Z,79802.3,79848.8,79742.3,79757.4,13694.0
2026-05-14T13:10:00Z,79754.6,79849.0,79741.9,79836.0,10680.0
2026-05-14T13:15:00Z,79833.2,79940.8,79727.2,79747.2,24919.0
2026-05-14T13:20:00Z,79741.2,80030.1,79720.0,79986.1,66853.0
2026-05-14T13:25:00Z,79982.3,79982.3,79859.8,79907.9,14025.0
2026-05-14T13:30:00Z,79916.4,79952.5,79800.1,79875.0,21279.0
2026-05-14T13:35:00Z,79870.9,79878.2,79651.1,79823.8,43897.0
2026-05-14T13:40:00Z,79825.5,79843.3,79700.0,79815.9,17433.0
2026-05-14T13:45:00Z,79816.0,79971.6,79812.8,79971.5,20178.0
2026-05-14T13:50:00Z,79971.5,80017.6,79858.3,79909.9,20313.0
2026-05-14T13:55:00Z,79901.6,79955.0,79635.1,79663.9,40241.0
2026-05-14T14:00:00Z,79636.0,79817.5,79588.8,79764.9,21704.0
2026-05-14T14:05:00Z,79772.7,79772.7,79518.8,79734.9,35227.0
2026-05-14T14:10:00Z,79738.8,79940.0,79732.1,79926.0,23224.0
2026-05-14T14:15:00Z,79934.2,80242.0,79917.1,80190.6,202290.0
2026-05-14T14:20:00Z,80180.7,80213.0,80105.6,80172.2,137091.0
2026-05-14T14:25:00Z,80174.4,80199.9,80050.1,80114.3,14688.0
2026-05-14T14:30:00Z,80123.0,80131.0,80064.1,80100.0,23188.0
2026-05-14T14:35:00Z,80100.0,80250.0,80076.0,80222.5,21587.0
2026-05-14T14:40:00Z,80222.7,80347.0,80222.7,80300.0,217908.0
2026-05-14T14:45:00Z,80309.9,80688.0,80309.9,80655.0,241488.0
2026-05-14T14:50:00Z,80656.9,80835.0,80656.9,80809.3,76404.0
2026-05-14T14:55:00Z,80810.4,80981.4,80810.4,80929.5,906380.0
2026-05-14T15:00:00Z,80929.6,81126.0,80929.5,80990.8,99744.0
2026-05-14T15:05:00Z,80990.9,81060.9,80775.0,80859.9,90624.0
2026-05-14T15:10:00Z,80859.9,80951.6,80851.3,80942.4,62290.0
2026-05-14T15:15:00Z,80942.9,80975.2,80863.5,80975.2,22903.0
2026-05-14T15:20:00Z,80977.0,81100.0,80900.0,80996.1,36782.0
2026-05-14T15:25:00Z,80996.0,80996.2,80934.9,80952.9,17484.0
2026-05-14T15:30:00Z,80952.8,81030.4,80852.6,80894.9,23906.0
2026-05-14T15:35:00Z,80894.9,80919.9,80767.0,80823.2,54621.0
2026-05-14T15:40:00Z,80828.7,80979.7,80828.7,80975.9,20905.0
2026-05-14T15:45:00Z,80975.8,81030.2,80962.0,81030.2,11700.0
2026-05-14T15:50:00Z,81030.2,81260.8,81030.2,81250.9,811549.0
2026-05-14T15:55:00Z,81257.0,81270.2,81237.2,81245.5,51282.0
2026-05-14T16:00:00Z,81254.9,81468.3,81254.9,81281.2,109970.0
2026-05-14T16:05:00Z,81281.2,81431.8,81281.2,81424.8,31795.0
2026-05-14T16:10:00Z,81433.5,81556.8,81424.2,81495.8,82765.0
2026-05-14T16:15:00Z,81516.7,81526.3,81329.5,81410.8,73999.0
2026-05-14T16:20:00Z,81410.7,81499.0,81378.8,81434.4,34193.0
2026-05-14T16:25:00Z,81426.7,81540.5,81410.7,81497.3,12837.0
2026-05-14T16:30:00Z,81511.0,81539.9,81386.1,81414.6,33785.0
2026-05-14T16:35:00Z,81402.9,81434.9,81287.9,81409.4,64667.0
2026-05-14T16:40:00Z,81407.0,81593.1,81407.0,81452.8,56742.0
2026-05-14T16:45:00Z,81461.6,81486.6,81333.4,81333.4,63210.0
2026-05-14T16:50:00Z,81333.5,81373.0,81030.2,81129.9,81789.0
2026-05-14T16:55:00Z,81130.0,81856.7,81121.5,81839.3,286185.0
2026-05-14T17:00:00Z,81832.8,81979.4,81711.6,81967.4,61707.0
2026-05-14T17:05:00Z,81975.8,81996.2,81841.2,81890.9,81711.0
2026-05-14T17:10:00Z,81890.5,81950.0,81654.3,81669.6,68059.0
2026-05-14T17:15:00Z,81669.7,81669.7,81386.6,81386.6,117104.0
2026-05-14T17:20:00Z,81386.9,81465.5,81225.1,81394.7,26684.0
2026-05-14T17:25:00Z,81394.7,81435.8,81291.0,81420.7,12301.0
2026-05-14T17:30:00Z,81420.5,81529.1,81383.8,81522.1,59556.0
2026-05-14T17:35:00Z,81531.8,81681.3,81500.8,81528.0,42184.0
2026-05-14T17:40:00Z,81526.6,81641.3,81450.4,81593.5,23986.0
2026-05-14T17:45:00Z,81609.2,81747.0,81600.1,81703.1,51704.0
2026-05-14T17:50:00Z,81707.9,81725.7,81614.8,81685.7,16440.0
2026-05-14T17:55:00Z,81691.1,81711.0,81607.9,81620.0,7323.0
2026-05-14T18:00:00Z,81609.3,81630.0,81430.7,81439.5,18414.0
2026-05-14T18:05:00Z,81443.6,81690.0,81439.5,81685.9,39646.0
2026-05-14T18:10:00Z,81685.9,81800.0,81675.9,81800.0,41212.0
2026-05-14T18:15:00Z,81792.9,81833.4,81694.3,81831.5,14340.0
2026-05-14T18:20:00Z,81831.5,81888.0,81816.7,81888.0,10994.0
2026-05-14T18:25:00Z,81888.0,81899.8,81816.1,81816.1,32716.0
2026-05-14T18:30:00Z,81816.1,81823.6,81486.5,81499.9,221980.0
2026-05-14T18:35:00Z,81507.2,81560.1,81482.7,81536.1,19787.0
2026-05-14T18:40:00Z,81536.0,81536.0,81444.3,81500.8,10426.0
2026-05-14T18:45:00Z,81491.6,81561.4,81456.4,81525.1,6217.0
2026-05-14T18:50:00Z,81525.0,81525.0,81389.5,81416.7,7113.0
2026-05-14T18:55:00Z,81418.8,81603.0,81418.8,81529.9,12741.0
2026-05-14T19:00:00Z,81529.9,81663.2,81515.6,81611.9,10203.0
2026-05-14T19:05:00Z,81611.8,81660.0,81573.0,81573.1,2974.0
2026-05-14T19:10:00Z,81576.8,81582.0,81490.3,81501.9,4607.0
2026-05-14T19:15:00Z,81501.8,81579.8,81443.4,81550.0,324524.0
2026-05-14T19:20:00Z,81550.0,81562.8,81377.0,81402.5,4592.0
2026-05-14T19:25:00Z,81397.3,81414.7,81269.8,81297.9,16758.0
2026-05-14T19:30:00Z,81304.7,81440.0,81249.7,81431.8,55875.0
2026-05-14T19:35:00Z,81431.9,81431.9,81303.2,81340.0,21232.0
2026-05-14T19:40:00Z,81340.0,81416.1,81336.3,81416.1,3897.0
2026-05-14T19:45:00Z,81401.0,81401.4,81350.0,81359.5,4512.0
2026-05-14T19:50:00Z,81355.5,81432.1,81322.9,81432.1,13579.0
2026-05-14T19:55:00Z,81400.3,81400.3,81333.2,81373.8,1982.0
2026-05-14T20:00:00Z,81376.0,81517.7,81376.0,81499.0,6847.0
2026-05-14T20:05:00Z,81498.9,81532.5,81420.5,81488.1,8327.0
2026-05-14T20:10:00Z,81488.1,81502.8,81300.0,81300.0,15612.0
2026-05-14T20:15:00Z,81300.3,81361.4,81256.4,81256.4,40498.0
2026-05-14T20:20:00Z,81256.4,81270.0,81177.1,81269.9,29054.0
2026-05-14T20:25:00Z,81265.0,81272.4,81180.0,81229.9,11465.0
2026-05-14T20:30:00Z,81229.8,81262.8,81180.1,81190.0,4195.0
2026-05-14T20:35:00Z,81189.9,81189.9,81127.2,81128.2,17137.0
2026-05-14T20:40:00Z,81129.9,81206.5,81127.2,81203.8,8166.0
2026-05-14T20:45:00Z,81203.9,81315.4,81203.9,81310.0,40998.0
2026-05-14T20:50:00Z,81312.3,81422.5,81312.3,81354.0,7951.0
2026-05-14T20:55:00Z,81346.0,81372.0,81323.4,81372.0,2997.0
2026-05-14T21:00:00Z,81374.3,81440.0,81318.9,81330.0,5190.0
2026-05-14T21:05:00Z,81340.3,81380.1,81335.0,81367.0,5872.0
2026-05-14T21:10:00Z,81367.1,81367.1,81280.9,81290.9,1741.0
2026-05-14T21:15:00Z,81290.9,81321.2,81222.0,81254.6,13588.0
2026-05-14T21:20:00Z,81254.7,81329.3,81230.1,81304.2,8061.0
2026-05-14T21:25:00Z,81304.2,81426.3,81297.6,81385.0,7818.0
2026-05-14T21:30:00Z,81378.7,81467.0,81375.9,81422.4,9257.0
2026-05-14T21:35:00Z,81422.4,81490.1,81400.0,81446.4,9009.0
2026-05-14T21:40:00Z,81451.9,81456.1,81403.3,81416.7,1138.0
2026-05-14T21:45:00Z,81416.7,81422.0,81370.3,81403.4,983.0
2026-05-14T21:50:00Z,81400.0,81424.8,81350.0,81424.8,4629.0
2026-05-14T21:55:00Z,81412.8,81412.8,81335.8,81352.0,833.0
2026-05-14T22:00:00Z,81357.6,81385.4,81300.1,81348.2,3017.0
2026-05-14T22:05:00Z,81354.8,81420.5,81352.0,81399.9,1193.0
2026-05-14T22:10:00Z,81399.9,81468.2,81383.7,81468.2,4709.0
2026-05-14T22:15:00Z,81467.2,81467.2,81366.5,81368.1,814.0
2026-05-14T22:20:00Z,81368.1,81413.6,81368.1,81408.0,2648.0
2026-05-14T22:25:00Z,81408.0,81409.7,81377.3,81408.2,19364.0
2026-05-14T22:30:00Z,81408.2,81499.9,81408.2,81460.1,2620.0
2026-05-14T22:35:00Z,81460.1,81480.0,81442.8,81475.1,3698.0
2026-05-14T22:40:00Z,81472.0,81498.8,81460.0,81474.8,1541.0
2026-05-14T22:45:00Z,81482.1,81516.3,81462.9,81472.1,4894.0
2026-05-14T22:50:00Z,81472.1,81472.1,81417.5,81420.1,1053.0
2026-05-14T22:55:00Z,81420.1,81421.4,81383.2,81408.5,2438.0
2026-05-14T23:00:00Z,81380.1,81380.1,81277.7,81289.5,4274.0
2026-05-14T23:05:00Z,81289.5,81293.4,81139.2,81163.2,12217.0
2026-05-14T23:10:00Z,81177.6,81216.2,81177.6,81210.3,4495.0
2026-05-14T23:15:00Z,81210.3,81233.5,81205.5,81205.6,2320.0
2026-05-14T23:20:00Z,81205.6,81263.1,81151.1,81255.7,5686.0
2026-05-14T23:25:00Z,81255.8,81342.4,81243.9,81327.0,4695.0
2026-05-14T23:30:00Z,81320.8,81325.1,81291.4,81291.4,1656.0
2026-05-14T23:35:00Z,81291.4,81299.1,81242.0,81242.0,1036.0
2026-05-14T23:40:00Z,81230.9,81230.9,81171.6,81180.0,1323.0
2026-05-14T23:45:00Z,81173.9,81177.3,81031.0,81052.0,17400.0
2026-05-14T23:50:00Z,81046.4,81059.9,81007.9,81030.0,4919.0
2026-05-14T23:55:00Z,81030.0,81050.0,81019.7,81048.8,1666.0
2026-05-15T00:00:00Z,81048.8,81100.0,81024.4,81099.9,7585.0
2026-05-15T00:05:00Z,81098.6,81263.5,81098.6,81260.0,8829.0
2026-05-15T00:10:00Z,81260.0,81429.0,81254.0,81429.0,5692.0
2026-05-15T00:15:00Z,81428.4,81456.1,81341.6,81387.1,3963.0
2026-05-15T00:20:00Z,81384.1,81408.0,81316.4,81400.2,2616.0
2026-05-15T00:25:00Z,81400.2,81415.0,81350.2,81415.0,1738.0
2026-05-15T00:30:00Z,81422.4,81620.0,81375.3,81573.8,23644.0
2026-05-15T00:35:00Z,81573.8,81599.0,81489.5,81489.5,5618.0
2026-05-15T00:40:00Z,81497.5,81497.5,81229.2,81295.0,9207.0
2026-05-15T00:45:00Z,81295.2,81530.0,81295.2,81521.0,8502.0
2026-05-15T00:50:00Z,81510.4,81540.0,81419.1,81449.8,2387.0
2026-05-15T00:55:00Z,81449.8,81485.7,81410.8,81468.7,6528.0
2026-05-15T01:00:00Z,81473.9,81570.1,81473.9,81551.6,7069.0
2026-05-15T01:05:00Z,81531.3,81537.9,81457.0,81484.9,2577.0
2026-05-15T01:10:00Z,81481.7,81520.0,81470.1,81492.5,1835.0
2026-05-15T01:15:00Z,81490.2,81550.9,81457.0,81512.2,3183.0
2026-05-15T01:20:00Z,81507.5,81507.5,81394.2,81430.6,2980.0
2026-05-15T01:25:00Z,81430.6,81458.8,81350.0,81350.1,6351.0
2026-05-15T01:30:00Z,81350.0,81350.0,81170.3,81245.8,13794.0
2026-05-15T01:35:00Z,81256.1,81440.8,81220.3,81364.5,11579.0
2026-05-15T01:40:00Z,81368.7,81393.2,81314.1,81348.9,1829.0
2026-05-15T01:45:00Z,81354.2,81354.2,81200.0,81259.9,7836.0
2026-05-15T01:50:00Z,81260.0,81268.4,81066.0,81228.9,9320.0
2026-05-15T01:55:00Z,81228.7,81238.9,81100.0,81100.0,4375.0
2026-05-15T02:00:00Z,81100.1,81159.1,80949.9,81143.7,36164.0
2026-05-15T02:05:00Z,81148.0,81148.0,80973.6,81004.8,16401.0
2026-05-15T02:10:00Z,81001.0,81001.0,80829.3,80906.9,35671.0
2026-05-15T02:15:00Z,80906.9,80999.9,80835.9,80917.8,10432.0
2026-05-15T02:20:00Z,80930.0,80953.1,80876.2,80930.0,22068.0
2026-05-15T02:25:00Z,80945.2,80945.2,80850.0,80873.2,7579.0
2026-05-15T02:30:00Z,80877.9,80878.0,80708.0,80752.6,53654.0
2026-05-15T02:35:00Z,80755.1,80924.3,80752.2,80850.0,20672.0
2026-05-15T02:40:00Z,80854.2,81091.5,80854.2,81057.5,24058.0
2026-05-15T02:45:00Z,81072.6,81142.8,81063.0,81082.3,14771.0
2026-05-15T02:50:00Z,81069.3,81318.8,81069.3,81267.2,26409.0
2026-05-15T02:55:00Z,81267.2,81288.6,81222.0,81249.1,6131.0
2026-05-15T03:00:00Z,81249.1,81305.1,81200.0,81200.2,6740.0
2026-05-15T03:05:00Z,81200.0,81214.7,81100.0,81136.7,8579.0
2026-05-15T03:10:00Z,81137.2,81233.8,81137.2,81191.4,10863.0
2026-05-15T03:15:00Z,81191.4,81200.0,81132.0,81194.2,8607.0
2026-05-15T03:20:00Z,81197.0,81199.2,81114.1,81199.2,1675.0
2026-05-15T03:25:00Z,81200.0,81226.9,81167.2,81212.4,1879.0
2026-05-15T03:30:00Z,81202.0,81202.0,80920.3,80943.1,54397.0
2026-05-15T03:35:00Z,80941.1,81018.4,80893.2,80936.8,11698.0
2026-05-15T03:40:00Z,80939.7,80994.7,80939.7,80942.1,3248.0
2026-05-15T03:45:00Z,80948.5,80986.5,80929.7,80929.7,7828.0
2026-05-15T03:50:00Z,80929.7,81000.0,80929.7,80991.2,6038.0
2026-05-15T03:55:00Z,80991.2,81066.6,80986.7,81020.8,49609.0
2026-05-15T04:00:00Z,81020.4,81020.4,80916.1,80948.4,6233.0
2026-05-15T04:05:00Z,80948.3,81056.1,80948.3,81008.2,2641.0
2026-05-15T04:10:00Z,81014.2,81044.9,80955.1,80994.9,1831.0
2026-05-15T04:15:00Z,80994.9,81032.7,80937.4,80947.4,2803.0
2026-05-15T04:20:00Z,80947.4,80950.0,80850.1,80941.5,1471.0
2026-05-15T04:25:00Z,80941.5,80943.0,80877.0,80877.0,2734.0
2026-05-15T04:30:00Z,80862.5,80933.6,80838.5,80933.6,22522.0
2026-05-15T04:35:00Z,80948.0,80951.6,80901.6,80940.0,378.0
2026-05-15T04:40:00Z,80940.0,80996.9,80889.2,80891.1,38029.0
2026-05-15T04:45:00Z,80885.0,80914.7,80825.7,80853.9,5085.0
2026-05-15T04:50:00Z,80850.0,80871.9,80766.7,80798.3,4992.0
2026-05-15T04:55:00Z,80774.0,80774.0,80660.8,80682.2,19247.0
2026-05-15T05:00:00Z,80684.9,80809.9,80616.4,80804.6,13339.0
2026-05-15T05:05:00Z,80799.9,80799.9,80680.3,80744.1,5354.0
2026-05-15T05:10:00Z,80744.3,80785.8,80694.1,80785.5,14638.0
2026-05-15T05:15:00Z,80788.0,80840.3,80750.1,80799.9,6128.0
2026-05-15T05:20:00Z,80806.4,80841.9,80739.8,80820.8,2027.0
2026-05-15T05:25:00Z,80820.8,80836.9,80731.3,80757.8,1356.0
2026-05-15T05:30:00Z,80758.5,80781.1,80460.7,80515.1,47256.0
2026-05-15T05:35:00Z,80510.9,80510.9,80272.4,80376.0,42297.0
2026-05-15T05:40:00Z,80374.6,80468.9,80306.1,80429.2,20881.0
2026-05-15T05:45:00Z,80420.1,80428.8,80325.6,80360.9,10610.0
2026-05-15T05:50:00Z,80362.3,80523.3,80362.3,80412.2,8236.0
2026-05-15T05:55:00Z,80409.5,80411.8,80274.8,80333.0,46408.0
2026-05-15T06:00:00Z,80320.1,80408.2,80284.6,80398.0,11748.0
2026-05-15T06:05:00Z,80398.0,80423.7,80372.3,80399.2,7729.0
2026-05-15T06:10:00Z,80399.9,80410.3,80371.6,80374.0,4238.0
2026-05-15T06:15:00Z,80373.1,80450.9,80319.9,80319.9,8815.0
2026-05-15T06:20:00Z,80305.6,80423.8,80280.0,80381.6,4119.0
2026-05-15T06:25:00Z,80370.5,80488.0,80370.5,80488.0,7053.0
2026-05-15T06:30:00Z,80478.1,80555.0,80470.0,80477.5,130891.0
2026-05-15T06:35:00Z,80487.1,80539.9,80460.6,80539.9,2699.0
2026-05-15T06:40:00Z,80539.9,80597.0,80539.9,80557.8,22036.0
2026-05-15T06:45:00Z,80557.8,80584.4,80521.1,80555.9,9328.0
2026-05-15T06:50:00Z,80555.9,80567.2,80516.8,80548.6,1654.0
2026-05-15T06:55:00Z,80548.6,80597.0,80518.4,80545.7,1563.0
2026-05-15T07:00:00Z,80543.7,80597.0,80528.6,80572.6,3227.0
2026-05-15T07:05:00Z,80575.9,80635.6,80519.1,80582.1,3345.0
2026-05-15T07:10:00Z,80590.0,80740.0,80588.6,80735.3,6316.0
2026-05-15T07:15:00Z,80735.3,80776.6,80670.3,80686.9,3952.0
2026-05-15T07:20:00Z,80694.7,80888.3,80694.6,80862.4,16260.0
2026-05-15T07:25:00Z,80867.8,80969.8,80857.9,80865.7,10717.0
2026-05-15T07:30:00Z,80865.7,80865.7,80745.5,80773.8,4175.0
2026-05-15T07:35:00Z,80780.0,80804.5,80727.9,80759.6,2023.0
2026-05-15T07:40:00Z,80755.2,80812.0,80700.1,80781.4,2897.0
2026-05-15T07:45:00Z,80780.0,80800.0,80743.3,80797.9,2372.0
2026-05-15T07:50:00Z,80800.0,80842.4,80790.2,80790.2,6047.0
2026-05-15T07:55:00Z,80788.9,80829.9,80778.8,80782.9,2522.0
2026-05-15T08:00:00Z,80793.0,80793.0,80650.0,80656.8,9569.0
2026-05-15T08:05:00Z,80656.9,80710.0,80650.1,80673.1,2036.0
2026-05-15T08:10:00Z,80673.1,80688.8,80624.6,80688.8,2192.0
2026-05-15T08:15:00Z,80694.2,80694.2,80520.6,80585.7,3769.0
2026-05-15T08:20:00Z,80585.7,80612.0,80569.0,80587.1,2212.0
2026-05-15T08:25:00Z,80586.4,80614.7,80484.8,80495.1,14544.0
2026-05-15T08:30:00Z,80500.0,80555.0,80370.3,80555.0,19574.0
2026-05-15T08:35:00Z,80554.1,80619.5,80540.0,80596.0,20204.0
2026-05-15T08:40:00Z,80596.0,80676.2,80596.0,80639.4,4565.0
2026-05-15T08:45:00Z,80635.6,80635.6,80587.4,80615.4,7923.0
2026-05-15T08:50:00Z,80607.8,80607.8,80514.5,80576.6,2757.0
2026-05-15T08:55:00Z,80564.5,80629.8,80544.0,80600.0,1876.0
2026-05-15T09:00:00Z,80613.2,80613.2,80511.7,80578.4,1621.0
2026-05-15T09:05:00Z,80595.1,80631.1,80530.0,80561.6,1613.0
2026-05-15T09:10:00Z,80561.6,80572.1,80501.3,80532.3,1565.0
2026-05-15T09:15:00Z,80524.3,80528.7,80485.9,80485.9,2393.0
2026-05-15T09:20:00Z,80484.7,80504.0,80423.9,80465.1,3800.0
2026-05-15T09:25:00Z,80475.0,80530.0,80412.4,80528.2,6968.0
2026-05-15T09:30:00Z,80535.3,80608.1,80515.8,80568.0,5037.0
2026-05-15T09:35:00Z,80584.9,80600.0,80450.0,80459.0,7073.0
2026-05-15T09:40:00Z,80459.0,80472.8,80383.4,80383.4,25780.0
2026-05-15T09:45:00Z,80380.0,80430.7,80372.5,80392.6,18761.0
2026-05-15T09:50:00Z,80376.1,80376.1,80330.9,80350.0,5370.0
2026-05-15T09:55:00Z,80356.5,80463.2,80350.4,80449.9,4331.0
2026-05-15T10:00:00Z,80458.7,80462.6,80368.3,80442.4,14500.0
2026-05-15T10:05:00Z,80440.0,80533.9,80430.1,80526.1,4689.0
2026-05-15T10:10:00Z,80522.0,80559.7,80511.6,80551.1,5664.0
2026-05-15T10:15:00Z,80551.1,80551.1,80450.0,80454.6,4692.0
2026-05-15T10:20:00Z,80454.6,80517.4,80453.2,80503.5,2496.0
2026-05-15T10:25:00Z,80515.1,80534.9,80467.3,80467.3,1485.0
2026-05-15T10:30:00Z,80467.3,80532.7,80467.3,80509.4,1434.0
2026-05-15T10:35:00Z,80516.1,80523.0,80450.8,80455.0,5158.0
2026-05-15T10:40:00Z,80453.2,80462.1,80403.2,80462.1,2139.0
2026-05-15T10:45:00Z,80487.9,80659.6,80476.2,80573.7,6962.0
2026-05-15T10:50:00Z,80579.0,80726.8,80579.0,80704.1,6950.0
2026-05-15T10:55:00Z,80704.0,80712.9,80654.5,80670.1,3116.0
2026-05-15T11:00:00Z,80683.1,80716.8,80600.0,80600.0,4479.0
2026-05-15T11:05:00Z,80600.0,80610.1,80546.4,80559.6,2653.0
2026-05-15T11:10:00Z,80556.9,80632.1,80547.1,80632.1,2639.0
2026-05-15T11:15:00Z,80632.1,80675.8,80594.0,80620.8,4014.0
2026-05-15T11:20:00Z,80620.9,80642.7,80552.2,80552.2,3222.0
2026-05-15T11:25:00Z,80552.1,80586.4,80545.7,80586.4,1876.0
2026-05-15T11:30:00Z,80586.4,80597.5,80550.8,80559.1,1108.0
2026-05-15T11:35:00Z,80559.1,80611.9,80559.0,80559.1,1315.0
2026-05-15T11:40:00Z,80559.1,80604.9,80545.0,80604.9,1409.0
2026-05-15T11:45:00Z,80600.0,80666.0,80598.5,80624.1,9568.0
2026-05-15T11:50:00Z,80628.0,80660.4,80606.4,80635.9,2213.0
2026-05-15T11:55:00Z,80635.9,80638.7,80546.4,80582.1,2324.0
2026-05-15T12:00:00Z,80576.5,80585.0,80469.1,80469.1,12021.0
2026-05-15T12:05:00Z,80469.1,80554.4,80350.0,80554.3,13797.0
2026-05-15T12:10:00Z,80554.3,80554.4,80371.1,80371.1,6977.0
2026-05-15T12:15:00Z,80367.1,80475.3,80317.1,80471.1,12034.0
2026-05-15T12:20:00Z,80469.1,80542.9,80435.9,80442.0,6340.0
2026-05-15T12:25:00Z,80448.8,80492.8,80429.3,80492.8,3529.0
2026-05-15T12:30:00Z,80483.1,80513.9,80385.5,80513.9,12469.0
2026-05-15T12:35:00Z,80528.8,80528.8,80402.4,80431.4,18713.0
2026-05-15T12:40:00Z,80422.9,80422.9,80360.5,80364.7,1665.0
2026-05-15T12:45:00Z,80360.4,80395.4,80333.0,80359.9,3886.0
2026-05-15T12:50:00Z,80359.9,80403.5,80285.4,80310.8,12125.0
2026-05-15T12:55:00Z,80321.9,80345.9,80312.1,80345.1,3999.0
2026-05-15T13:00:00Z,80345.0,80345.0,80044.8,80105.5,91000.0
2026-05-15T13:05:00Z,80111.1,80113.5,80040.8,80067.1,20558.0
2026-05-15T13:10:00Z,80067.0,80109.9,80040.9,80099.9,15416.0
2026-05-15T13:15:00Z,80100.0,80123.2,80040.9,80095.0,8448.0
2026-05-15T13:20:00Z,80095.0,80172.3,80095.0,80139.6,7286.0
2026-05-15T13:25:00Z,80149.6,80149.6,79968.0,79975.4,26299.0
2026-05-15T13:30:00Z,79970.1,79970.1,79622.4,79688.7,128050.0
2026-05-15T13:35:00Z,79671.3,79671.3,79247.6,79275.1,83174.0
2026-05-15T13:40:00Z,79267.2,79325.8,79055.0,79116.7,80262.0
2026-05-15T13:45:00Z,79108.8,79246.6,78990.0,79087.8,127136.0
2026-05-15T13:50:00Z,79100.0,79119.3,78653.7,79039.5,248729.0
2026-05-15T13:55:00Z,79039.4,79039.4,78669.9,78727.8,40614.0
2026-05-15T14:00:00Z,78727.7,78954.4,78612.7,78929.5,71879.0
2026-05-15T14:05:00Z,78927.4,79170.1,78808.4,79075.4,92754.0
2026-05-15T14:10:00Z,79080.0,79306.2,79021.8,79226.2,87657.0
2026-05-15T14:15:00Z,79237.9,79285.0,79157.5,79184.8,71354.0
2026-05-15T14:20:00Z,79195.4,79240.4,79112.5,79144.8,25772.0
2026-05-15T14:25:00Z,79142.9,79142.9,78972.4,79044.0,50748.0
2026-05-15T14:30:00Z,79060.2,79131.4,78972.1,79106.4,113388.0
2026-05-15T14:35:00Z,79106.4,79185.2,79096.8,79130.9,15701.0
2026-05-15T14:40:00Z,79131.7,79251.2,79131.0,79182.3,6920.0
2026-05-15T14:45:00Z,79180.0,79203.2,78929.7,78991.2,81315.0
2026-05-15T14:50:00Z,78970.0,79150.0,78950.1,79150.0,31914.0
2026-05-15T14:55:00Z,79154.3,79282.1,79105.6,79127.2,31294.0
2026-05-15T15:00:00Z,79132.0,79214.6,79052.3,79080.8,13548.0
2026-05-15T15:05:00Z,79071.4,79223.2,79050.0,79223.2,24531.0
2026-05-15T15:10:00Z,79229.9,79288.0,79188.0,79199.9,41926.0
2026-05-15T15:15:00Z,79200.0,79260.0,79163.9,79231.7,10152.0
2026-05-15T15:20:00Z,79250.0,79335.2,79222.1,79222.1,13663.0
2026-05-15T15:25:00Z,79216.5,79216.5,79072.2,79106.6,30374.0
2026-05-15T15:30:00Z,79116.6,79186.5,79116.6,79123.1,7227.0
2026-05-15T15:35:00Z,79123.0,79134.7,79060.0,79107.0,5598.0
2026-05-15T15:40:00Z,79099.0,79147.2,79035.1,79053.9,4898.0
2026-05-15T15:45:00Z,79053.9,79145.0,78989.4,79096.8,36367.0
2026-05-15T15:50:00Z,79091.1,79200.0,79076.5,79200.0,5062.0
2026-05-15T15:55:00Z,79200.0,79206.8,79109.8,79118.0,2588.0
2026-05-15T16:00:00Z,79118.6,79167.6,79100.0,79164.2,2285.0
2026-05-15T16:05:00Z,79166.8,79216.8,79104.3,79164.1,2351.0
2026-05-15T16:10:00Z,79162.0,79194.7,79102.6,79160.7,33115.0
2026-05-15T16:15:00Z,79156.3,79168.6,79105.0,79147.9,5702.0
2026-05-15T16:20:00Z,79134.0,79276.1,79134.0,79252.1,10236.0
2026-05-15T16:25:00Z,79257.0,79281.0,79180.1,79281.0,19284.0
2026-05-15T16:30:00Z,79282.4,79355.2,79255.7,79298.6,56322.0
2026-05-15T16:35:00Z,79296.0,79296.0,79225.9,79274.7,6576.0
2026-05-15T16:40:00Z,79280.0,79280.0,79228.6,79241.7,3707.0
2026-05-15T16:45:00Z,79258.6,79300.0,79100.6,79231.6,65510.0
2026-05-15T16:50:00Z,79243.0,79271.3,79157.3,79200.0,5472.0
2026-05-15T16:55:00Z,79203.7,79264.8,79203.7,79264.7,3439.0
2026-05-15T17:00:00Z,79252.1,79252.1,79205.1,79220.1,6283.0
2026-05-15T17:05:00Z,79220.1,79318.5,79201.5,79265.3,15239.0
2026-05-15T17:10:00Z,79261.7,79281.8,79201.6,79225.7,4479.0
2026-05-15T17:15:00Z,79231.5,79261.7,79200.0,79239.5,3046.0
2026-05-15T17:20:00Z,79241.5,79315.8,79222.4,79289.9,3415.0
2026-05-15T17:25:00Z,79288.0,79414.8,79283.3,79347.8,25548.0
2026-05-15T17:30:00Z,79340.8,79438.0,79339.8,79419.9,10543.0
2026-05-15T17:35:00Z,79429.9,79452.6,79352.9,79447.0,10792.0
2026-05-15T17:40:00Z,79447.0,79452.0,79350.2,79368.6,4834.0
2026-05-15T17:45:00Z,79360.2,79390.8,79348.0,79380.0,4115.0
2026-05-15T17:50:00Z,79384.1,79406.5,79344.7,79395.5,11705.0
2026-05-15T17:55:00Z,79395.5,79475.8,79395.5,79432.1,4490.0
2026-05-15T18:00:00Z,79425.9,79532.1,79422.3,79500.1,12583.0
2026-05-15T18:05:00Z,79500.0,79500.0,79406.5,79421.7,21776.0
2026-05-15T18:10:00Z,79414.4,79495.2,79395.5,79446.4,5849.0
2026-05-15T18:15:00Z,79446.4,79457.1,79172.5,79181.0,21526.0
2026-05-15T18:20:00Z,79190.2,79319.0,79190.2,79307.8,6964.0
2026-05-15T18:25:00Z,79304.8,79308.9,79237.9,79248.7,3589.0
2026-05-15T18:30:00Z,79248.7,79254.9,79134.5,79193.6,45712.0
2026-05-15T18:35:00Z,79193.7,79285.2,79175.8,79231.3,10295.0
2026-05-15T18:40:00Z,79246.1,79275.2,79182.5,79258.8,5144.0
2026-05-15T18:45:00Z,79258.8,79258.8,79175.0,79252.8,27233.0
2026-05-15T18:50:00Z,79248.0,79276.8,79206.2,79265.6,6341.0
2026-05-15T18:55:00Z,79261.0,79300.7,79234.7,79255.3,35412.0
2026-05-15T19:00:00Z,79241.1,79257.8,79028.0,79075.7,54813.0
2026-05-15T19:05:00Z,79075.8,79141.8,79075.7,79091.2,5064.0
2026-05-15T19:10:00Z,79085.3,79085.6,79023.2,79044.6,6831.0
2026-05-15T19:15:00Z,79054.5,79118.8,79054.4,79070.9,11312.0
2026-05-15T19:20:00Z,79071.3,79126.1,79063.3,79117.5,2709.0
2026-05-15T19:25:00Z,79117.5,79131.9,79077.8,79086.3,11096.0
2026-05-15T19:30:00Z,79091.0,79159.5,79080.0,79125.0,2927.0
2026-05-15T19:35:00Z,79125.0,79142.6,79058.5,79138.9,2074.0
2026-05-15T19:40:00Z,79139.0,79139.0,79063.3,79087.8,941.0
2026-05-15T19:45:00Z,79095.7,79150.0,79074.6,79149.2,5455.0
2026-05-15T19:50:00Z,79144.1,79147.4,79070.1,79106.4,1783.0
2026-05-15T19:55:00Z,79107.6,79133.6,79093.0,79119.1,2867.0
2026-05-15T20:00:00Z,79102.8,79180.2,79102.8,79148.0,12392.0
2026-05-15T20:05:00Z,79148.8,79148.8,79050.0,79093.6,6077.0
2026-05-15T20:10:00Z,79091.8,79117.7,79062.0,79113.2,1722.0
2026-05-15T20:15:00Z,79110.1,79140.4,79080.6,79108.2,2387.0
2026-05-15T20:20:00Z,79099.1,79108.5,79035.0,79078.1,12876.0
2026-05-15T20:25:00Z,79078.1,79133.0,79070.5,79133.0,2741.0
2026-05-15T20:30:00Z,79133.0,79163.7,79103.5,79132.8,2280.0
2026-05-15T20:35:00Z,79130.1,79130.1,79094.2,79106.8,1703.0
2026-05-15T20:40:00Z,79106.7,79106.8,79041.5,79059.3,20181.0
2026-05-15T20:45:00Z,79051.3,79075.2,78967.0,79020.1,23262.0
2026-05-15T20:50:00Z,79024.0,79074.0,79015.1,79074.0,2783.0
2026-05-15T20:55:00Z,79074.0,79087.9,79054.0,79081.1,2703.0
2026-05-15T21:00:00Z,79081.1,79133.0,79081.0,79100.0,1078.0
2026-05-15T21:05:00Z,79100.0,79118.5,79068.9,79118.5,841.0
2026-05-15T21:10:00Z,79125.3,79155.9,79107.1,79148.9,2949.0
2026-05-15T21:15:00Z,79138.2,79158.4,79138.2,79155.1,4615.0
2026-05-15T21:20:00Z,79155.1,79155.2,79077.0,79093.8,3718.0
2026-05-15T21:25:00Z,79093.9,79110.8,79082.5,79098.4,2702.0
2026-05-15T21:30:00Z,79098.4,79098.4,79054.0,79090.0,2371.0
2026-05-15T21:35:00Z,79090.0,79109.1,79055.9,79065.8,718.0
2026-05-15T21:40:00Z,79060.1,79096.6,79050.0,79096.6,1898.0
2026-05-15T21:45:00Z,79096.6,79104.3,79020.0,79020.0,3587.0
2026-05-15T21:50:00Z,79019.0,79049.7,79002.1,79004.8,17028.0
2026-05-15T21:55:00Z,79000.1,79017.8,78861.3,78925.4,46126.0
2026-05-15T22:00:00Z,78925.4,79010.9,78925.4,78998.0,6113.0
2026-05-15T22:05:00Z,79009.7,79025.6,79004.8,79021.8,5459.0
2026-05-15T22:10:00Z,79021.7,79057.4,79021.7,79028.0,2497.0
2026-05-15T22:15:00Z,79032.9,79036.4,79006.2,79006.2,1016.0
2026-05-15T22:20:00Z,79006.2,79055.9,78958.2,79048.0,2304.0
2026-05-15T22:25:00Z,79048.0,79050.5,79005.6,79045.8,1019.0
2026-05-15T22:30:00Z,79057.0,79081.9,79015.4,79050.8,11640.0
2026-05-15T22:35:00Z,79050.8,79092.2,79030.0,79078.8,11363.0
2026-05-15T22:40:00Z,79064.1,79113.7,79060.7,79086.8,7628.0
2026-05-15T22:45:00Z,79086.7,79113.7,79070.3,79074.7,2146.0
2026-05-15T22:50:00Z,79074.7,79077.9,79052.0,79052.1,1256.0
2026-05-15T22:55:00Z,79052.0,79080.4,79052.0,79070.1,4072.0
2026-05-15T23:00:00Z,79063.7,79113.7,79055.1,79073.5,2831.0
2026-05-15T23:05:00Z,79063.6,79084.1,79057.0,79072.5,619.0
2026-05-15T23:10:00Z,79072.5,79077.9,79068.0,79068.9,2410.0
2026-05-15T23:15:00Z,79068.0,79132.2,79060.0,79087.0,1380.0
2026-05-15T23:20:00Z,79087.0,79087.0,79041.2,79066.0,1063.0
2026-05-15T23:25:00Z,79066.0,79091.9,79066.0,79078.0,254.0
2026-05-15T23:30:00Z,79075.7,79100.7,79070.6,79078.9,1756.0
2026-05-15T23:35:00Z,79082.0,79082.0,79046.4,79067.7,3239.0
2026-05-15T23:40:00Z,79067.7,79099.1,79062.2,79099.1,762.0
2026-05-15T23:45:00Z,79099.1,79099.1,79059.8,79086.9,1196.0
2026-05-15T23:50:00Z,79086.9,79099.1,79076.9,79097.8,2378.0
2026-05-15T23:55:00Z,79085.3,79085.3,79063.0,79072.5,978.0
2026-05-16T00:00:00Z,79074.0,79100.0,79040.0,79100.0,5204.0
2026-05-16T00:05:00Z,79100.0,79164.9,79093.5,79144.7,3262.0
2026-05-16T00:10:00Z,79134.4,79144.8,79105.8,79144.8,2433.0
2026-05-16T00:15:00Z,79144.8,79144.8,79118.3,79120.0,14457.0
2026-05-16T00:20:00Z,79120.0,79166.7,79120.0,79150.6,12135.0
2026-05-16T00:25:00Z,79146.2,79162.5,79135.1,79142.8,4813.0
2026-05-16T00:30:00Z,79147.9,79177.5,79130.5,79133.0,1692.0
2026-05-16T00:35:00Z,79132.2,79184.9,79128.8,79184.9,1553.0
2026-05-16T00:40:00Z,79185.0,79199.7,79120.0,79120.4,3637.0
2026-05-16T00:45:00Z,79120.4,79141.7,79100.1,79126.4,666.0
2026-05-16T00:50:00Z,79120.1,79120.1,79051.7,79065.6,7106.0
2026-05-16T00:55:00Z,79065.6,79072.9,79040.7,79067.8,3436.0
2026-05-16T01:00:00Z,79075.6,79076.2,79053.4,79057.4,2194.0
2026-05-16T01:05:00Z,79076.9,79107.0,79076.9,79094.5,3710.0
2026-05-16T01:10:00Z,79094.5,79103.3,79068.4,79103.3,563.0
2026-05-16T01:15:00Z,79103.3,79105.4,79068.5,79086.7,533.0
2026-05-16T01:20:00Z,79086.7,79125.2,79072.6,79072.6,1004.0
2026-05-16T01:25:00Z,79071.8,79071.8,78983.8,79000.1,4073.0
2026-05-16T01:30:00Z,78992.3,79033.3,78981.1,79013.3,17800.0
2026-05-16T01:35:00Z,79013.3,79015.2,78979.5,78993.7,1855.0
2026-05-16T01:40:00Z,79000.4,79011.8,78988.0,78988.2,2617.0
2026-05-16T01:45:00Z,78988.2,79053.7,78986.3,79028.3,4350.0
2026-05-16T01:50:00Z,79027.5,79097.1,79027.5,79076.8,6657.0
2026-05-16T01:55:00Z,79076.8,79151.9,79076.8,79140.0,5266.0
2026-05-16T02:00:00Z,79124.3,79154.3,79078.1,79147.4,1626.0
2026-05-16T02:05:00Z,79155.3,79177.5,79132.0,79135.2,1222.0
2026-05-16T02:10:00Z,79135.2,79159.5,79135.1,79157.0,1525.0
2026-05-16T02:15:00Z,79159.5,79171.7,79109.2,79152.5,1375.0
2026-05-16T02:20:00Z,79152.5,79152.5,79125.5,79141.6,1562.0
2026-05-16T02:25:00Z,79141.6,79154.9,79110.7,79110.7,788.0
2026-05-16T02:30:00Z,79105.8,79110.0,79066.0,79066.2,1020.0
2026-05-16T02:35:00Z,79066.0,79080.2,79050.0,79050.0,1152.0
2026-05-16T02:40:00Z,79050.0,79103.3,79050.0,79051.9,328.0
2026-05-16T02:45:00Z,79043.6,79071.9,79040.8,79060.1,3436.0
2026-05-16T02:50:00Z,79060.1,79071.9,79057.9,79064.9,984.0
2026-05-16T02:55:00Z,79073.5,79119.3,79063.0,79113.9,381.0
2026-05-16T03:00:00Z,79115.3,79144.4,79096.4,79115.7,1573.0
2026-05-16T03:05:00Z,79115.8,79128.7,79108.8,79108.8,1934.0
2026-05-16T03:10:00Z,79127.8,79150.2,79116.7,79116.7,1274.0
2026-05-16T03:15:00Z,79122.8,79140.1,79122.8,79138.4,2227.0
2026-05-16T03:20:00Z,79132.3,79141.5,79116.6,79141.3,1426.0
2026-05-16T03:25:00Z,79141.3,79141.3,79123.3,79141.2,254.0
2026-05-16T03:30:00Z,79141.2,79141.2,79105.2,79127.4,197.0
2026-05-16T03:35:00Z,79127.4,79127.4,79100.8,79104.4,381.0
2026-05-16T03:40:00Z,79104.4,79104.4,79042.1,79042.1,8391.0
2026-05-16T03:45:00Z,79042.0,79064.2,79042.0,79045.1,1787.0
2026-05-16T03:50:00Z,79042.0,79049.9,79028.9,79049.9,5192.0
2026-05-16T03:55:00Z,79059.9,79093.9,79058.8,79060.0,14091.0
2026-05-16T04:00:00Z,79060.0,79086.2,79019.8,79086.2,2988.0
2026-05-16T04:05:00Z,79086.2,79095.1,79043.1,79087.0,8976.0
2026-05-16T04:10:00Z,79085.7,79085.7,79019.7,79046.4,775.0
2026-05-16T04:15:00Z,79040.7,79061.7,79040.7,79054.8,349.0
2026-05-16T04:20:00Z,79039.9,79056.4,79030.0,79030.0,414.0
2026-05-16T04:25:00Z,79044.5,79052.6,79003.5,79003.5,1521.0
2026-05-16T04:30:00Z,79006.1,79014.9,78810.3,78884.1,37185.0
2026-05-16T04:35:00Z,78886.0,78950.0,78885.9,78918.1,3462.0
2026-05-16T04:40:00Z,78918.0,78974.9,78918.0,78964.2,5307.0
2026-05-16T04:45:00Z,78958.9,78984.5,78928.2,78960.5,6695.0
2026-05-16T04:50:00Z,78960.5,78966.4,78919.2,78954.8,1863.0
2026-05-16T04:55:00Z,78954.8,78999.3,78954.8,78999.3,2087.0
2026-05-16T05:00:00Z,78999.3,79000.0,78900.1,78971.5,1404.0
2026-05-16T05:05:00Z,78971.5,79001.0,78964.1,78977.6,4713.0
2026-05-16T05:10:00Z,78977.6,78996.3,78960.0,78996.3,8500.0
2026-05-16T05:15:00Z,79000.0,79000.0,78978.8,78988.4,128.0
2026-05-16T05:20:00Z,78988.6,78991.1,78980.3,78985.9,102.0
2026-05-16T05:25:00Z,78984.8,78995.0,78983.1,78987.1,287.0
2026-05-16T05:30:00Z,78990.9,78994.9,78939.4,78950.0,2599.0
2026-05-16T05:35:00Z,78950.0,78967.0,78902.1,78966.7,11483.0
2026-05-16T05:40:00Z,78966.7,79000.0,78940.8,78964.6,8879.0
2026-05-16T05:45:00Z,78959.3,78981.3,78948.6,78972.0,3296.0
2026-05-16T05:50:00Z,78972.0,78979.9,78966.6,78971.8,3156.0
2026-05-16T05:55:00Z,78971.8,78988.1,78923.1,78988.1,2996.0
2026-05-16T06:00:00Z,78990.0,79009.7,78963.4,78993.3,10180.0
2026-05-16T06:05:00Z,78993.2,79000.0,78922.3,78922.3,2559.0
2026-05-16T06:10:00Z,78922.3,78928.2,78881.3,78897.3,652.0
2026-05-16T06:15:00Z,78883.9,78889.6,78858.5,78866.7,11086.0
2026-05-16T06:20:00Z,78862.3,78862.4,78770.5,78787.2,30838.0
2026-05-16T06:25:00Z,78787.3,78812.4,78751.8,78787.9,17693.0
2026-05-16T06:30:00Z,78786.0,78856.3,78776.5,78834.6,8587.0
2026-05-16T06:35:00Z,78843.8,78850.6,78777.1,78777.1,15060.0
2026-05-16T06:40:00Z,78773.4,78803.3,78696.1,78705.6,26243.0
2026-05-16T06:45:00Z,78705.5,78745.9,78548.4,78553.8,37791.0
2026-05-16T06:50:00Z,78556.6,78634.8,78409.5,78613.8,46466.0
2026-05-16T06:55:00Z,78613.8,78642.3,78569.3,78610.3,7084.0
2026-05-16T07:00:00Z,78610.3,78610.3,78550.1,78593.8,26484.0
2026-05-16T07:05:00Z,78592.5,78592.5,78407.8,78413.7,34314.0
2026-05-16T07:10:00Z,78411.1,78437.4,78063.3,78219.8,154874.0
2026-05-16T07:15:00Z,78222.8,78319.3,78014.0,78282.9,88197.0
2026-05-16T07:20:00Z,78270.4,78388.1,78253.6,78378.5,300939.0
2026-05-16T07:25:00Z,78378.5,78481.9,78370.4,78430.1,30056.0
2026-05-16T07:30:00Z,78430.1,78463.1,78315.1,78432.0,38185.0
2026-05-16T07:35:00Z,78421.6,78516.6,78400.0,78470.0,6551.0
2026-05-16T07:40:00Z,78470.0,78520.0,78454.0,78460.0,6174.0
2026-05-16T07:45:00Z,78460.0,78481.6,78384.1,78384.1,6002.0
2026-05-16T07:50:00Z,78387.8,78387.8,78305.2,78309.1,7568.0
2026-05-16T07:55:00Z,78309.1,78362.2,78306.6,78334.3,11333.0
2026-05-16T08:00:00Z,78326.4,78397.9,78292.4,78363.7,12996.0
2026-05-16T08:05:00Z,78359.3,78417.9,78330.2,78413.0,2898.0
2026-05-16T08:10:00Z,78412.9,78434.6,78383.3,78383.3,3320.0
2026-05-16T08:15:00Z,78383.5,78398.6,78383.4,78398.6,4372.0
2026-05-16T08:20:00Z,78398.6,78398.7,78331.6,78377.8,1254.0
2026-05-16T08:25:00Z,78377.8,78379.1,78356.3,78370.7,3361.0
2026-05-16T08:30:00Z,78370.8,78472.2,78360.2,78419.1,2441.0
2026-05-16T08:35:00Z,78419.1,78451.9,78401.5,78450.0,3180.0
2026-05-16T08:40:00Z,78451.3,78522.0,78430.1,78430.1,6264.0
2026-05-16T08:45:00Z,78436.6,78436.7,78353.0,78373.0,2045.0
2026-05-16T08:50:00Z,78372.9,78391.2,78340.0,78378.8,2879.0
2026-05-16T08:55:00Z,78378.9,78411.9,78353.9,78395.4,2818.0
2026-05-16T09:00:00Z,78385.0,78405.6,78350.4,78395.1,1305.0
2026-05-16T09:05:00Z,78394.0,78394.0,78353.0,78359.9,1427.0
2026-05-16T09:10:00Z,78359.9,78360.0,78206.8,78228.1,11573.0
2026-05-16T09:15:00Z,78228.0,78239.9,77850.0,77939.6,92511.0
2026-05-16T09:20:00Z,77936.8,78073.0,77905.1,78000.1,31354.0
2026-05-16T09:25:00Z,78001.4,78078.5,77970.0,78025.3,10048.0
2026-05-16T09:30:00Z,78025.1,78132.8,78000.3,78113.9,5233.0
2026-05-16T09:35:00Z,78116.9,78153.0,78070.7,78110.0,6963.0
2026-05-16T09:40:00Z,78110.3,78129.2,78070.1,78088.0,231394.0
2026-05-16T09:45:00Z,78088.0,78172.0,78015.7,78017.1,7631.0
2026-05-16T09:50:00Z,78017.2,78099.8,77967.7,78097.7,22010.0
2026-05-16T09:55:00Z,78097.7,78097.7,78035.1,78062.1,4024.0
2026-05-16T10:00:00Z,78062.0,78071.1,77902.0,77933.7,25299.0
2026-05-16T10:05:00Z,77933.7,77960.4,77777.0,77856.7,24637.0
2026-05-16T10:10:00Z,77832.6,77896.7,77777.0,77884.0,36120.0
2026-05-16T10:15:00Z,77881.1,77930.5,77801.5,77881.2,11457.0
2026-05-16T10:20:00Z,77881.2,77881.2,77810.0,77831.2,20229.0
2026-05-16T10:25:00Z,77835.3,77844.4,77610.6,77750.1,60180.0
2026-05-16T10:30:00Z,77739.9,77945.1,77730.1,77888.1,45274.0
2026-05-16T10:35:00Z,77901.1,77954.8,77833.4,77864.1,5087.0
2026-05-16T10:40:00Z,77864.0,77894.4,77834.6,77870.8,2700.0
2026-05-16T10:45:00Z,77870.8,77928.5,77850.1,77898.0,16049.0
2026-05-16T10:50:00Z,77892.5,77936.4,77887.5,77888.1,10316.0
2026-05-16T10:55:00Z,77888.1,77962.1,77888.0,77937.6,17909.0
2026-05-16T11:00:00Z,77937.7,78065.7,77937.7,78027.3,23815.0
2026-05-16T11:05:00Z,78022.7,78037.7,77991.6,78012.0,11612.0
2026-05-16T11:10:00Z,78015.1,78081.5,78012.0,78052.1,5119.0
2026-05-16T11:15:00Z,78052.2,78129.2,78048.0,78107.7,7934.0
2026-05-16T11:20:00Z,78107.7,78108.6,78026.9,78040.1,10968.0
2026-05-16T11:25:00Z,78040.2,78110.0,78040.2,78105.8,4207.0
2026-05-16T11:30:00Z,78105.8,78105.8,78069.1,78103.1,2299.0
2026-05-16T11:35:00Z,78103.1,78153.6,78103.0,78148.3,4583.0
2026-05-16T11:40:00Z,78144.9,78144.9,78121.7,78135.1,3712.0
2026-05-16T11:45:00Z,78135.0,78136.2,78078.1,78078.1,2114.0
2026-05-16T11:50:00Z,78078.1,78082.8,78050.0,78055.0,4813.0
2026-05-16T11:55:00Z,78068.4,78068.4,78050.0,78050.2,5871.0
2026-05-16T12:00:00Z,78050.2,78097.7,78002.6,78077.6,12013.0
2026-05-16T12:05:00Z,78067.6,78083.6,78040.1,78040.2,52297.0
2026-05-16T12:10:00Z,78040.2,78044.8,78008.0,78036.7,4476.0
2026-05-16T12:15:00Z,78034.1,78034.1,77963.1,77967.3,12445.0
2026-05-16T12:20:00Z,77963.0,77999.0,77940.0,77940.1,1830.0
2026-05-16T12:25:00Z,77937.7,77963.8,77900.0,77956.9,12612.0
2026-05-16T12:30:00Z,77956.9,78051.4,77956.9,78045.1,6074.0
2026-05-16T12:35:00Z,78045.1,78045.1,78019.1,78023.5,5525.0
2026-05-16T12:40:00Z,78023.6,78042.5,78019.4,78031.9,2727.0
2026-05-16T12:45:00Z,78031.9,78093.7,78020.7,78035.4,3532.0
2026-05-16T12:50:00Z,78035.3,78066.7,78000.0,78002.4,4151.0
2026-05-16T12:55:00Z,78002.3,78009.8,77980.0,77980.0,7423.0
2026-05-16T13:00:00Z,77971.9,77982.5,77914.4,77942.3,22974.0
2026-05-16T13:05:00Z,77942.3,77977.2,77929.9,77951.0,53743.0
2026-05-16T13:10:00Z,77951.0,77980.9,77857.1,77875.6,12374.0
2026-05-16T13:15:00Z,77869.9,77957.4,77843.6,77957.4,11704.0
2026-05-16T13:20:00Z,77945.3,77950.0,77856.0,77856.0,10152.0
2026-05-16T13:25:00Z,77856.0,77942.2,77855.9,77942.2,6184.0
2026-05-16T13:30:00Z,77934.1,77946.3,77873.9,77873.9,5526.0
2026-05-16T13:35:00Z,77873.6,77873.6,77800.0,77854.4,3730.0
2026-05-16T13:40:00Z,77858.3,77883.1,77851.7,77871.5,2205.0
2026-05-16T13:45:00Z,77871.5,77892.6,77859.9,77892.6,13028.0
2026-05-16T13:50:00Z,77896.3,77935.0,77889.0,77929.5,49124.0
2026-05-16T13:55:00Z,77929.5,77980.8,77925.1,77980.8,6538.0
2026-05-16T14:00:00Z,77986.3,78020.4,77888.0,77889.7,5342.0
2026-05-16T14:05:00Z,77884.8,77925.4,77857.1,77900.1,2768.0
2026-05-16T14:10:00Z,77894.8,77933.7,77894.7,77930.4,4024.0
2026-05-16T14:15:00Z,77930.4,77930.7,77868.6,77888.1,2096.0
2026-05-16T14:20:00Z,77888.1,77966.1,77877.3,77960.1,4262.0
2026-05-16T14:25:00Z,77960.0,78036.5,77940.6,77954.4,27954.0
2026-05-16T14:30:00Z,77962.6,78075.2,77962.6,78075.2,12337.0
2026-05-16T14:35:00Z,78076.3,78121.6,78050.0,78078.8,51365.0
2026-05-16T14:40:00Z,78078.8,78200.2,78078.8,78189.9,28020.0
2026-05-16T14:45:00Z,78183.2,78316.5,78128.1,78140.3,29994.0
2026-05-16T14:50:00Z,78140.4,78144.1,78065.0,78081.1,5492.0
2026-05-16T14:55:00Z,78081.1,78121.6,78070.9,78093.9,4518.0
2026-05-16T15:00:00Z,78082.0,78191.2,78074.9,78173.9,15318.0
2026-05-16T15:05:00Z,78173.7,78173.7,78055.0,78090.2,13394.0
2026-05-16T15:10:00Z,78090.2,78090.2,78036.8,78090.2,851.0
2026-05-16T15:15:00Z,78090.2,78120.0,78050.1,78095.4,3827.0
2026-05-16T15:20:00Z,78095.4,78112.4,78050.1,78112.4,1739.0
2026-05-16T15:25:00Z,78117.0,78159.9,78091.6,78091.6,2632.0
2026-05-16T15:30:00Z,78106.6,78197.5,78106.6,78166.7,20812.0
2026-05-16T15:35:00Z,78166.7,78196.9,78166.5,78194.6,7016.0
2026-05-16T15:40:00Z,78194.6,78194.6,78143.1,78181.3,7144.0
2026-05-16T15:45:00Z,78176.7,78245.9,78171.1,78222.4,14340.0
2026-05-16T15:50:00Z,78218.1,78218.1,78198.1,78200.2,2061.0
2026-05-16T15:55:00Z,78200.2,78217.1,78187.1,78194.1,1544.0
2026-05-16T16:00:00Z,78192.5,78337.4,78144.3,78311.0,8851.0
2026-05-16T16:05:00Z,78300.0,78300.0,78222.5,78229.9,2660.0
2026-05-16T16:10:00Z,78229.9,78229.9,78152.5,78204.2,3058.0
2026-05-16T16:15:00Z,78204.2,78298.6,78180.0,78298.6,4870.0
2026-05-16T16:20:00Z,78298.6,78298.6,78238.1,78271.6,34237.0
2026-05-16T16:25:00Z,78271.6,78295.1,78245.9,78245.9,1745.0
2026-05-16T16:30:00Z,78242.3,78250.9,78223.1,78250.9,2297.0
2026-05-16T16:35:00Z,78261.8,78271.6,78188.0,78207.1,9388.0
2026-05-16T16:40:00Z,78207.1,78207.1,78087.3,78104.0,10404.0
2026-05-16T16:45:00Z,78114.7,78190.0,78113.3,78186.6,34608.0
2026-05-16T16:50:00Z,78186.6,78186.6,78107.2,78156.0,3091.0
2026-05-16T16:55:00Z,78156.0,78170.0,78132.2,78167.6,1742.0
2026-05-16T17:00:00Z,78167.6,78220.0,78160.0,78220.0,1721.0
2026-05-16T17:05:00Z,78220.0,78239.6,78219.9,78224.9,9923.0
2026-05-16T17:10:00Z,78224.9,78226.0,78210.0,78226.0,6344.0
2026-05-16T17:15:00Z,78226.0,78243.0,78185.2,78243.0,4318.0
2026-05-16T17:20:00Z,78243.0,78258.7,78218.9,78258.7,2196.0
2026-05-16T17:25:00Z,78258.7,78281.8,78222.0,78250.1,3889.0
2026-05-16T17:30:00Z,78250.1,78263.5,78225.7,78263.5,8563.0
2026-05-16T17:35:00Z,78265.9,78285.1,78238.5,78245.8,1334.0
2026-05-16T17:40:00Z,78245.8,78263.4,78232.8,78232.8,288.0
2026-05-16T17:45:00Z,78232.7,78247.5,78200.3,78247.5,1431.0
2026-05-16T17:50:00Z,78247.5,78260.0,78189.9,78190.0,11185.0
2026-05-16T17:55:00Z,78195.2,78195.2,78171.0,78171.0,3674.0
2026-05-16T18:00:00Z,78170.8,78206.5,78160.0,78160.1,8204.0
2026-05-16T18:05:00Z,78160.1,78183.4,78135.3,78146.0,6683.0
2026-05-16T18:10:00Z,78145.9,78170.0,78135.3,78160.4,3356.0
2026-05-16T18:15:00Z,78160.4,78181.8,78121.6,78130.9,2700.0
2026-05-16T18:20:00Z,78131.0,78139.3,78113.1,78113.2,2389.0
2026-05-16T18:25:00Z,78113.2,78171.7,78113.1,78171.7,4347.0
2026-05-16T18:30:00Z,78171.7,78203.7,78171.6,78203.7,1839.0
2026-05-16T18:35:00Z,78203.7,78203.7,78154.3,78167.5,492.0
2026-05-16T18:40:00Z,78172.7,78237.2,78153.1,78218.1,2049.0
2026-05-16T18:45:00Z,78211.0,78239.3,78202.9,78202.9,669.0
2026-05-16T18:50:00Z,78202.8,78293.1,78192.2,78192.2,8592.0
2026-05-16T18:55:00Z,78189.6,78227.0,78189.6,78200.0,3655.0
2026-05-16T19:00:00Z,78200.0,78225.4,78166.9,78220.2,1024.0
2026-05-16T19:05:00Z,78214.9,78230.3,78206.8,78206.8,1287.0
2026-05-16T19:10:00Z,78206.8,78211.2,78188.7,78202.4,2238.0
2026-05-16T19:15:00Z,78202.4,78217.5,78200.9,78206.9,1477.0
2026-05-16T19:20:00Z,78206.9,78218.0,78181.7,78212.1,16880.0
2026-05-16T19:25:00Z,78212.1,78263.5,78212.1,78244.3,1250.0
2026-05-16T19:30:00Z,78244.3,78249.9,78223.2,78249.9,9725.0
2026-05-16T19:35:00Z,78250.0,78265.0,78229.1,78252.8,1762.0
2026-05-16T19:40:00Z,78252.8,78252.8,78220.5,78227.7,568.0
2026-05-16T19:45:00Z,78232.5,78269.9,78216.4,78256.8,7177.0
2026-05-16T19:50:00Z,78256.7,78270.2,78184.5,78239.9,9536.0
2026-05-16T19:55:00Z,78230.5,78230.8,78205.8,78223.9,7291.0
2026-05-16T20:00:00Z,78228.9,78265.0,78217.7,78261.1,15545.0
2026-05-16T20:05:00Z,78261.2,78264.9,78240.1,78263.9,4361.0
2026-05-16T20:10:00Z,78263.9,78265.0,78250.8,78257.5,4211.0
2026-05-16T20:15:00Z,78262.1,78280.3,78257.6,78277.5,6106.0
2026-05-16T20:20:00Z,78277.5,78278.6,78252.5,78252.6,1094.0
2026-05-16T20:25:00Z,78252.6,78287.4,78239.4,78239.4,900.0
2026-05-16T20:30:00Z,78239.4,78239.4,78175.7,78208.2,7590.0
2026-05-16T20:35:00Z,78213.9,78243.2,78203.6,78203.6,1983.0
2026-05-16T20:40:00Z,78200.0,78200.2,78160.0,78192.6,9147.0
2026-05-16T20:45:00Z,78192.6,78201.3,78172.4,78201.3,491.0
2026-05-16T20:50:00Z,78201.3,78215.5,78197.3,78215.5,11194.0
2026-05-16T20:55:00Z,78215.5,78233.6,78214.7,78214.7,743.0
2026-05-16T21:00:00Z,78213.0,78254.9,78199.9,78254.9,1329.0
2026-05-16T21:05:00Z,78254.9,78269.9,78243.1,78250.5,19557.0
2026-05-16T21:10:00Z,78250.5,78271.2,78215.6,78271.2,715.0
2026-05-16T21:15:00Z,78268.3,78268.3,78224.2,78224.2,10904.0
2026-05-16T21:20:00Z,78224.1,78253.3,78209.1,78209.1,2036.0
2026-05-16T21:25:00Z,78209.2,78249.7,78207.6,78234.8,792.0
2026-05-16T21:30:00Z,78234.8,78251.6,78232.2,78238.2,755.0
2026-05-16T21:35:00Z,78238.2,78243.9,78221.3,78231.1,968.0
2026-05-16T21:40:00Z,78231.2,78250.8,78167.5,78250.8,8898.0
2026-05-16T21:45:00Z,78252.2,78255.3,78223.9,78223.9,4450.0
2026-05-16T21:50:00Z,78213.7,78252.8,78213.7,78249.4,4094.0
2026-05-16T21:55:00Z,78249.4,78263.6,78236.6,78236.6,401.0
2026-05-16T22:00:00Z,78229.1,78242.8,78161.3,78169.9,9225.0
2026-05-16T22:05:00Z,78169.9,78170.0,78132.6,78139.0,5239.0
2026-05-16T22:10:00Z,78139.0,78211.3,78139.0,78206.7,2394.0
2026-05-16T22:15:00Z,78206.7,78240.3,78206.7,78214.8,3100.0
2026-05-16T22:20:00Z,78214.7,78246.1,78214.7,78242.0,1719.0
2026-05-16T22:25:00Z,78242.0,78242.2,78225.6,78228.1,285.0
2026-05-16T22:30:00Z,78228.1,78237.0,78212.0,78212.0,791.0
2026-05-16T22:35:00Z,78212.0,78218.7,78183.4,78193.0,1473.0
2026-05-16T22:40:00Z,78193.0,78193.0,78181.0,78185.8,660.0
2026-05-16T22:45:00Z,78185.8,78189.0,78159.4,78176.9,10501.0
2026-05-16T22:50:00Z,78176.9,78191.9,78171.0,78171.0,26227.0
2026-05-16T22:55:00Z,78166.3,78166.3,78143.5,78143.5,3092.0
2026-05-16T23:00:00Z,78138.1,78159.2,78109.9,78114.1,12330.0
2026-05-16T23:05:00Z,78114.1,78166.0,78114.1,78165.9,1259.0
2026-05-16T23:10:00Z,78165.9,78166.0,78153.9,78153.9,526.0
2026-05-16T23:15:00Z,78153.9,78240.0,78153.9,78218.7,2111.0
2026-05-16T23:20:00Z,78218.7,78218.7,78184.5,78184.5,1209.0
2026-05-16T23:25:00Z,78184.5,78203.7,78184.4,78194.0,206.0
2026-05-16T23:30:00Z,78194.0,78212.6,78190.0,78190.0,1279.0
2026-05-16T23:35:00Z,78190.0,78212.6,78184.8,78190.2,1199.0
2026-05-16T23:40:00Z,78190.2,78190.2,78166.0,78184.8,553.0
2026-05-16T23:45:00Z,78198.1,78199.9,78166.0,78166.0,1122.0
2026-05-16T23:50:00Z,78166.0,78166.0,78085.3,78115.9,5266.0
2026-05-16T23:55:00Z,78130.5,78156.6,78109.7,78109.7,12147.0
2026-05-17T00:00:00Z,78104.9,78193.5,78104.9,78193.5,2312.0
2026-05-17T00:05:00Z,78197.8,78199.0,78174.6,78193.0,1477.0
2026-05-17T00:10:00Z,78193.0,78213.9,78160.0,78160.0,1965.0
2026-05-17T00:15:00Z,78160.0,78180.6,78160.0,78166.3,1527.0
2026-05-17T00:20:00Z,78166.4,78166.4,78110.1,78151.5,2278.0
2026-05-17T00:25:00Z,78151.5,78161.0,78104.2,78161.0,731.0
2026-05-17T00:30:00Z,78164.6,78164.6,78136.2,78152.0,2327.0
2026-05-17T00:35:00Z,78152.0,78199.6,78152.0,78167.9,827.0
2026-05-17T00:40:00Z,78167.9,78170.4,78093.7,78102.3,12580.0
2026-05-17T00:45:00Z,78116.4,78121.8,78050.0,78056.3,15277.0
2026-05-17T00:50:00Z,78056.6,78094.0,78056.6,78065.3,3701.0
2026-05-17T00:55:00Z,78065.3,78065.3,77763.5,77900.0,40193.0
2026-05-17T01:00:00Z,77918.3,77978.5,77785.6,77928.6,12452.0
2026-05-17T01:05:00Z,77929.8,78023.1,77914.9,78016.1,4008.0
2026-05-17T01:10:00Z,78016.1,78080.0,78000.1,78017.6,14943.0
2026-05-17T01:15:00Z,78015.0,78054.3,77991.3,77999.9,3190.0
2026-05-17T01:20:00Z,78005.0,78027.6,77936.7,77968.8,3574.0
2026-05-17T01:25:00Z,77982.3,77996.5,77882.5,77949.9,4666.0
2026-05-17T01:30:00Z,77949.9,77970.9,77889.8,77955.9,3071.0
2026-05-17T01:35:00Z,77946.6,77946.6,77826.9,77926.4,4339.0
2026-05-17T01:40:00Z,77900.0,77900.0,77681.8,77746.0,46561.0
2026-05-17T01:45:00Z,77740.0,77839.0,77715.6,77767.2,25841.0
2026-05-17T01:50:00Z,77767.3,77820.5,77767.2,77777.0,5522.0
2026-05-17T01:55:00Z,77787.4,77791.3,77688.0,77689.7,5243.0
2026-05-17T02:00:00Z,77699.9,77793.6,77699.6,77777.9,16362.0
2026-05-17T02:05:00Z,77777.8,77818.4,77757.2,77817.0,7622.0
2026-05-17T02:10:00Z,77824.5,77900.0,77818.5,77831.6,9545.0
2026-05-17T02:15:00Z,77831.6,77882.4,77820.0,77882.4,2127.0
2026-05-17T02:20:00Z,77882.4,77896.4,77820.1,77839.2,20834.0
2026-05-17T02:25:00Z,77820.3,77868.2,77802.5,77863.8,25324.0
2026-05-17T02:30:00Z,77866.5,77891.3,77818.2,77823.2,28592.0
2026-05-17T02:35:00Z,77823.3,77901.8,77820.2,77864.0,13286.0
2026-05-17T02:40:00Z,77872.1,77890.4,77856.0,77879.9,23341.0
2026-05-17T02:45:00Z,77879.9,77898.8,77867.8,77867.8,1152.0
2026-05-17T02:50:00Z,77867.8,77887.4,77811.1,77880.1,2406.0
2026-05-17T02:55:00Z,77871.8,77885.7,77845.0,77869.9,1015.0
2026-05-17T03:00:00Z,77863.7,77975.6,77851.2,77943.1,8939.0
2026-05-17T03:05:00Z,77943.2,77943.2,77918.4,77928.0,2245.0
2026-05-17T03:10:00Z,77928.0,77931.8,77905.0,77927.9,1270.0
2026-05-17T03:15:00Z,77927.9,77969.0,77927.9,77946.8,1554.0
2026-05-17T03:20:00Z,77941.4,77984.4,77923.4,77960.1,36654.0
2026-05-17T03:25:00Z,77940.7,77967.9,77928.1,77967.9,5358.0
2026-05-17T03:30:00Z,77963.3,78005.7,77941.2,78005.7,1812.0
2026-05-17T03:35:00Z,78005.7,78006.8,77992.9,78006.8,4068.0
2026-05-17T03:40:00Z,78011.9,78031.0,77982.9,77992.6,8320.0
2026-05-17T03:45:00Z,77992.6,78010.5,77983.1,78010.2,1925.0
2026-05-17T03:50:00Z,78015.0,78050.0,77980.6,77980.7,4542.0
2026-05-17T03:55:00Z,77978.0,77993.5,77962.8,77991.5,855.0
2026-05-17T04:00:00Z,77986.0,78020.0,77971.6,78013.3,1881.0
2026-05-17T04:05:00Z,78013.3,78050.0,78005.4,78013.9,2199.0
2026-05-17T04:10:00Z,78013.9,78013.9,77983.0,78011.0,1684.0
2026-05-17T04:15:00Z,78011.0,78058.3,78011.0,78042.5,10655.0
2026-05-17T04:20:00Z,78042.4,78105.3,78037.5,78090.1,4986.0
2026-05-17T04:25:00Z,78087.0,78110.0,78050.0,78050.0,4450.0
2026-05-17T04:30:00Z,78053.5,78053.5,78017.7,78029.9,40655.0
2026-05-17T04:35:00Z,78029.9,78136.0,78029.9,78112.7,22283.0
2026-05-17T04:40:00Z,78112.7,78160.0,78112.6,78158.1,22606.0
2026-05-17T04:45:00Z,78158.1,78170.4,78141.2,78141.4,24633.0
2026-05-17T04:50:00Z,78141.2,78161.9,78113.5,78136.0,646.0
2026-05-17T04:55:00Z,78137.4,78137.4,78115.2,78117.4,1010.0
2026-05-17T05:00:00Z,78117.4,78155.3,78111.0,78153.8,6638.0
2026-05-17T05:05:00Z,78153.8,78279.8,78153.8,78240.9,25736.0
2026-05-17T05:10:00Z,78238.0,78245.7,78202.0,78202.0,64085.0
2026-05-17T05:15:00Z,78202.1,78215.2,78152.5,78152.6,1756.0
2026-05-17T05:20:00Z,78152.5,78168.0,78135.0,78168.0,9970.0
2026-05-17T05:25:00Z,78168.0,78168.0,78134.9,78135.6,6805.0
2026-05-17T05:30:00Z,78141.8,78141.8,78112.2,78129.0,10191.0
2026-05-17T05:35:00Z,78128.9,78163.0,78128.9,78163.0,1521.0
2026-05-17T05:40:00Z,78166.9,78166.9,78113.6,78113.6,11079.0
2026-05-17T05:45:00Z,78113.7,78137.9,78113.7,78133.6,937.0
2026-05-17T05:50:00Z,78133.6,78133.6,78067.6,78070.0,7491.0
2026-05-17T05:55:00Z,78069.9,78087.7,78064.8,78087.7,4133.0
2026-05-17T06:00:00Z,78087.6,78141.8,78087.6,78129.3,3036.0
2026-05-17T06:05:00Z,78129.4,78141.8,78108.0,78141.8,11536.0
2026-05-17T06:10:00Z,78141.8,78172.6,78141.6,78142.5,557.0
2026-05-17T06:15:00Z,78142.5,78164.6,78120.8,78140.0,2374.0
2026-05-17T06:20:00Z,78140.0,78140.0,78012.5,78027.0,4294.0
2026-05-17T06:25:00Z,78027.0,78044.3,77980.0,78044.3,11006.0
2026-05-17T06:30:00Z,78044.3,78063.3,78044.2,78063.3,11684.0
2026-05-17T06:35:00Z,78063.3,78082.0,78063.3,78070.3,7692.0
2026-05-17T06:40:00Z,78070.2,78070.2,78004.0,78007.6,3742.0
2026-05-17T06:45:00Z,78007.6,78023.1,78007.6,78019.2,308.0
2026-05-17T06:50:00Z,78019.2,78061.2,78015.3,78061.2,21171.0
2026-05-17T06:55:00Z,78063.1,78071.6,78039.8,78071.6,2010.0
2026-05-17T07:00:00Z,78071.6,78077.7,78040.9,78058.6,12141.0
2026-05-17T07:05:00Z,78058.3,78062.9,78040.0,78062.3,609.0
2026-05-17T07:10:00Z,78062.4,78072.4,78052.6,78052.7,7298.0
2026-05-17T07:15:00Z,78052.7,78052.8,78023.9,78023.9,586.0
2026-05-17T07:20:00Z,78023.9,78066.2,78015.0,78066.2,5582.0
2026-05-17T07:25:00Z,78066.2,78113.9,78059.3,78080.8,14669.0
2026-05-17T07:30:00Z,78091.8,78165.7,78091.8,78165.7,686.0
2026-05-17T07:35:00Z,78166.6,78166.6,78066.0,78081.6,1011.0
2026-05-17T07:40:00Z,78099.9,78121.6,78099.9,78110.0,1610.0
2026-05-17T07:45:00Z,78110.0,78135.1,78110.0,78121.9,628.0
2026-05-17T07:50:00Z,78121.9,78140.0,78110.8,78140.0,635.0
2026-05-17T07:55:00Z,78140.0,78153.1,78120.8,78126.8,200.0
2026-05-17T08:00:00Z,78137.3,78145.6,78105.8,78108.1,338.0
2026-05-17T08:05:00Z,78108.1,78134.4,78106.2,78131.1,375.0
2026-05-17T08:10:00Z,78123.5,78125.0,78106.1,78106.1,403.0
2026-05-17T08:15:00Z,78106.1,78110.4,78032.1,78045.3,25913.0
2026-05-17T08:20:00Z,78045.3,78078.2,78029.7,78058.6,360.0
2026-05-17T08:25:00Z,78058.5,78058.5,78019.1,78028.7,690.0
2026-05-17T08:30:00Z,78028.7,78048.9,78024.2,78030.3,1036.0
2026-05-17T08:35:00Z,78030.3,78076.9,78030.3,78038.8,1417.0
2026-05-17T08:40:00Z,78038.6,78048.6,77992.0,78048.6,21560.0
2026-05-17T08:45:00Z,78049.4,78076.2,78044.5,78044.5,24716.0
2026-05-17T08:50:00Z,78044.5,78066.2,78040.5,78059.9,11701.0
2026-05-17T08:55:00Z,78059.9,78059.9,78035.0,78050.6,4065.0
2026-05-17T09:00:00Z,78058.2,78089.0,78042.2,78042.2,286.0
2026-05-17T09:05:00Z,78050.3,78077.5,78050.3,78077.5,903.0
2026-05-17T09:10:00Z,78077.5,78110.4,78065.0,78101.9,18781.0
2026-05-17T09:15:00Z,78101.9,78120.0,78077.6,78105.4,3914.0
2026-05-17T09:20:00Z,78112.6,78112.6,78061.3,78094.9,1813.0
2026-05-17T09:25:00Z,78088.9,78100.0,78078.5,78100.0,315.0
2026-05-17T09:30:00Z,78103.1,78103.1,78069.7,78069.7,3492.0
2026-05-17T09:35:00Z,78070.3,78084.8,78053.9,78084.8,523.0
2026-05-17T09:40:00Z,78084.8,78084.8,78070.7,78082.5,1193.0
2026-05-17T09:45:00Z,78082.5,78112.7,78082.5,78112.7,4818.0
2026-05-17T09:50:00Z,78112.7,78192.0,78112.6,78191.9,5725.0
2026-05-17T09:55:00Z,78192.7,78264.9,78172.5,78214.3,7635.0
2026-05-17T10:00:00Z,78214.3,78313.8,78210.5,78282.4,17337.0
2026-05-17T10:05:00Z,78279.0,78330.2,78238.7,78319.1,8727.0
2026-05-17T10:10:00Z,78319.2,78485.8,78319.2,78401.0,34807.0
2026-05-17T10:15:00Z,78401.0,78432.9,78360.0,78380.1,43764.0
2026-05-17T10:20:00Z,78379.9,78469.7,78366.4,78450.9,9681.0
2026-05-17T10:25:00Z,78450.9,78564.3,78446.2,78479.5,41700.0
2026-05-17T10:30:00Z,78463.6,78473.4,78400.7,78433.3,2940.0
2026-05-17T10:35:00Z,78433.2,78499.9,78425.4,78425.4,6837.0
2026-05-17T10:40:00Z,78425.3,78444.1,78381.3,78444.1,9004.0
2026-05-17T10:45:00Z,78444.1,78444.1,78386.0,78417.2,34246.0
2026-05-17T10:50:00Z,78417.2,78435.8,78385.1,78399.3,2015.0
2026-05-17T10:55:00Z,78398.2,78423.0,78385.2,78423.0,2177.0
2026-05-17T11:00:00Z,78412.0,78436.0,78330.0,78375.3,2456.0
2026-05-17T11:05:00Z,78375.3,78421.0,78351.9,78405.7,722.0
2026-05-17T11:10:00Z,78405.7,78410.5,78320.0,78320.0,1662.0
2026-05-17T11:15:00Z,78320.0,78335.3,78270.0,78296.2,10414.0
2026-05-17T11:20:00Z,78296.2,78330.0,78267.6,78329.9,2261.0
2026-05-17T11:25:00Z,78326.3,78342.0,78301.0,78301.0,2442.0
2026-05-17T11:30:00Z,78301.1,78367.7,78258.7,78359.3,5137.0
2026-05-17T11:35:00Z,78351.6,78351.6,78302.5,78322.4,1749.0
2026-05-17T11:40:00Z,78322.4,78399.4,78322.4,78369.1,3826.0
2026-05-17T11:45:00Z,78368.0,78427.2,78342.8,78359.9,2789.0
2026-05-17T11:50:00Z,78359.9,78381.7,78341.2,78341.2,1181.0
2026-05-17T11:55:00Z,78341.2,78371.5,78341.2,78371.5,1674.0
2026-05-17T12:00:00Z,78371.6,78391.9,78348.0,78348.0,1929.0
2026-05-17T12:05:00Z,78348.1,78373.1,78329.8,78360.0,2454.0
2026-05-17T12:10:00Z,78360.1,78418.3,78360.0,78360.1,3800.0
2026-05-17T12:15:00Z,78360.1,78405.0,78333.4,78333.4,5809.0
2026-05-17T12:20:00Z,78327.7,78396.6,78310.5,78395.3,4226.0
2026-05-17T12:25:00Z,78392.9,78393.3,78372.6,78393.2,4628.0
2026-05-17T12:30:00Z,78393.2,78419.5,78382.7,78419.5,6808.0
2026-05-17T12:35:00Z,78420.0,78516.2,78419.3,78425.6,8735.0
2026-05-17T12:40:00Z,78425.6,78442.4,78413.4,78442.4,42174.0
2026-05-17T12:45:00Z,78442.4,78459.4,78365.4,78365.4,27536.0
2026-05-17T12:50:00Z,78360.0,78376.3,78342.9,78343.1,3668.0
2026-05-17T12:55:00Z,78343.4,78360.8,78288.0,78327.0,1737.0
2026-05-17T13:00:00Z,78327.1,78327.1,78240.2,78277.6,5100.0
2026-05-17T13:05:00Z,78285.0,78315.7,78250.8,78250.9,3140.0
2026-05-17T13:10:00Z,78250.8,78274.9,78222.2,78224.0,5183.0
2026-05-17T13:15:00Z,78222.3,78222.5,78126.5,78222.5,18929.0
2026-05-17T13:20:00Z,78210.7,78223.7,78190.0,78198.4,2104.0
2026-05-17T13:25:00Z,78205.6,78259.3,78205.5,78259.3,3638.0
2026-05-17T13:30:00Z,78259.3,78259.3,78196.4,78235.9,2892.0
2026-05-17T13:35:00Z,78235.9,78300.5,78235.9,78265.5,4257.0
2026-05-17T13:40:00Z,78265.5,78265.5,78202.3,78222.3,2328.0
2026-05-17T13:45:00Z,78222.3,78253.6,78220.0,78240.0,3314.0
2026-05-17T13:50:00Z,78240.0,78244.2,78157.0,78172.0,3289.0
2026-05-17T13:55:00Z,78173.3,78187.9,78144.2,78164.9,7746.0
2026-05-17T14:00:00Z,78172.8,78172.8,78090.0,78123.2,14200.0
2026-05-17T14:05:00Z,78123.2,78123.2,78024.1,78024.1,19834.0
2026-05-17T14:10:00Z,78024.0,78062.4,78018.1,78030.8,12238.0
2026-05-17T14:15:00Z,78030.8,78030.8,77800.0,77936.6,52000.0
2026-05-17T14:20:00Z,77934.9,77981.4,77879.9,77970.1,12608.0
2026-05-17T14:25:00Z,77970.1,78086.1,77970.0,78014.1,7217.0
2026-05-17T14:30:00Z,78007.4,78037.4,77910.3,77980.0,6735.0
2026-05-17T14:35:00Z,77979.6,77999.0,77926.0,77926.0,8075.0
2026-05-17T14:40:00Z,77930.4,77978.2,77930.4,77965.2,2565.0
2026-05-17T14:45:00Z,77965.1,78034.9,77965.0,78027.2,4331.0
2026-05-17T14:50:00Z,78021.3,78040.9,77988.0,78040.9,2097.0
2026-05-17T14:55:00Z,78041.7,78055.4,78002.0,78009.6,6111.0
2026-05-17T15:00:00Z,78001.7,78029.9,77964.6,78029.7,2580.0
2026-05-17T15:05:00Z,78030.0,78075.0,78030.0,78051.0,4034.0
2026-05-17T15:10:00Z,78060.0,78085.2,78050.1,78058.9,2997.0
2026-05-17T15:15:00Z,78042.1,78042.1,77874.9,78023.1,8953.0
2026-05-17T15:20:00Z,78036.6,78036.6,77990.7,78017.0,3196.0
2026-05-17T15:25:00Z,78004.0,78004.1,77935.0,77951.7,4135.0
2026-05-17T15:30:00Z,77951.7,78004.9,77950.1,78004.9,1349.0
2026-05-17T15:35:00Z,78004.9,78025.0,77960.2,77989.8,12249.0
2026-05-17T15:40:00Z,77980.1,78016.1,77944.0,77988.2,12771.0
2026-05-17T15:45:00Z,77985.0,78024.2,77973.6,78008.1,1894.0
2026-05-17T15:50:00Z,78008.1,78018.5,77994.8,78006.7,2314.0
2026-05-17T15:55:00Z,78006.7,78027.2,78003.6,78007.0,808.0
2026-05-17T16:00:00Z,78007.2,78089.6,78007.2,78062.0,14484.0
2026-05-17T16:05:00Z,78062.0,78062.1,78039.9,78051.1,1823.0
2026-05-17T16:10:00Z,78051.2,78051.2,78015.0,78021.1,4071.0
2026-05-17T16:15:00Z,78021.1,78054.8,78008.8,78032.1,2221.0
2026-05-17T16:20:00Z,78032.1,78053.9,78021.0,78053.9,1733.0
2026-05-17T16:25:00Z,78053.8,78105.5,78053.8,78105.5,15235.0
2026-05-17T16:30:00Z,78105.5,78130.0,78072.9,78081.4,1983.0
2026-05-17T16:35:00Z,78081.3,78109.7,78071.9,78098.5,3374.0
2026-05-17T16:40:00Z,78098.5,78159.0,78098.4,78131.7,7487.0
2026-05-17T16:45:00Z,78131.7,78131.7,78050.0,78066.6,1092.0
2026-05-17T16:50:00Z,78060.8,78087.5,78011.4,78087.5,3919.0
2026-05-17T16:55:00Z,78081.2,78081.2,77983.1,77995.1,6426.0
2026-05-17T17:00:00Z,78005.4,78010.3,77895.5,77986.4,4888.0
2026-05-17T17:05:00Z,77986.4,77995.5,77958.2,77981.8,8818.0
2026-05-17T17:10:00Z,77981.8,77981.8,77840.5,77880.7,8292.0
2026-05-17T17:15:00Z,77880.7,77931.6,77811.1,77904.4,8984.0
2026-05-17T17:20:00Z,77904.4,77950.0,77904.4,77940.1,3825.0
2026-05-17T17:25:00Z,77940.1,77940.1,77903.8,77932.7,1627.0
2026-05-17T17:30:00Z,77932.8,77943.9,77860.0,77935.8,2024.0
2026-05-17T17:35:00Z,77935.8,77962.5,77873.0,77962.5,3700.0
2026-05-17T17:40:00Z,77962.1,78007.8,77946.1,78002.4,5324.0
2026-05-17T17:45:00Z,78002.4,78030.1,77978.3,78030.1,2158.0
2026-05-17T17:50:00Z,78030.1,78030.1,77997.7,78004.5,1781.0
2026-05-17T17:55:00Z,78004.5,78054.3,78004.5,78044.7,2328.0
2026-05-17T18:00:00Z,78044.7,78213.5,78027.7,78150.0,18179.0
2026-05-17T18:05:00Z,78150.1,78191.2,78086.9,78091.6,8262.0
2026-05-17T18:10:00Z,78091.6,78115.3,78087.0,78103.3,1529.0
2026-05-17T18:15:00Z,78103.3,78103.3,78018.9,78019.9,985.0
2026-05-17T18:20:00Z,78019.8,78024.3,77962.1,78023.5,9638.0
2026-05-17T18:25:00Z,78023.4,78097.5,78023.4,78095.4,2012.0
2026-05-17T18:30:00Z,78091.0,78119.3,78079.1,78079.1,3664.0
2026-05-17T18:35:00Z,78079.2,78117.0,78079.2,78102.0,3270.0
2026-05-17T18:40:00Z,78102.0,78102.0,78082.3,78088.8,3033.0
2026-05-17T18:45:00Z,78088.9,78125.0,78077.0,78125.0,2301.0
2026-05-17T18:50:00Z,78123.6,78174.1,78106.4,78160.2,11026.0
2026-05-17T18:55:00Z,78160.1,78233.1,78160.1,78233.1,6835.0
2026-05-17T19:00:00Z,78233.0,78235.9,78195.9,78219.0,5250.0
2026-05-17T19:05:00Z,78219.0,78256.9,78204.1,78211.0,2860.0
2026-05-17T19:10:00Z,78211.0,78211.1,78189.0,78207.5,1556.0
2026-05-17T19:15:00Z,78207.5,78217.8,78192.8,78202.1,13824.0
2026-05-17T19:20:00Z,78202.0,78265.0,78190.6,78190.6,3239.0
2026-05-17T19:25:00Z,78198.2,78205.6,78179.2,78198.9,3762.0
2026-05-17T19:30:00Z,78184.6,78200.0,78184.5,78196.0,10490.0
2026-05-17T19:35:00Z,78195.8,78242.0,78177.9,78242.0,2223.0
2026-05-17T19:40:00Z,78256.0,78373.3,78256.0,78336.4,10304.0
2026-05-17T19:45:00Z,78336.4,78394.8,78308.0,78394.7,12829.0
2026-05-17T19:50:00Z,78394.8,78429.0,78374.3,78374.3,8952.0
2026-05-17T19:55:00Z,78374.3,78374.3,78340.1,78371.8,9855.0
2026-05-17T20:00:00Z,78371.9,78394.0,78322.4,78349.2,6978.0
2026-05-17T20:05:00Z,78349.1,78349.2,78304.3,78308.2,3615.0
2026-05-17T20:10:00Z,78308.1,78329.0,78279.6,78308.0,5137.0
2026-05-17T20:15:00Z,78308.1,78308.1,78260.0,78260.0,805.0
2026-05-17T20:20:00Z,78260.0,78260.0,78209.0,78248.7,1617.0
2026-05-17T20:25:00Z,78248.7,78259.2,78240.2,78242.5,9570.0
2026-05-17T20:30:00Z,78242.5,78335.3,78242.5,78258.4,2925.0
2026-05-17T20:35:00Z,78258.4,78282.6,78217.1,78261.2,5267.0
2026-05-17T20:40:00Z,78261.3,78262.5,78244.5,78262.5,397.0
2026-05-17T20:45:00Z,78262.6,78262.7,78235.2,78246.7,2210.0
2026-05-17T20:50:00Z,78246.8,78250.8,78232.9,78245.3,953.0
2026-05-17T20:55:00Z,78245.3,78255.8,78240.0,78240.0,2541.0
2026-05-17T21:00:00Z,78240.2,78255.2,78199.1,78212.8,7255.0
2026-05-17T21:05:00Z,78212.8,78227.2,78212.8,78223.2,936.0
2026-05-17T21:10:00Z,78223.2,78261.2,78223.1,78261.2,299.0
2026-05-17T21:15:00Z,78261.2,78262.0,78228.9,78262.0,1214.0
2026-05-17T21:20:00Z,78262.0,78393.1,78262.0,78393.1,2842.0
2026-05-17T21:25:00Z,78393.1,78400.2,78339.8,78383.9,5510.0
2026-05-17T21:30:00Z,78384.0,78399.7,78348.6,78375.1,7880.0
2026-05-17T21:35:00Z,78380.3,78453.0,78348.4,78348.4,12793.0
2026-05-17T21:40:00Z,78348.5,78398.4,78329.9,78393.4,2936.0
2026-05-17T21:45:00Z,78393.4,78442.4,78347.2,78386.4,16555.0
2026-05-17T21:50:00Z,78384.0,78408.0,78347.1,78350.8,2643.0
2026-05-17T21:55:00Z,78350.8,78405.5,78350.8,78376.4,2359.0
2026-05-17T22:00:00Z,78365.3,78366.3,78010.9,78245.8,54840.0
2026-05-17T22:05:00Z,78244.9,78315.4,78071.6,78071.7,16732.0
2026-05-17T22:10:00Z,78080.5,78091.0,77914.4,78074.6,44623.0
2026-05-17T22:15:00Z,78096.0,78099.9,77973.3,78000.5,5235.0
2026-05-17T22:20:00Z,78003.6,78086.4,77911.0,77965.2,15413.0
2026-05-17T22:25:00Z,77974.0,77980.0,77916.1,77967.0,13569.0
2026-05-17T22:30:00Z,77967.0,78095.0,77948.7,78077.7,9053.0
2026-05-17T22:35:00Z,78072.0,78086.0,77907.6,78004.1,4128.0
2026-05-17T22:40:00Z,78007.9,78071.8,77987.1,78011.3,5248.0
2026-05-17T22:45:00Z,78014.0,78014.0,77939.3,77976.8,717.0
2026-05-17T22:50:00Z,77976.4,77976.6,77789.4,77848.7,19803.0
2026-05-17T22:55:00Z,77848.7,77965.0,77848.7,77965.0,4335.0
2026-05-17T23:00:00Z,77964.9,77964.9,77875.1,77895.5,3482.0
2026-05-17T23:05:00Z,77889.3,77914.6,77721.4,77801.1,21288.0
2026-05-17T23:10:00Z,77805.5,77893.6,77804.2,77813.0,3061.0
2026-05-17T23:15:00Z,77808.8,77829.7,77646.5,77827.8,47913.0
2026-05-17T23:20:00Z,77821.8,77938.0,77798.1,77894.0,14076.0
2026-05-17T23:25:00Z,77894.0,77912.8,77784.0,77795.8,9953.0
2026-05-17T23:30:00Z,77801.8,77850.0,77704.7,77841.5,27525.0
2026-05-17T23:35:00Z,77841.5,77841.5,77690.0,77700.8,45781.0
2026-05-17T23:40:00Z,77696.7,77699.9,76675.6,77218.3,402700.0
2026-05-17T23:45:00Z,77219.8,77280.0,77090.7,77232.1,84121.0
2026-05-17T23:50:00Z,77222.5,77529.2,77222.0,77451.3,60786.0
2026-05-17T23:55:00Z,77449.1,77497.7,77400.0,77438.8,30319.0
2026-05-18T00:00:00Z,77432.3,77452.7,77201.5,77289.5,20117.0
2026-05-18T00:05:00Z,77284.0,77284.0,76989.0,76989.0,49312.0
2026-05-18T00:10:00Z,76989.0,77179.2,76879.6,77165.3,67609.0
2026-05-18T00:15:00Z,77177.7,77304.0,77107.2,77107.2,27454.0
2026-05-18T00:20:00Z,77106.5,77228.9,77100.0,77159.9,8137.0
2026-05-18T00:25:00Z,77159.9,77186.3,77074.1,77121.6,6579.0
2026-05-18T00:30:00Z,77109.6,77193.0,76924.1,77030.7,34642.0
2026-05-18T00:35:00Z,77032.0,77178.6,77000.1,77126.2,44874.0
2026-05-18T00:40:00Z,77134.2,77149.9,76976.6,76990.3,32396.0
2026-05-18T00:45:00Z,76990.2,77083.9,76955.5,77083.9,9158.0
2026-05-18T00:50:00Z,77083.7,77083.7,76920.0,76985.7,11263.0
2026-05-18T00:55:00Z,77001.9,77199.9,76983.9,77175.8,17228.0
2026-05-18T01:00:00Z,77175.9,77182.9,77043.7,77133.7,10301.0
2026-05-18T01:05:00Z,77123.0,77218.4,77041.2,77144.3,12674.0
2026-05-18T01:10:00Z,77140.9,77255.3,77036.8,77036.8,32194.0
2026-05-18T01:15:00Z,77032.1,77032.1,76924.9,76948.7,10167.0
2026-05-18T01:20:00Z,76948.9,77020.8,76811.7,76915.3,27004.0
2026-05-18T01:25:00Z,76920.0,76933.9,76825.8,76856.3,182224.0
2026-05-18T01:30:00Z,76856.3,76884.0,76726.4,76741.0,23804.0
2026-05-18T01:35:00Z,76741.1,76887.0,76738.0,76818.2,116015.0
2026-05-18T01:40:00Z,76804.9,76820.1,76750.0,76790.9,5596.0
2026-05-18T01:45:00Z,76790.8,76925.0,76710.0,76844.0,104652.0
2026-05-18T01:50:00Z,76852.7,76958.2,76812.6,76940.1,13770.0
2026-05-18T01:55:00Z,76940.1,77136.6,76931.9,77080.1,18914.0
2026-05-18T02:00:00Z,77089.1,77146.9,77028.6,77123.0,8124.0
2026-05-18T02:05:00Z,77118.4,77190.0,77080.3,77152.1,12476.0
2026-05-18T02:10:00Z,77152.1,77183.8,77083.6,77138.4,4294.0
2026-05-18T02:15:00Z,77134.8,77141.1,77012.6,77048.0,4397.0
2026-05-18T02:20:00Z,77036.1,77051.0,76925.9,76981.8,9663.0
2026-05-18T02:25:00Z,76985.4,77032.0,76985.4,76999.6,3541.0
2026-05-18T02:30:00Z,76999.6,77018.6,76956.6,76974.7,1610.0
2026-05-18T02:35:00Z,76972.9,76972.9,76822.1,76850.2,9030.0
2026-05-18T02:40:00Z,76859.9,76859.9,76805.0,76843.5,8065.0
2026-05-18T02:45:00Z,76853.2,76908.2,76803.4,76810.9,9455.0
2026-05-18T02:50:00Z,76814.3,76825.0,76668.8,76726.5,23958.0
2026-05-18T02:55:00Z,76722.0,76813.6,76711.8,76806.2,16344.0
2026-05-18T03:00:00Z,76817.2,76959.9,76806.5,76924.2,26835.0
2026-05-18T03:05:00Z,76922.1,76990.5,76898.0,76960.3,9067.0
2026-05-18T03:10:00Z,76965.0,76981.2,76832.1,76846.4,3945.0
2026-05-18T03:15:00Z,76851.2,76895.6,76841.9,76850.1,4936.0
2026-05-18T03:20:00Z,76843.0,76934.7,76813.4,76918.1,5554.0
2026-05-18T03:25:00Z,76914.7,76967.2,76862.1,76927.4,2413.0
2026-05-18T03:30:00Z,76927.3,76927.3,76779.9,76870.5,3099.0
2026-05-18T03:35:00Z,76868.8,76916.6,76837.0,76887.1,6938.0
2026-05-18T03:40:00Z,76886.5,76999.2,76865.6,76974.5,3396.0
2026-05-18T03:45:00Z,76974.2,76984.7,76914.8,76943.0,5096.0
2026-05-18T03:50:00Z,76942.8,76959.4,76862.6,76882.0,12743.0
2026-05-18T03:55:00Z,76890.0,76939.6,76860.8,76896.2,3891.0
2026-05-18T04:00:00Z,76900.1,76943.0,76894.7,76896.9,26566.0
2026-05-18T04:05:00Z,76893.3,76950.0,76893.3,76950.0,2235.0
2026-05-18T04:10:00Z,76965.0,77014.9,76924.1,77004.3,5155.0
2026-05-18T04:15:00Z,76996.8,77008.2,76926.5,76960.1,7495.0
2026-05-18T04:20:00Z,76960.1,76960.1,76779.6,76780.6,14943.0
2026-05-18T04:25:00Z,76779.6,76790.9,76741.2,76790.4,13960.0
2026-05-18T04:30:00Z,76786.1,76800.0,76750.6,76790.8,13492.0
2026-05-18T04:35:00Z,76793.2,76858.2,76793.2,76848.5,4735.0
2026-05-18T04:40:00Z,76851.8,76974.4,76851.8,76974.4,6743.0
2026-05-18T04:45:00Z,76974.4,77007.7,76912.6,76925.4,5258.0
2026-05-18T04:50:00Z,76916.9,76961.7,76878.4,76949.1,2456.0
2026-05-18T04:55:00Z,76962.9,77040.0,76950.0,77000.2,6467.0
2026-05-18T05:00:00Z,77012.2,77039.1,76967.3,77012.8,11355.0
2026-05-18T05:05:00Z,77013.0,77016.9,76980.0,77000.0,18824.0
2026-05-18T05:10:00Z,77004.5,77051.9,76990.0,76999.9,9940.0
2026-05-18T05:15:00Z,76995.1,76995.1,76900.0,76947.3,5654.0
2026-05-18T05:20:00Z,76947.2,77000.0,76947.2,76999.3,1352.0
2026-05-18T05:25:00Z,76998.7,77023.2,76976.4,76999.2,5308.0
2026-05-18T05:30:00Z,77000.0,77032.0,76976.6,76976.6,4002.0
2026-05-18T05:35:00Z,76976.6,76991.2,76947.4,76973.7,3661.0
2026-05-18T05:40:00Z,76968.7,76973.2,76850.0,76863.7,10413.0
2026-05-18T05:45:00Z,76865.6,76949.5,76852.4,76910.5,1870.0
2026-05-18T05:50:00Z,76910.5,76932.7,76865.1,76902.6,2084.0
2026-05-18T05:55:00Z,76902.6,76902.6,76854.8,76886.6,7360.0
2026-05-18T06:00:00Z,76881.2,76924.3,76852.6,76852.6,7828.0
2026-05-18T06:05:00Z,76833.4,76833.4,76674.0,76682.0,18257.0
2026-05-18T06:10:00Z,76682.0,76851.5,76534.5,76843.8,57557.0
2026-05-18T06:15:00Z,76843.9,76938.5,76768.2,76790.2,21546.0
2026-05-18T06:20:00Z,76778.3,76798.8,76665.2,76751.4,2983.0
2026-05-18T06:25:00Z,76746.3,76771.7,76694.1,76700.1,4190.0
2026-05-18T06:30:00Z,76694.1,76747.3,76634.8,76742.0,11361.0
2026-05-18T06:35:00Z,76741.9,76810.8,76683.7,76683.8,16208.0
2026-05-18T06:40:00Z,76683.9,76800.0,76682.7,76800.0,108774.0
2026-05-18T06:45:00Z,76800.0,76926.5,76799.9,76888.6,5183.0
2026-05-18T06:50:00Z,76888.6,76888.6,76813.1,76857.4,2697.0
2026-05-18T06:55:00Z,76857.4,76918.0,76857.4,76876.5,2540.0
2026-05-18T07:00:00Z,76881.4,76966.0,76881.4,76932.3,3164.0
2026-05-18T07:05:00Z,76932.3,76942.4,76899.7,76925.8,4916.0
2026-05-18T07:10:00Z,76922.0,76928.0,76841.0,76915.9,7617.0
2026-05-18T07:15:00Z,76913.8,76921.7,76803.2,76803.2,2605.0
2026-05-18T07:20:00Z,76802.9,76805.1,76729.1,76787.3,3674.0
2026-05-18T07:25:00Z,76787.3,77049.0,76787.3,77001.6,7326.0
2026-05-18T07:30:00Z,77001.7,77042.5,76975.1,77023.2,5334.0
2026-05-18T07:35:00Z,77023.2,77023.2,76955.8,76957.6,3745.0
2026-05-18T07:40:00Z,76957.6,76991.1,76900.0,76931.7,3870.0
2026-05-18T07:45:00Z,76931.7,77019.0,76931.6,76992.4,3231.0
2026-05-18T07:50:00Z,76989.4,77030.0,76961.9,77016.7,3096.0
2026-05-18T07:55:00Z,77013.6,77047.9,77001.5,77039.4,4110.0
2026-05-18T08:00:00Z,77039.4,77128.3,77034.7,77128.3,10970.0
2026-05-18T08:05:00Z,77128.3,77146.9,77077.2,77080.7,10244.0
2026-05-18T08:10:00Z,77080.7,77080.7,76980.0,77001.9,10419.0
2026-05-18T08:15:00Z,77000.0,77009.1,76963.8,76976.9,5925.0
2026-05-18T08:20:00Z,76977.0,77024.0,76925.9,76957.5,3666.0
2026-05-18T08:25:00Z,76957.6,76993.8,76950.5,76950.5,3060.0
2026-05-18T08:30:00Z,76957.2,76957.2,76887.5,76950.0,4044.0
2026-05-18T08:35:00Z,76950.0,76950.0,76852.8,76901.0,9483.0
2026-05-18T08:40:00Z,76889.8,76929.4,76888.0,76919.1,4646.0
2026-05-18T08:45:00Z,76919.1,76951.6,76864.4,76895.4,3671.0
2026-05-18T08:50:00Z,76895.4,76994.7,76895.4,76993.6,1309.0
2026-05-18T08:55:00Z,76987.3,77010.4,76964.8,77001.1,4463.0
2026-05-18T09:00:00Z,77001.2,77020.0,76924.3,76924.3,5921.0
2026-05-18T09:05:00Z,76924.3,76924.5,76870.2,76899.1,2854.0
2026-05-18T09:10:00Z,76899.1,76899.1,76840.1,76883.0,4498.0
2026-05-18T09:15:00Z,76871.1,76932.9,76862.6,76885.1,4064.0
2026-05-18T09:20:00Z,76886.0,76941.5,76886.0,76941.5,2845.0
2026-05-18T09:25:00Z,76941.6,76953.3,76889.7,76941.8,1173.0
2026-05-18T09:30:00Z,76930.2,76931.0,76863.8,76926.5,5820.0
2026-05-18T09:35:00Z,76927.0,76985.5,76927.0,76964.0,1789.0
2026-05-18T09:40:00Z,76964.0,76964.0,76913.0,76916.1,444.0
2026-05-18T09:45:00Z,76921.1,76960.3,76900.8,76929.9,1081.0
2026-05-18T09:50:00Z,76929.0,76960.2,76878.3,76883.4,2877.0
2026-05-18T09:55:00Z,76883.4,76908.2,76883.4,76901.4,1608.0
2026-05-18T10:00:00Z,76901.5,76923.4,76829.8,76835.3,2229.0
2026-05-18T10:05:00Z,76839.6,76850.2,76746.8,76812.6,5807.0
2026-05-18T10:10:00Z,76812.6,76824.2,76740.1,76744.6,4552.0
2026-05-18T10:15:00Z,76744.5,76749.6,76700.2,76720.7,47720.0
2026-05-18T10:20:00Z,76720.7,76762.3,76671.2,76725.8,73404.0
2026-05-18T10:25:00Z,76725.7,76796.7,76723.5,76775.3,4139.0
2026-05-18T10:30:00Z,76775.5,76820.9,76775.5,76787.1,6898.0
2026-05-18T10:35:00Z,76787.1,76800.0,76727.3,76782.8,5095.0
2026-05-18T10:40:00Z,76785.7,76818.0,76758.8,76780.7,4136.0
2026-05-18T10:45:00Z,76781.0,76864.9,76781.0,76810.1,4623.0
2026-05-18T10:50:00Z,76810.2,76826.4,76781.4,76785.7,2395.0
2026-05-18T10:55:00Z,76785.7,76795.8,76729.3,76729.3,2913.0
2026-05-18T11:00:00Z,76729.4,76754.3,76690.4,76720.6,2752.0
2026-05-18T11:05:00Z,76720.6,76727.0,76667.1,76670.5,7585.0
2026-05-18T11:10:00Z,76667.0,76736.7,76627.4,76727.5,7687.0
2026-05-18T11:15:00Z,76727.5,76813.0,76719.1,76804.4,2364.0
2026-05-18T11:20:00Z,76800.1,76802.7,76765.8,76802.7,2021.0
2026-05-18T11:25:00Z,76808.8,76833.4,76780.2,76780.2,3139.0
2026-05-18T11:30:00Z,76780.0,76931.0,76750.1,76920.0,8810.0
2026-05-18T11:35:00Z,76921.8,77127.8,76861.9,77127.8,12184.0
2026-05-18T11:40:00Z,77128.9,77368.9,77128.9,77322.8,86401.0
2026-05-18T11:45:00Z,77326.3,77336.3,77215.1,77248.1,14675.0
2026-05-18T11:50:00Z,77248.2,77274.9,77178.5,77266.0,16181.0
2026-05-18T11:55:00Z,77266.0,77295.2,77234.3,77257.9,6765.0
2026-05-18T12:00:00Z,77258.0,77445.0,77244.0,77244.0,112121.0
2026-05-18T12:05:00Z,77244.9,77452.8,77244.9,77422.4,13267.0
2026-05-18T12:10:00Z,77422.5,77429.8,77355.3,77396.3,7355.0
2026-05-18T12:15:00Z,77396.4,77450.0,77345.0,77414.2,16570.0
2026-05-18T12:20:00Z,77413.5,77516.8,77400.0,77494.6,17969.0
2026-05-18T12:25:00Z,77494.7,77494.7,77261.8,77303.1,31068.0
2026-05-18T12:30:00Z,77300.0,77530.5,77259.1,77530.5,81146.0
2026-05-18T12:35:00Z,77528.5,77632.0,77472.4,77609.4,80342.0
2026-05-18T12:40:00Z,77609.7,77690.2,77605.1,77684.0,46086.0
2026-05-18T12:45:00Z,77684.4,77751.5,77639.2,77639.3,16071.0
2026-05-18T12:50:00Z,77639.2,77639.2,77552.4,77572.2,25647.0
2026-05-18T12:55:00Z,77573.9,77614.1,77546.6,77590.8,6403.0
2026-05-18T13:00:00Z,77591.6,77592.0,77430.0,77486.5,18660.0
2026-05-18T13:05:00Z,77481.2,77487.0,77436.3,77436.7,2908.0
2026-05-18T13:10:00Z,77439.8,77492.5,77430.2,77461.6,17325.0
2026-05-18T13:15:00Z,77450.0,77457.5,77345.0,77378.9,35801.0
2026-05-18T13:20:00Z,77379.0,77379.0,77336.2,77358.1,5028.0
2026-05-18T13:25:00Z,77345.0,77345.0,77242.0,77242.0,25757.0
2026-05-18T13:30:00Z,77246.0,77247.4,77073.8,77119.6,49150.0
2026-05-18T13:35:00Z,77110.0,77172.0,76715.7,76994.2,78813.0
2026-05-18T13:40:00Z,76995.9,77074.9,76754.2,76785.1,51628.0
2026-05-18T13:45:00Z,76785.1,76985.0,76660.0,76895.0,47010.0
2026-05-18T13:50:00Z,76897.6,77117.5,76858.1,77008.1,86489.0
2026-05-18T13:55:00Z,77009.3,77024.6,76875.1,76904.2,36980.0
2026-05-18T14:00:00Z,76905.3,76922.6,76764.2,76922.5,44020.0
2026-05-18T14:05:00Z,76922.6,76926.3,76711.5,76829.5,17297.0
2026-05-18T14:10:00Z,76796.1,76834.4,76640.9,76667.4,27586.0
2026-05-18T14:15:00Z,76667.4,76798.3,76373.8,76581.9,128506.0
2026-05-18T14:20:00Z,76582.0,76747.3,76550.4,76709.9,57046.0
2026-05-18T14:25:00Z,76711.8,76795.6,76605.8,76614.3,51869.0
2026-05-18T14:30:00Z,76614.3,76688.3,76310.0,76336.4,169138.0
2026-05-18T14:35:00Z,76336.4,76562.4,76210.0,76498.4,279754.0
2026-05-18T14:40:00Z,76493.9,76538.4,76397.4,76460.0,109556.0
2026-05-18T14:45:00Z,76451.6,76474.8,76295.4,76372.9,17401.0
2026-05-18T14:50:00Z,76368.4,76470.0,76308.1,76330.0,33528.0
2026-05-18T14:55:00Z,76330.0,76425.7,76296.0,76369.8,21112.0
2026-05-18T15:00:00Z,76371.9,76412.2,76077.0,76194.3,109515.0
2026-05-18T15:05:00Z,76185.4,76266.0,76077.0,76143.3,36141.0
2026-05-18T15:10:00Z,76142.6,76311.3,76130.8,76260.2,86461.0
2026-05-18T15:15:00Z,76258.8,76285.0,76042.0,76087.0,26564.0
2026-05-18T15:20:00Z,76086.7,76169.2,76050.0,76150.1,14942.0
2026-05-18T15:25:00Z,76150.2,76239.9,76050.0,76065.5,28062.0
2026-05-18T15:30:00Z,76049.8,76196.5,76020.9,76196.5,22725.0
2026-05-18T15:35:00Z,76196.9,76330.0,76193.0,76198.9,31659.0
2026-05-18T15:40:00Z,76202.9,76340.5,76200.1,76293.2,25359.0
2026-05-18T15:45:00Z,76293.1,76332.5,76288.8,76295.1,13574.0
2026-05-18T15:50:00Z,76295.0,76374.9,76250.8,76371.8,11466.0
2026-05-18T15:55:00Z,76371.8,76463.4,76352.3,76393.6,13862.0
2026-05-18T16:00:00Z,76382.9,76386.2,76275.2,76293.2,10864.0
2026-05-18T16:05:00Z,76293.2,76349.1,76212.6,76303.4,15240.0
2026-05-18T16:10:00Z,76310.0,76575.0,76308.0,76489.1,67359.0
2026-05-18T16:15:00Z,76493.9,76618.1,76486.9,76577.2,17215.0
2026-05-18T16:20:00Z,76573.6,76653.4,76386.4,76461.5,32580.0
2026-05-18T16:25:00Z,76463.0,76463.0,76182.4,76248.9,12390.0
2026-05-18T16:30:00Z,76248.7,76388.0,76204.6,76360.3,26540.0
2026-05-18T16:35:00Z,76360.2,76521.0,76345.5,76409.5,13573.0
2026-05-18T16:40:00Z,76429.7,76469.5,76362.2,76431.0,16397.0
2026-05-18T16:45:00Z,76435.9,76515.1,76398.5,76400.0,18942.0
2026-05-18T16:50:00Z,76409.4,76419.9,76371.2,76382.6,3466.0
2026-05-18T16:55:00Z,76382.7,76484.4,76375.0,76380.0,17171.0
2026-05-18T17:00:00Z,76380.4,76530.8,76335.7,76519.8,25177.0
2026-05-18T17:05:00Z,76519.9,76610.4,76501.3,76529.9,17460.0
2026-05-18T17:10:00Z,76529.9,76578.2,76501.4,76528.5,5208.0
2026-05-18T17:15:00Z,76528.5,76668.6,76528.5,76632.1,128079.0
2026-05-18T17:20:00Z,76624.0,76652.7,76547.7,76601.6,3709.0
2026-05-18T17:25:00Z,76602.8,76626.5,76557.5,76624.6,7455.0
2026-05-18T17:30:00Z,76624.8,76642.2,76561.0,76585.5,7693.0
2026-05-18T17:35:00Z,76582.3,76597.9,76523.3,76582.6,20966.0
2026-05-18T17:40:00Z,76576.1,76650.0,76567.6,76631.5,5972.0
2026-05-18T17:45:00Z,76640.0,76709.7,76610.4,76647.8,15343.0
2026-05-18T17:50:00Z,76651.5,76725.7,76649.3,76692.0,19566.0
2026-05-18T17:55:00Z,76682.6,76705.9,76652.2,76674.3,5986.0
2026-05-18T18:00:00Z,76669.9,76673.2,76526.6,76542.8,39911.0
2026-05-18T18:05:00Z,76542.8,76556.2,76428.2,76479.8,15999.0
2026-05-18T18:10:00Z,76479.8,76490.0,76400.0,76413.1,9076.0
2026-05-18T18:15:00Z,76408.5,76419.6,76285.2,76308.3,23926.0
2026-05-18T18:20:00Z,76300.3,76333.0,76244.6,76281.4,19049.0
2026-05-18T18:25:00Z,76281.2,76333.1,76107.7,76329.0,50693.0
2026-05-18T18:30:00Z,76327.6,76392.7,76306.4,76358.5,11692.0
2026-05-18T18:35:00Z,76358.5,76392.5,76258.9,76273.8,10182.0
2026-05-18T18:40:00Z,76268.1,76310.8,76230.0,76301.5,9666.0
2026-05-18T18:45:00Z,76301.5,76353.0,76250.8,76267.9,9942.0
2026-05-18T18:50:00Z,76267.7,76335.2,76223.6,76231.6,5604.0
2026-05-18T18:55:00Z,76231.6,76323.2,76192.2,76228.7,11332.0
2026-05-18T19:00:00Z,76219.2,76888.9,76200.1,76744.1,71896.0
2026-05-18T19:05:00Z,76742.2,76826.8,76508.5,76625.7,33253.0
2026-05-18T19:10:00Z,76626.3,76666.0,76561.8,76587.3,33593.0
2026-05-18T19:15:00Z,76597.2,76649.1,76526.1,76593.3,38842.0
2026-05-18T19:20:00Z,76593.3,76681.1,76575.9,76588.1,25961.0
2026-05-18T19:25:00Z,76584.4,76637.6,76513.0,76610.1,14473.0
2026-05-18T19:30:00Z,76610.0,76720.0,76588.1,76664.3,23947.0
2026-05-18T19:35:00Z,76670.6,76743.9,76670.6,76696.6,6860.0
2026-05-18T19:40:00Z,76699.4,76884.0,76684.7,76861.1,14766.0
2026-05-18T19:45:00Z,76861.1,76929.2,76802.9,76843.5,9606.0
2026-05-18T19:50:00Z,76845.0,76959.9,76835.4,76863.9,15678.0
2026-05-18T19:55:00Z,76867.5,76900.0,76842.1,76896.7,7466.0
2026-05-18T20:00:00Z,76900.0,76996.1,76900.0,76932.1,19509.0
2026-05-18T20:05:00Z,76924.1,76951.7,76843.8,76924.3,8881.0
2026-05-18T20:10:00Z,76934.7,77047.7,76934.7,77027.3,18821.0
2026-05-18T20:15:00Z,77027.4,77066.0,77014.8,77029.8,11042.0
2026-05-18T20:20:00Z,77029.8,77066.0,77006.6,77066.0,8823.0
2026-05-18T20:25:00Z,77066.1,77138.6,77041.5,77100.1,16744.0
2026-05-18T20:30:00Z,77095.0,77157.9,77070.3,77083.8,7686.0
2026-05-18T20:35:00Z,77069.3,77098.7,77042.2,77045.3,6022.0
2026-05-18T20:40:00Z,77046.5,77048.0,76928.7,76934.0,26963.0
2026-05-18T20:45:00Z,76934.1,76934.2,76861.5,76861.5,12593.0
2026-05-18T20:50:00Z,76861.5,76975.1,76847.2,76953.5,12552.0
2026-05-18T20:55:00Z,76953.6,77012.9,76868.1,76868.1,23650.0
2026-05-18T21:00:00Z,76868.1,76900.0,76753.2,76829.4,19003.0
2026-05-18T21:05:00Z,76829.4,76861.0,76778.8,76855.1,7891.0
2026-05-18T21:10:00Z,76855.1,76981.3,76809.8,76875.9,10434.0
2026-05-18T21:15:00Z,76878.9,76917.5,76877.6,76908.5,8530.0
2026-05-18T21:20:00Z,76908.5,76988.8,76908.5,76946.4,7572.0
2026-05-18T21:25:00Z,76951.9,77036.3,76948.0,76969.0,12725.0
2026-05-18T21:30:00Z,76987.9,77144.5,76987.9,77024.8,9654.0
2026-05-18T21:35:00Z,77021.4,77069.1,76938.9,77007.9,15381.0
2026-05-18T21:40:00Z,76995.0,77039.9,76959.3,76991.6,2503.0
2026-05-18T21:45:00Z,76991.6,77034.9,76939.0,76974.9,7769.0
2026-05-18T21:50:00Z,76974.9,77037.5,76972.3,77015.8,2358.0
2026-05-18T21:55:00Z,77015.0,77090.0,77005.0,77063.1,5033.0
2026-05-18T22:00:00Z,77063.2,77108.0,77006.6,77082.0,7239.0
2026-05-18T22:05:00Z,77080.9,77125.7,77079.3,77107.8,11051.0
2026-05-18T22:10:00Z,77107.7,77124.2,77076.2,77105.2,5948.0
2026-05-18T22:15:00Z,77095.2,77179.6,77054.8,77155.0,14568.0
2026-05-18T22:20:00Z,77134.3,77187.1,77118.0,77145.3,11628.0
2026-05-18T22:25:00Z,77145.3,77165.6,77101.2,77101.2,1506.0
2026-05-18T22:30:00Z,77128.6,77132.5,77079.7,77079.7,7617.0
2026-05-18T22:35:00Z,77079.0,77129.2,77076.6,77116.1,753.0
2026-05-18T22:40:00Z,77117.4,77117.5,76991.0,77012.4,6958.0
2026-05-18T22:45:00Z,77012.5,77012.5,76949.4,76950.3,7115.0
2026-05-18T22:50:00Z,76950.3,76995.2,76895.1,76977.0,9250.0
2026-05-18T22:55:00Z,76977.0,77049.0,76960.3,77045.1,2761.0
2026-05-18T23:00:00Z,77031.0,77133.4,77024.1,77108.8,5100.0
2026-05-18T23:05:00Z,77104.2,77104.2,77061.0,77095.0,2840.0
2026-05-18T23:10:00Z,77095.0,77111.5,77042.3,77042.3,2368.0
2026-05-18T23:15:00Z,77043.6,77043.7,76993.4,77004.0,5423.0
2026-05-18T23:20:00Z,77005.5,77019.8,76982.5,77011.7,3488.0
2026-05-18T23:25:00Z,77011.7,77029.0,76997.3,76997.3,4049.0
2026-05-18T23:30:00Z,76997.3,77008.4,76956.1,76978.3,6406.0
2026-05-18T23:35:00Z,76974.2,77012.4,76961.2,77009.0,2156.0
2026-05-18T23:40:00Z,77017.6,77069.4,77006.5,77069.4,3312.0
2026-05-18T23:45:00Z,77069.3,77069.3,76967.3,76985.7,5167.0
2026-05-18T23:50:00Z,76985.7,76985.7,76909.2,76936.6,2268.0
2026-05-18T23:55:00Z,76936.7,76974.1,76936.7,76963.1,2411.0
2026-05-19T00:00:00Z,76963.2,77012.5,76915.6,76950.0,6146.0
2026-05-19T00:05:00Z,76955.3,77048.9,76952.8,77022.3,7322.0
2026-05-19T00:10:00Z,77032.6,77125.3,77032.6,77083.3,6072.0
2026-05-19T00:15:00Z,77074.7,77176.5,77056.8,77175.1,7873.0
2026-05-19T00:20:00Z,77176.6,77382.4,77176.6,77210.6,30402.0
2026-05-19T00:25:00Z,77210.6,77241.5,77139.9,77169.8,3849.0
2026-05-19T00:30:00Z,77170.0,77221.1,77170.0,77186.8,3465.0
2026-05-19T00:35:00Z,77187.0,77235.6,77136.2,77136.7,6829.0
2026-05-19T00:40:00Z,77136.8,77150.5,77088.0,77146.4,6446.0
2026-05-19T00:45:00Z,77146.5,77196.0,77116.9,77196.0,2720.0
2026-05-19T00:50:00Z,77196.0,77272.7,77151.6,77151.6,11238.0
2026-05-19T00:55:00Z,77155.5,77177.8,77110.0,77110.0,3452.0
2026-05-19T01:00:00Z,77110.0,77110.0,77012.5,77024.1,4605.0
2026-05-19T01:05:00Z,77042.6,77086.9,77012.6,77071.7,2537.0
2026-05-19T01:10:00Z,77071.7,77116.9,77053.2,77082.3,2164.0
2026-05-19T01:15:00Z,77081.0,77092.7,76924.3,76948.7,11904.0
2026-05-19T01:20:00Z,76930.5,76938.4,76843.6,76866.6,16033.0
2026-05-19T01:25:00Z,76866.8,76866.8,76670.6,76735.1,31588.0
2026-05-19T01:30:00Z,76735.1,76840.0,76638.7,76840.0,10931.0
2026-05-19T01:35:00Z,76831.5,76905.1,76771.7,76771.7,4047.0
2026-05-19T01:40:00Z,76771.7,76857.8,76737.7,76836.0,8899.0
2026-05-19T01:45:00Z,76834.3,76834.6,76676.2,76689.0,4577.0
2026-05-19T01:50:00Z,76697.5,76750.5,76683.3,76709.9,2725.0
2026-05-19T01:55:00Z,76716.0,76716.0,76635.4,76635.5,3997.0
2026-05-19T02:00:00Z,76635.3,76696.2,76451.3,76524.6,43041.0
2026-05-19T02:05:00Z,76512.3,76649.5,76502.4,76598.4,16993.0
2026-05-19T02:10:00Z,76600.1,76690.8,76598.4,76690.8,3044.0
2026-05-19T02:15:00Z,76690.7,76765.0,76643.4,76734.1,4106.0
2026-05-19T02:20:00Z,76752.0,76966.1,76752.0,76966.1,13051.0
2026-05-19T02:25:00Z,76963.7,76963.7,76800.0,76800.3,15491.0
2026-05-19T02:30:00Z,76800.3,76810.5,76740.8,76748.5,7001.0
2026-05-19T02:35:00Z,76748.4,76771.5,76696.2,76749.0,5973.0
2026-05-19T02:40:00Z,76741.0,76770.1,76707.1,76720.4,2977.0
2026-05-19T02:45:00Z,76720.4,76757.6,76670.1,76733.5,5118.0
2026-05-19T02:50:00Z,76735.1,76735.1,76572.0,76597.9,8247.0
2026-05-19T02:55:00Z,76597.9,76628.9,76576.5,76587.8,6067.0
2026-05-19T03:00:00Z,76587.8,76587.8,76550.0,76584.4,7727.0
2026-05-19T03:05:00Z,76584.4,76674.3,76584.4,76674.3,4966.0
2026-05-19T03:10:00Z,76674.3,76747.0,76662.8,76741.8,5085.0
2026-05-19T03:15:00Z,76746.9,76837.0,76723.9,76727.6,6378.0
2026-05-19T03:20:00Z,76727.8,76763.2,76662.1,76681.5,2804.0
2026-05-19T03:25:00Z,76687.9,76727.2,76687.9,76714.3,738.0
2026-05-19T03:30:00Z,76714.2,76772.6,76714.2,76771.8,1445.0
2026-05-19T03:35:00Z,76771.9,76795.0,76746.2,76783.3,2499.0
2026-05-19T03:40:00Z,76783.4,76820.4,76765.4,76816.9,2833.0
2026-05-19T03:45:00Z,76816.8,76817.5,76777.4,76792.7,13502.0
2026-05-19T03:50:00Z,76792.6,76828.2,76747.4,76780.0,881.0
2026-05-19T03:55:00Z,76780.0,76787.5,76733.3,76750.0,3543.0
2026-05-19T04:00:00Z,76749.9,76803.2,76699.4,76774.3,5089.0
2026-05-19T04:05:00Z,76774.3,76827.2,76745.0,76827.2,1695.0
2026-05-19T04:10:00Z,76827.2,76916.5,76827.1,76850.4,5767.0
2026-05-19T04:15:00Z,76850.3,76850.3,76755.5,76755.5,7959.0
2026-05-19T04:20:00Z,76755.5,76800.2,76677.7,76705.6,10061.0
2026-05-19T04:25:00Z,76705.6,76708.3,76662.1,76696.5,4543.0
2026-05-19T04:30:00Z,76696.5,76782.0,76696.4,76782.0,2938.0
2026-05-19T04:35:00Z,76781.9,76845.3,76781.9,76805.8,8114.0
2026-05-19T04:40:00Z,76805.8,76869.4,76805.8,76846.6,437.0
2026-05-19T04:45:00Z,76846.6,76890.3,76832.5,76871.2,5712.0
2026-05-19T04:50:00Z,76871.2,76901.8,76843.3,76893.0,8579.0
2026-05-19T04:55:00Z,76892.9,76900.0,76874.8,76881.5,961.0
2026-05-19T05:00:00Z,76881.5,76911.7,76828.8,76884.8,2542.0
2026-05-19T05:05:00Z,76884.7,76894.2,76832.6,76881.0,7036.0
2026-05-19T05:10:00Z,76881.0,76892.0,76802.8,76821.1,1898.0
2026-05-19T05:15:00Z,76821.1,76826.8,76727.4,76727.4,2075.0
2026-05-19T05:20:00Z,76727.4,76727.4,76600.1,76637.6,11461.0
2026-05-19T05:25:00Z,76637.6,76787.0,76637.6,76787.0,5826.0
2026-05-19T05:30:00Z,76774.3,76810.3,76733.2,76799.2,4384.0
2026-05-19T05:35:00Z,76784.5,76913.0,76761.0,76887.7,2242.0
2026-05-19T05:40:00Z,76887.6,76972.2,76869.5,76876.5,5730.0
2026-05-19T05:45:00Z,76876.5,76950.3,76833.2,76923.1,1654.0
2026-05-19T05:50:00Z,76935.2,76938.3,76890.0,76902.4,7644.0
2026-05-19T05:55:00Z,76902.4,76903.7,76876.0,76876.0,3800.0
2026-05-19T06:00:00Z,76870.7,76949.9,76848.3,76949.9,3525.0
2026-05-19T06:05:00Z,76949.9,76964.0,76885.7,76958.0,649.0
2026-05-19T06:10:00Z,76935.7,76968.4,76897.8,76960.1,2277.0
2026-05-19T06:15:00Z,76960.0,76972.5,76900.1,76946.5,2029.0
2026-05-19T06:20:00Z,76946.5,76982.2,76925.4,76925.4,1067.0
2026-05-19T06:25:00Z,76925.5,77013.3,76925.5,76971.0,5480.0
2026-05-19T06:30:00Z,76956.0,77030.3,76956.0,76982.7,1205.0
2026-05-19T06:35:00Z,76982.7,77027.7,76908.8,77017.5,3548.0
2026-05-19T06:40:00Z,77017.6,77070.7,77000.0,77042.0,6281.0
2026-05-19T06:45:00Z,77042.0,77050.4,77002.0,77019.3,1550.0
2026-05-19T06:50:00Z,77019.3,77050.0,77015.2,77015.3,8852.0
2026-05-19T06:55:00Z,77015.2,77041.4,76971.4,76992.2,1544.0
2026-05-19T07:00:00Z,76992.1,76992.1,76939.2,76943.8,2188.0
2026-05-19T07:05:00Z,76943.8,77096.8,76941.0,77040.9,7994.0
2026-05-19T07:10:00Z,77038.9,77105.0,76995.1,77101.6,9655.0
2026-05-19T07:15:00Z,77108.4,77188.8,77082.0,77176.6,8340.0
2026-05-19T07:20:00Z,77176.6,77231.9,77109.0,77116.1,7057.0
2026-05-19T07:25:00Z,77116.0,77123.4,77070.0,77080.1,11516.0
2026-05-19T07:30:00Z,77080.1,77143.3,77080.1,77139.6,8573.0
2026-05-19T07:35:00Z,77139.5,77197.6,77119.9,77167.7,2145.0
2026-05-19T07:40:00Z,77171.6,77245.2,77142.9,77229.3,46592.0
2026-05-19T07:45:00Z,77221.0,77239.6,77202.3,77217.1,2772.0
2026-05-19T07:50:00Z,77215.9,77245.3,77186.0,77186.0,5372.0
2026-05-19T07:55:00Z,77186.0,77206.0,77177.9,77194.8,2219.0
2026-05-19T08:00:00Z,77194.9,77211.3,77146.6,77148.0,2490.0
2026-05-19T08:05:00Z,77152.8,77152.8,77066.8,77066.8,2477.0
2026-05-19T08:10:00Z,77066.7,77083.6,77020.0,77074.9,2589.0
2026-05-19T08:15:00Z,77074.9,77161.0,77072.0,77110.5,2088.0
2026-05-19T08:20:00Z,77110.5,77127.1,76999.9,77000.1,4257.0
2026-05-19T08:25:00Z,77014.8,77052.3,76932.0,77052.1,30597.0
2026-05-19T08:30:00Z,77038.6,77062.0,76990.3,77062.0,8257.0
2026-05-19T08:35:00Z,77065.1,77111.0,77060.3,77108.3,3592.0
2026-05-19T08:40:00Z,77104.4,77280.0,77104.4,77145.6,7750.0
2026-05-19T08:45:00Z,77142.8,77181.0,77131.4,77131.4,2537.0
2026-05-19T08:50:00Z,77120.1,77135.1,77075.9,77093.3,2702.0
2026-05-19T08:55:00Z,77095.0,77095.0,77006.4,77006.4,1141.0
2026-05-19T09:00:00Z,77006.4,77020.3,76967.3,77020.2,6557.0
2026-05-19T09:05:00Z,77020.3,77038.9,76975.9,77003.3,1378.0
2026-05-19T09:10:00Z,77003.3,77024.0,76976.4,77002.3,2585.0
2026-05-19T09:15:00Z,77002.4,77002.4,76891.6,76922.6,3603.0
2026-05-19T09:20:00Z,76922.6,76930.9,76863.1,76863.1,5176.0
2026-05-19T09:25:00Z,76863.1,76875.2,76702.9,76736.3,37149.0
2026-05-19T09:30:00Z,76736.3,76820.5,76678.8,76722.1,18120.0
2026-05-19T09:35:00Z,76716.8,76784.9,76716.8,76783.2,8505.0
2026-05-19T09:40:00Z,76777.4,76777.4,76750.0,76769.5,2371.0
2026-05-19T09:45:00Z,76769.5,76787.8,76719.6,76787.8,6888.0
2026-05-19T09:50:00Z,76788.4,76810.1,76750.9,76779.0,9079.0
2026-05-19T09:55:00Z,76779.0,76808.1,76770.0,76787.4,2198.0
2026-05-19T10:00:00Z,76780.0,76806.1,76755.0,76755.1,4151.0
2026-05-19T10:05:00Z,76755.1,76845.9,76743.9,76775.5,14631.0
2026-05-19T10:10:00Z,76775.5,76786.4,76725.1,76772.3,2970.0
2026-05-19T10:15:00Z,76772.3,76772.4,76721.8,76745.5,2459.0
2026-05-19T10:20:00Z,76745.4,76780.4,76722.0,76744.6,54046.0
2026-05-19T10:25:00Z,76744.7,76800.8,76744.7,76800.8,2142.0
2026-05-19T10:30:00Z,76806.0,76945.9,76806.0,76908.9,12520.0
2026-05-19T10:35:00Z,76908.9,76950.1,76760.1,76861.8,11812.0
2026-05-19T10:40:00Z,76861.8,76861.8,76706.5,76710.0,3722.0
2026-05-19T10:45:00Z,76719.1,76858.5,76680.0,76845.2,11145.0
2026-05-19T10:50:00Z,76838.6,76915.7,76838.6,76860.2,4374.0
2026-05-19T10:55:00Z,76860.3,77068.0,76860.3,76998.4,15145.0
2026-05-19T11:00:00Z,77007.1,77039.1,76986.8,76986.8,3083.0
2026-05-19T11:05:00Z,76986.7,77015.5,76960.4,77000.0,2885.0
2026-05-19T11:10:00Z,77000.1,77005.1,76939.6,76952.0,3238.0
2026-05-19T11:15:00Z,76952.0,76985.2,76916.7,76922.9,817.0
2026-05-19T11:20:00Z,76916.7,76916.7,76808.0,76828.1,4794.0
2026-05-19T11:25:00Z,76828.1,76854.4,76828.0,76841.2,14428.0
2026-05-19T11:30:00Z,76841.2,76861.1,76818.0,76836.8,1804.0
2026-05-19T11:35:00Z,76845.4,76845.6,76768.7,76768.7,4362.0
2026-05-19T11:40:00Z,76766.8,76766.9,76585.7,76618.6,33456.0
2026-05-19T11:45:00Z,76618.6,76721.1,76618.6,76701.9,6854.0
2026-05-19T11:50:00Z,76701.9,76722.9,76679.8,76700.1,3592.0
2026-05-19T11:55:00Z,76700.1,76709.9,76666.7,76677.1,3473.0
2026-05-19T12:00:00Z,76677.0,76741.3,76609.5,76690.8,22557.0
2026-05-19T12:05:00Z,76690.8,76735.4,76685.0,76722.0,5702.0
2026-05-19T12:10:00Z,76722.0,76757.1,76722.0,76753.4,2662.0
2026-05-19T12:15:00Z,76753.6,76795.4,76723.0,76744.1,4281.0
2026-05-19T12:20:00Z,76744.1,76810.0,76744.1,76810.0,5712.0
2026-05-19T12:25:00Z,76809.9,76817.1,76789.6,76814.4,7068.0
2026-05-19T12:30:00Z,76819.0,76881.6,76805.6,76843.2,3756.0
2026-05-19T12:35:00Z,76843.2,76881.5,76843.2,76861.3,11058.0
2026-05-19T12:40:00Z,76861.2,76910.8,76857.2,76868.9,827.0
2026-05-19T12:45:00Z,76868.9,76909.4,76844.3,76891.2,6206.0
2026-05-19T12:50:00Z,76891.1,76922.9,76859.2,76922.9,1663.0
2026-05-19T12:55:00Z,76922.9,76942.1,76901.2,76901.2,1494.0
2026-05-19T13:00:00Z,76901.3,76949.0,76873.2,76894.0,23397.0
2026-05-19T13:05:00Z,76894.0,76894.0,76718.0,76798.4,15886.0
2026-05-19T13:10:00Z,76797.6,76850.0,76758.0,76800.0,6789.0
2026-05-19T13:15:00Z,76800.1,76813.4,76730.9,76735.0,14368.0
2026-05-19T13:20:00Z,76735.1,76801.3,76638.3,76752.3,32255.0
2026-05-19T13:25:00Z,76752.4,76752.4,76556.0,76568.1,46219.0
2026-05-19T13:30:00Z,76583.4,76869.8,76562.1,76855.1,57481.0
2026-05-19T13:35:00Z,76856.9,77028.4,76813.4,76904.4,44122.0
2026-05-19T13:40:00Z,76896.0,76896.0,76682.7,76701.0,19668.0
2026-05-19T13:45:00Z,76699.8,76919.5,76697.9,76811.2,20577.0
2026-05-19T13:50:00Z,76818.9,76938.8,76784.2,76929.7,16748.0
2026-05-19T13:55:00Z,76933.4,76996.2,76820.0,76842.3,8108.0
2026-05-19T14:00:00Z,76828.1,76968.6,76699.9,76960.0,11609.0
2026-05-19T14:05:00Z,76977.0,76980.1,76673.9,76688.0,274835.0
2026-05-19T14:10:00Z,76689.1,76767.2,76595.9,76596.0,29407.0
2026-05-19T14:15:00Z,76596.0,76617.2,76337.2,76443.4,71261.0
2026-05-19T14:20:00Z,76449.9,76459.1,76258.1,76403.3,62770.0
2026-05-19T14:25:00Z,76417.5,76492.3,76342.1,76416.4,10039.0
2026-05-19T14:30:00Z,76422.8,76448.1,76223.5,76239.1,19022.0
2026-05-19T14:35:00Z,76239.5,76475.0,76239.4,76442.6,17087.0
2026-05-19T14:40:00Z,76442.7,76560.0,76385.3,76434.0,101031.0
2026-05-19T14:45:00Z,76426.9,76453.0,76112.1,76237.4,30559.0
2026-05-19T14:50:00Z,76237.3,76289.8,76156.7,76216.5,13831.0
2026-05-19T14:55:00Z,76239.0,76381.6,76236.6,76364.9,30015.0
2026-05-19T15:00:00Z,76364.9,76501.3,76304.9,76499.7,70200.0
2026-05-19T15:05:00Z,76495.9,76520.0,76442.0,76491.1,12913.0
2026-05-19T15:10:00Z,76493.3,76560.0,76468.4,76550.9,178100.0
2026-05-19T15:15:00Z,76550.9,76639.7,76530.2,76530.3,21867.0
2026-05-19T15:20:00Z,76530.2,76530.2,76404.5,76404.5,7949.0
2026-05-19T15:25:00Z,76400.3,76469.0,76380.2,76466.0,11949.0
2026-05-19T15:30:00Z,76470.0,76637.9,76462.3,76511.0,19130.0
2026-05-19T15:35:00Z,76509.6,76564.4,76445.3,76553.0,9510.0
2026-05-19T15:40:00Z,76566.1,76571.3,76402.7,76446.0,8129.0
2026-05-19T15:45:00Z,76453.0,76479.3,76384.0,76468.7,4818.0
2026-05-19T15:50:00Z,76468.7,76537.8,76466.1,76473.2,2878.0
2026-05-19T15:55:00Z,76473.2,76484.2,76426.3,76471.2,5332.0
2026-05-19T16:00:00Z,76495.3,76550.1,76495.3,76496.5,23877.0
2026-05-19T16:05:00Z,76496.5,76510.2,76380.5,76382.8,18864.0
2026-05-19T16:10:00Z,76380.5,76432.1,76380.4,76420.2,12214.0
2026-05-19T16:15:00Z,76426.2,76499.8,76426.0,76466.4,3975.0
2026-05-19T16:20:00Z,76474.3,76545.7,76452.1,76512.6,6488.0
2026-05-19T16:25:00Z,76513.0,76586.0,76513.0,76579.9,2601.0
2026-05-19T16:30:00Z,76581.7,76758.5,76581.7,76726.0,46553.0
2026-05-19T16:35:00Z,76726.0,76735.0,76640.8,76668.2,3162.0
2026-05-19T16:40:00Z,76669.9,76750.0,76658.4,76750.0,3668.0
2026-05-19T16:45:00Z,76758.1,76792.1,76712.9,76758.2,11730.0
2026-05-19T16:50:00Z,76760.0,76868.0,76739.6,76837.6,11123.0
2026-05-19T16:55:00Z,76837.7,76881.4,76833.7,76858.4,6875.0
2026-05-19T17:00:00Z,76858.3,76929.3,76830.3,76929.2,16110.0
2026-05-19T17:05:00Z,76929.2,76938.8,76857.5,76861.5,8636.0
2026-05-19T17:10:00Z,76861.5,76923.0,76861.5,76923.0,26063.0
2026-05-19T17:15:00Z,76925.3,76981.0,76908.2,76981.0,6685.0
2026-05-19T17:20:00Z,76980.9,76990.0,76906.8,76930.3,8098.0
2026-05-19T17:25:00Z,76930.4,76930.4,76843.0,76843.0,8834.0
2026-05-19T17:30:00Z,76843.1,76844.5,76736.8,76736.8,11048.0
2026-05-19T17:35:00Z,76730.8,76944.1,76721.2,76944.0,25378.0
2026-05-19T17:40:00Z,76944.0,76982.8,76864.0,76876.4,30354.0
2026-05-19T17:45:00Z,76877.2,76877.2,76729.0,76783.9,7902.0
2026-05-19T17:50:00Z,76783.9,76820.6,76760.8,76780.3,2532.0
2026-05-19T17:55:00Z,76780.4,76843.1,76775.0,76829.4,2797.0
2026-05-19T18:00:00Z,76829.4,76829.4,76767.5,76790.0,3663.0
2026-05-19T18:05:00Z,76797.4,76909.9,76797.3,76890.4,3659.0
2026-05-19T18:10:00Z,76886.1,76916.1,76874.7,76884.6,6299.0
2026-05-19T18:15:00Z,76884.5,76911.9,76843.8,76911.9,4824.0
2026-05-19T18:20:00Z,76911.9,76911.9,76759.7,76764.9,5428.0
2026-05-19T18:25:00Z,76785.0,76820.0,76730.7,76730.7,4959.0
2026-05-19T18:30:00Z,76730.9,76800.0,76704.8,76779.3,36229.0
2026-05-19T18:35:00Z,76793.1,76823.4,76772.1,76820.6,2755.0
2026-05-19T18:40:00Z,76817.1,76823.5,76768.3,76810.2,3703.0
2026-05-19T18:45:00Z,76810.2,76842.3,76793.7,76820.0,9962.0
2026-05-19T18:50:00Z,76835.9,76849.3,76809.7,76825.6,1496.0
2026-05-19T18:55:00Z,76825.5,76825.5,76737.6,76764.2,5087.0
2026-05-19T19:00:00Z,76764.1,76846.0,76764.1,76820.0,3669.0
2026-05-19T19:05:00Z,76820.0,76929.4,76820.0,76923.0,10100.0
2026-05-19T19:10:00Z,76923.1,77027.2,76918.4,77021.5,14558.0
2026-05-19T19:15:00Z,77021.5,77037.1,76922.4,76946.8,12131.0
2026-05-19T19:20:00Z,76946.8,76946.8,76833.6,76833.6,4385.0
2026-05-19T19:25:00Z,76833.7,76834.0,76724.9,76765.9,14107.0
2026-05-19T19:30:00Z,76766.0,76866.0,76747.5,76836.0,68674.0
2026-05-19T19:35:00Z,76835.9,76869.4,76819.1,76862.1,10412.0
2026-05-19T19:40:00Z,76856.0,76859.5,76822.8,76834.2,2505.0
2026-05-19T19:45:00Z,76829.9,76844.9,76772.7,76808.8,4998.0
2026-05-19T19:50:00Z,76808.8,76845.5,76761.5,76764.5,5557.0
2026-05-19T19:55:00Z,76761.2,76785.8,76733.1,76771.5,2030.0
2026-05-19T20:00:00Z,76771.4,76860.6,76771.4,76791.4,1755.0
2026-05-19T20:05:00Z,76791.4,76874.9,76791.4,76874.8,2261.0
2026-05-19T20:10:00Z,76874.9,76911.0,76874.3,76904.9,24782.0
2026-05-19T20:15:00Z,76904.8,76913.7,76889.4,76895.2,5757.0
2026-05-19T20:20:00Z,76895.1,76902.4,76858.3,76894.3,2721.0
2026-05-19T20:25:00Z,76894.3,76905.4,76879.5,76883.3,4072.0
2026-05-19T20:30:00Z,76884.6,76923.0,76884.6,76900.0,2951.0
2026-05-19T20:35:00Z,76900.0,76945.2,76900.0,76934.5,3913.0
2026-05-19T20:40:00Z,76934.5,76934.8,76894.8,76900.0,4496.0
2026-05-19T20:45:00Z,76900.0,76957.7,76900.0,76950.6,3750.0
2026-05-19T20:50:00Z,76950.6,76993.3,76950.0,76990.1,3623.0
2026-05-19T20:55:00Z,76990.1,77000.0,76976.2,76976.3,8145.0
2026-05-19T21:00:00Z,76976.3,76985.5,76953.7,76957.4,4330.0
2026-05-19T21:05:00Z,76957.4,76965.0,76929.6,76929.6,2158.0
2026-05-19T21:10:00Z,76929.6,76993.3,76929.6,76959.9,11251.0
2026-05-19T21:15:00Z,76960.7,76999.9,76960.7,76974.1,4284.0
2026-05-19T21:20:00Z,76974.2,77000.0,76967.4,76999.9,11187.0
2026-05-19T21:25:00Z,76999.9,77000.1,76949.3,76960.0,9598.0
2026-05-19T21:30:00Z,76959.9,76987.4,76959.9,76987.4,1555.0
2026-05-19T21:35:00Z,76987.4,76995.0,76972.1,76994.5,3288.0
2026-05-19T21:40:00Z,76994.5,77010.0,76968.1,76983.7,25406.0
2026-05-19T21:45:00Z,76983.7,76992.0,76959.9,76960.0,5651.0
2026-05-19T21:50:00Z,76960.1,76995.0,76960.1,76980.4,4351.0
2026-05-19T21:55:00Z,76980.4,76983.0,76951.2,76951.6,774.0
2026-05-19T22:00:00Z,76951.3,76951.3,76744.6,76804.7,24387.0
2026-05-19T22:05:00Z,76804.7,76833.7,76764.3,76768.0,42350.0
2026-05-19T22:10:00Z,76784.8,76795.6,76749.5,76749.5,3879.0
2026-05-19T22:15:00Z,76749.5,76749.5,76655.1,76720.0,15996.0
2026-05-19T22:20:00Z,76720.0,76722.5,76650.9,76650.9,7465.0
2026-05-19T22:25:00Z,76650.9,76651.0,76611.0,76638.9,16368.0
2026-05-19T22:30:00Z,76638.9,76761.0,76619.0,76739.3,5208.0
2026-05-19T22:35:00Z,76761.0,76761.0,76680.7,76704.4,29342.0
2026-05-19T22:40:00Z,76700.1,76742.9,76693.6,76724.8,3223.0
2026-05-19T22:45:00Z,76724.8,76736.1,76694.8,76727.1,1363.0
2026-05-19T22:50:00Z,76727.0,76727.1,76696.6,76714.8,698.0
2026-05-19T22:55:00Z,76714.8,76732.4,76666.9,76676.0,3658.0
2026-05-19T23:00:00Z,76663.4,76707.8,76635.2,76700.3,1959.0
2026-05-19T23:05:00Z,76700.3,76769.5,76676.1,76769.5,893.0
2026-05-19T23:10:00Z,76761.6,76814.3,76761.6,76771.4,5075.0
2026-05-19T23:15:00Z,76776.0,76838.0,76771.9,76825.5,1076.0
2026-05-19T23:20:00Z,76820.9,76876.1,76807.3,76852.3,6348.0
2026-05-19T23:25:00Z,76852.1,76872.0,76852.0,76870.1,1610.0
2026-05-19T23:30:00Z,76870.1,76940.1,76852.9,76937.1,5038.0
2026-05-19T23:35:00Z,76937.1,76937.1,76891.1,76909.9,31099.0
2026-05-19T23:40:00Z,76909.7,76909.7,76857.2,76870.5,3588.0
2026-05-19T23:45:00Z,76872.9,76886.1,76808.3,76853.7,6279.0
2026-05-19T23:50:00Z,76869.6,76869.6,76807.2,76807.2,1287.0
2026-05-19T23:55:00Z,76808.4,76808.4,76781.5,76797.9,2268.0
2026-05-20T00:00:00Z,76799.9,76863.4,76781.0,76842.4,8048.0
2026-05-20T00:05:00Z,76842.3,76842.3,76670.0,76670.0,9253.0
2026-05-20T00:10:00Z,76668.2,76682.8,76509.3,76549.5,39226.0
2026-05-20T00:15:00Z,76549.5,76592.3,76501.6,76547.4,11512.0
2026-05-20T00:20:00Z,76544.4,76575.0,76485.0,76520.4,12219.0
2026-05-20T00:25:00Z,76543.6,76650.3,76543.6,76650.3,6469.0
2026-05-20T00:30:00Z,76650.8,76817.0,76599.5,76668.2,10240.0
2026-05-20T00:35:00Z,76689.4,76713.0,76638.3,76649.0,1103.0
2026-05-20T00:40:00Z,76649.0,76711.2,76622.8,76681.9,12430.0
2026-05-20T00:45:00Z,76682.0,76717.3,76651.6,76700.0,1274.0
2026-05-20T00:50:00Z,76712.4,76724.9,76661.4,76711.3,2560.0
2026-05-20T00:55:00Z,76711.3,76759.7,76711.3,76759.7,472.0
2026-05-20T01:00:00Z,76754.2,76779.6,76692.9,76779.5,7135.0
2026-05-20T01:05:00Z,76766.0,76814.0,76685.2,76813.2,3945.0
2026-05-20T01:10:00Z,76814.0,76869.4,76779.0,76838.8,23046.0
2026-05-20T01:15:00Z,76833.4,76850.0,76794.4,76849.9,13766.0
2026-05-20T01:20:00Z,76849.9,76869.3,76759.6,76759.6,11267.0
2026-05-20T01:25:00Z,76759.6,76777.1,76531.6,76550.2,11915.0
2026-05-20T01:30:00Z,76553.2,76665.6,76544.1,76609.4,14074.0
2026-05-20T01:35:00Z,76609.5,76618.0,76505.0,76580.6,19208.0
2026-05-20T01:40:00Z,76583.3,76587.3,76507.0,76561.3,5458.0
2026-05-20T01:45:00Z,76570.5,76649.9,76536.1,76649.9,2117.0
2026-05-20T01:50:00Z,76659.0,76893.0,76653.7,76772.1,17601.0
2026-05-20T01:55:00Z,76772.1,76819.5,76772.1,76789.4,14696.0
2026-05-20T02:00:00Z,76789.4,76815.4,76753.4,76788.0,6655.0
2026-05-20T02:05:00Z,76794.6,76815.4,76780.7,76780.7,2293.0
2026-05-20T02:10:00Z,76761.3,76782.7,76720.7,76771.7,3327.0
2026-05-20T02:15:00Z,76771.7,76800.0,76752.0,76775.1,3792.0
2026-05-20T02:20:00Z,76775.1,76880.1,76772.2,76853.0,14142.0
2026-05-20T02:25:00Z,76844.5,76848.8,76742.2,76742.2,2325.0
2026-05-20T02:30:00Z,76742.2,76742.2,76579.5,76679.8,12597.0
2026-05-20T02:35:00Z,76685.3,76685.3,76596.8,76625.7,5239.0
2026-05-20T02:40:00Z,76625.7,76657.4,76583.4,76583.4,1335.0
2026-05-20T02:45:00Z,76582.8,76660.0,76563.1,76617.2,8037.0
2026-05-20T02:50:00Z,76614.1,76654.9,76581.0,76650.2,1946.0
2026-05-20T02:55:00Z,76650.2,76673.9,76600.0,76652.0,3253.0
2026-05-20T03:00:00Z,76652.0,76652.0,76573.9,76606.8,1780.0
2026-05-20T03:05:00Z,76606.4,76630.8,76576.1,76608.7,2003.0
2026-05-20T03:10:00Z,76611.1,76617.9,76583.1,76607.7,3206.0
2026-05-20T03:15:00Z,76608.6,76663.3,76591.0,76631.4,1865.0
2026-05-20T03:20:00Z,76631.3,76686.0,76625.9,76639.8,472.0
2026-05-20T03:25:00Z,76639.8,76795.0,76621.5,76780.1,3620.0
2026-05-20T03:30:00Z,76780.0,76780.0,76715.8,76749.7,1087.0
2026-05-20T03:35:00Z,76749.7,76770.9,76736.3,76763.7,3167.0
2026-05-20T03:40:00Z,76763.7,76766.8,76702.6,76711.1,728.0
2026-05-20T03:45:00Z,76711.1,76730.4,76691.7,76698.8,172.0
2026-05-20T03:50:00Z,76698.8,76719.5,76682.1,76693.1,668.0
2026-05-20T03:55:00Z,76693.3,76731.6,76687.4,76688.1,542.0
2026-05-20T04:00:00Z,76696.4,76782.2,76696.4,76748.3,3711.0
2026-05-20T04:05:00Z,76748.3,76783.6,76748.3,76765.9,3964.0
2026-05-20T04:10:00Z,76766.0,76813.3,76735.0,76790.0,3871.0
2026-05-20T04:15:00Z,76790.1,76797.2,76767.7,76777.5,332.0
2026-05-20T04:20:00Z,76777.5,76789.0,76767.0,76767.0,539.0
2026-05-20T04:25:00Z,76767.1,76781.0,76744.2,76744.2,2372.0
2026-05-20T04:30:00Z,76747.1,76757.8,76716.9,76729.1,3368.0
2026-05-20T04:35:00Z,76714.6,76736.0,76659.5,76715.2,7641.0
2026-05-20T04:40:00Z,76713.4,76736.6,76703.5,76725.1,1953.0
2026-05-20T04:45:00Z,76725.0,76783.3,76725.0,76728.2,4664.0
2026-05-20T04:50:00Z,76728.2,76753.2,76728.2,76753.2,3550.0
2026-05-20T04:55:00Z,76753.2,76753.2,76731.9,76748.0,224.0
2026-05-20T05:00:00Z,76759.5,76830.1,76759.5,76821.9,5664.0
2026-05-20T05:05:00Z,76821.9,77026.3,76820.0,77015.5,18620.0
2026-05-20T05:10:00Z,77015.5,77238.0,76980.0,77199.6,36618.0
2026-05-20T05:15:00Z,77199.6,77212.4,77099.9,77145.7,27457.0
2026-05-20T05:20:00Z,77145.7,77183.2,77097.1,77119.8,3301.0
2026-05-20T05:25:00Z,77121.2,77129.1,77102.1,77127.9,2437.0
2026-05-20T05:30:00Z,77147.1,77300.0,77147.1,77190.0,14439.0
2026-05-20T05:35:00Z,77190.0,77275.5,77190.0,77263.2,9516.0
2026-05-20T05:40:00Z,77263.3,77281.9,77118.0,77118.0,7956.0
2026-05-20T05:45:00Z,77118.1,77158.6,77118.1,77154.9,1311.0
2026-05-20T05:50:00Z,77154.9,77175.4,77143.5,77160.2,1834.0
2026-05-20T05:55:00Z,77160.2,77172.8,77145.3,77172.8,1724.0
2026-05-20T06:00:00Z,77172.8,77204.0,77169.7,77169.7,1696.0
2026-05-20T06:05:00Z,77169.7,77198.1,77155.1,77181.0,3734.0
2026-05-20T06:10:00Z,77181.0,77200.0,77176.3,77200.0,1756.0
2026-05-20T06:15:00Z,77199.9,77271.5,77199.9,77271.5,12041.0
2026-05-20T06:20:00Z,77271.4,77328.0,77246.6,77314.2,14641.0
2026-05-20T06:25:00Z,77314.2,77314.2,77250.0,77256.4,1190.0
2026-05-20T06:30:00Z,77256.5,77278.9,77223.6,77238.8,24218.0
2026-05-20T06:35:00Z,77238.8,77279.2,77214.5,77279.2,8554.0
2026-05-20T06:40:00Z,77279.0,77280.0,77225.1,77280.0,1953.0
2026-05-20T06:45:00Z,77280.1,77362.2,77237.3,77351.0,23007.0
2026-05-20T06:50:00Z,77350.9,77386.2,77329.0,77339.1,31665.0
2026-05-20T06:55:00Z,77339.0,77386.8,77339.0,77381.0,5670.0
2026-05-20T07:00:00Z,77381.0,77385.7,77286.3,77309.7,6707.0
2026-05-20T07:05:00Z,77309.6,77365.6,77292.8,77360.0,3022.0
2026-05-20T07:10:00Z,77360.0,77392.2,77321.7,77361.9,2433.0
2026-05-20T07:15:00Z,77362.0,77362.1,77286.3,77309.9,2332.0
2026-05-20T07:20:00Z,77309.9,77444.0,77309.8,77425.2,14519.0
2026-05-20T07:25:00Z,77425.2,77425.2,77320.0,77353.9,3303.0
2026-05-20T07:30:00Z,77353.9,77354.0,77292.0,77344.1,3015.0
2026-05-20T07:35:00Z,77344.1,77344.2,77302.1,77335.7,513.0
2026-05-20T07:40:00Z,77335.7,77374.4,77335.6,77342.9,7741.0
2026-05-20T07:45:00Z,77342.9,77342.9,77242.1,77242.6,11058.0
2026-05-20T07:50:00Z,77242.6,77259.2,77208.3,77259.2,4062.0
2026-05-20T07:55:00Z,77259.7,77265.1,77239.3,77239.3,2742.0
2026-05-20T08:00:00Z,77244.3,77264.8,77238.8,77261.0,3143.0
2026-05-20T08:05:00Z,77261.1,77288.5,77234.3,77248.1,5894.0
2026-05-20T08:10:00Z,77248.1,77250.7,77222.8,77250.7,489.0
2026-05-20T08:15:00Z,77250.7,77262.9,77243.1,77262.9,707.0
2026-05-20T08:20:00Z,77262.9,77271.1,77172.0,77219.9,8037.0
2026-05-20T08:25:00Z,77219.9,77227.8,77214.5,77225.0,1446.0
2026-05-20T08:30:00Z,77234.9,77325.0,77234.9,77301.2,5666.0
2026-05-20T08:35:00Z,77301.2,77558.4,77301.2,77552.4,40854.0
2026-05-20T08:40:00Z,77550.1,77610.3,77460.0,77494.9,43956.0
2026-05-20T08:45:00Z,77494.8,77516.5,77444.1,77444.1,45119.0
2026-05-20T08:50:00Z,77443.9,77474.8,77434.4,77466.4,1047.0
2026-05-20T08:55:00Z,77466.4,77466.4,77430.0,77430.0,3649.0
2026-05-20T09:00:00Z,77430.1,77450.0,77419.9,77440.9,2159.0
2026-05-20T09:05:00Z,77431.7,77431.7,77373.5,77404.0,2346.0
2026-05-20T09:10:00Z,77404.0,77424.4,77390.7,77397.2,1923.0
2026-05-20T09:15:00Z,77397.2,77401.6,77346.6,77397.5,2660.0
2026-05-20T09:20:00Z,77407.2,77414.0,77391.7,77391.7,2325.0
2026-05-20T09:25:00Z,77391.7,77472.7,77387.2,77472.7,2327.0
2026-05-20T09:30:00Z,77465.1,77516.0,77465.0,77489.5,121120.0
2026-05-20T09:35:00Z,77489.6,77509.0,77469.9,77503.5,9788.0
2026-05-20T09:40:00Z,77503.6,77508.4,77470.3,77478.2,7623.0
2026-05-20T09:45:00Z,77478.2,77492.4,77450.1,77454.2,1568.0
2026-05-20T09:50:00Z,77462.6,77477.0,77434.9,77456.0,1641.0
2026-05-20T09:55:00Z,77461.7,77478.8,77411.4,77450.0,4252.0
2026-05-20T10:00:00Z,77450.0,77544.5,77450.0,77512.4,8036.0
2026-05-20T10:05:00Z,77512.4,77550.5,77503.7,77541.1,2659.0
2026-05-20T10:10:00Z,77540.9,77570.0,77509.4,77569.9,3108.0
2026-05-20T10:15:00Z,77569.9,77572.3,77538.6,77557.0,1866.0
2026-05-20T10:20:00Z,77557.0,77623.5,77556.0,77588.8,20319.0
2026-05-20T10:25:00Z,77588.7,77588.8,77526.8,77569.5,6856.0
2026-05-20T10:30:00Z,77569.8,77607.8,77562.0,77607.8,3680.0
2026-05-20T10:35:00Z,77608.0,77630.0,77519.3,77519.3,7509.0
2026-05-20T10:40:00Z,77519.3,77527.2,77483.1,77518.3,5320.0
2026-05-20T10:45:00Z,77518.3,77555.0,77516.5,77523.0,4581.0
2026-05-20T10:50:00Z,77523.0,77523.0,77491.0,77511.1,1637.0
2026-05-20T10:55:00Z,77511.1,77517.9,77475.8,77475.8,3363.0
2026-05-20T11:00:00Z,77475.8,77502.8,77450.6,77473.9,3480.0
2026-05-20T11:05:00Z,77473.9,77530.0,77473.9,77477.8,2880.0
2026-05-20T11:10:00Z,77477.8,77496.8,77428.9,77432.5,2721.0
2026-05-20T11:15:00Z,77450.8,77472.9,77446.2,77460.0,1518.0
2026-05-20T11:20:00Z,77458.6,77467.2,77432.5,77457.1,1576.0
2026-05-20T11:25:00Z,77457.1,77460.9,77423.0,77432.0,8128.0
2026-05-20T11:30:00Z,77435.8,77447.0,77425.0,77439.9,5140.0
2026-05-20T11:35:00Z,77439.9,77454.0,77388.1,77399.0,20788.0
2026-05-20T11:40:00Z,77399.0,77399.0,77306.5,77356.7,6042.0
2026-05-20T11:45:00Z,77356.7,77384.5,77323.9,77328.4,4646.0
2026-05-20T11:50:00Z,77328.4,77343.9,77286.1,77343.9,16607.0
2026-05-20T11:55:00Z,77343.9,77377.0,77343.4,77351.2,7474.0
2026-05-20T12:00:00Z,77350.9,77434.3,77329.7,77429.0,6681.0
2026-05-20T12:05:00Z,77429.0,77443.0,77408.6,77415.2,2009.0
2026-05-20T12:10:00Z,77410.3,77431.2,77401.1,77425.5,2220.0
2026-05-20T12:15:00Z,77413.9,77450.0,77411.2,77422.1,1921.0
2026-05-20T12:20:00Z,77422.1,77422.1,77333.5,77399.0,5775.0
2026-05-20T12:25:00Z,77399.0,77493.7,77399.0,77463.9,7238.0
2026-05-20T12:30:00Z,77463.9,77520.2,77463.1,77508.7,4570.0
2026-05-20T12:35:00Z,77508.8,77516.1,77498.6,77499.1,4004.0
2026-05-20T12:40:00Z,77499.1,77504.1,77474.0,77496.8,8497.0
2026-05-20T12:45:00Z,77496.7,77560.0,77496.7,77549.9,6929.0
2026-05-20T12:50:00Z,77549.9,77576.2,77503.3,77572.5,4071.0
2026-05-20T12:55:00Z,77572.4,77707.0,77572.4,77580.3,51570.0
2026-05-20T13:00:00Z,77580.6,77617.0,77520.0,77520.9,12076.0
2026-05-20T13:05:00Z,77520.9,77534.9,77477.1,77499.1,4525.0
2026-05-20T13:10:00Z,77502.1,77502.1,77422.4,77431.0,3840.0
2026-05-20T13:15:00Z,77444.0,77444.0,77370.0,77413.3,7940.0
2026-05-20T13:20:00Z,77413.2,77454.1,77403.0,77438.7,3804.0
2026-05-20T13:25:00Z,77438.6,77438.6,77250.0,77267.9,21660.0
2026-05-20T13:30:00Z,77273.8,77312.5,77153.2,77220.4,89871.0
2026-05-20T13:35:00Z,77220.4,77220.4,76931.3,77050.0,50627.0
2026-05-20T13:40:00Z,77050.0,77083.2,76962.1,77053.3,18940.0
2026-05-20T13:45:00Z,77054.7,77330.0,77054.7,77157.1,30671.0
2026-05-20T13:50:00Z,77160.7,77201.9,77100.1,77117.5,18487.0
2026-05-20T13:55:00Z,77121.6,77175.0,77013.9,77175.0,28280.0
2026-05-20T14:00:00Z,77175.8,77234.2,77127.6,77170.4,70458.0
2026-05-20T14:05:00Z,77170.4,77200.0,77082.8,77119.2,13901.0
2026-05-20T14:10:00Z,77106.8,77211.0,76859.8,77081.5,57306.0
2026-05-20T14:15:00Z,77093.6,77545.0,77093.2,77430.0,97234.0
2026-05-20T14:20:00Z,77431.9,77490.0,77248.9,77297.7,20123.0
2026-05-20T14:25:00Z,77298.8,77424.0,77267.0,77367.0,9863.0
2026-05-20T14:30:00Z,77391.5,77479.6,77346.7,77346.7,19254.0
2026-05-20T14:35:00Z,77346.8,77363.2,77250.0,77269.8,7241.0
2026-05-20T14:40:00Z,77263.5,77367.3,77262.7,77367.3,13007.0
2026-05-20T14:45:00Z,77370.8,77434.4,77348.2,77377.2,16016.0
2026-05-20T14:50:00Z,77389.0,77520.0,77359.6,77501.3,13066.0
2026-05-20T14:55:00Z,77501.3,77521.2,77414.2,77414.2,17324.0
2026-05-20T15:00:00Z,77416.8,77440.3,77329.3,77345.0,29877.0
2026-05-20T15:05:00Z,77345.0,77365.6,77308.8,77338.3,33315.0
2026-05-20T15:10:00Z,77324.4,77324.4,77279.9,77288.1,5921.0
2026-05-20T15:15:00Z,77288.3,77811.1,77288.2,77584.7,78377.0
2026-05-20T15:20:00Z,77595.0,77720.0,77590.7,77612.9,26716.0
2026-05-20T15:25:00Z,77611.4,77611.6,77475.4,77513.2,16922.0
2026-05-20T15:30:00Z,77524.8,77611.0,77497.6,77560.0,9648.0
2026-05-20T15:35:00Z,77560.1,77588.4,77465.6,77483.6,13370.0
2026-05-20T15:40:00Z,77474.2,77474.2,77349.2,77405.7,17760.0
2026-05-20T15:45:00Z,77405.7,77543.8,77405.7,77509.7,5234.0
2026-05-20T15:50:00Z,77509.6,77518.5,77420.0,77443.4,4342.0
2026-05-20T15:55:00Z,77445.6,77495.0,77350.4,77416.3,6773.0
2026-05-20T16:00:00Z,77423.0,77496.9,77393.1,77422.5,10868.0
2026-05-20T16:05:00Z,77422.5,77519.9,77421.3,77503.1,5040.0
2026-05-20T16:10:00Z,77503.1,77527.2,77452.3,77452.3,6003.0
2026-05-20T16:15:00Z,77452.2,77452.2,77300.0,77336.0,9650.0
2026-05-20T16:20:00Z,77327.1,77327.1,77158.7,77195.8,29688.0
2026-05-20T16:25:00Z,77167.7,77167.7,76975.0,77054.6,77692.0
2026-05-20T16:30:00Z,77053.8,77147.2,76997.0,77138.4,22957.0
2026-05-20T16:35:00Z,77138.3,77248.6,77120.1,77202.4,29894.0
2026-05-20T16:40:00Z,77199.0,77329.1,77185.7,77289.8,22037.0
2026-05-20T16:45:00Z,77315.0,77329.3,77245.8,77290.7,4495.0
2026-05-20T16:50:00Z,77290.0,77320.1,77209.3,77227.4,7120.0
2026-05-20T16:55:00Z,77227.3,77323.6,77227.3,77308.5,4631.0
2026-05-20T17:00:00Z,77308.4,77316.2,77231.1,77231.1,53600.0
2026-05-20T17:05:00Z,77231.2,77298.2,77196.1,77270.7,15190.0
2026-05-20T17:10:00Z,77270.8,77412.2,77254.7,77355.4,5922.0
2026-05-20T17:15:00Z,77355.3,77429.1,77316.7,77429.1,4153.0
2026-05-20T17:20:00Z,77430.0,77500.8,77429.9,77483.6,7323.0
2026-05-20T17:25:00Z,77483.7,77648.4,77469.0,77529.3,60613.0
2026-05-20T17:30:00Z,77541.1,77565.4,77483.4,77518.8,5618.0
2026-05-20T17:35:00Z,77518.8,77675.8,77518.8,77573.5,9199.0
2026-05-20T17:40:00Z,77580.3,77627.2,77520.0,77627.2,4644.0
2026-05-20T17:45:00Z,77627.1,77675.8,77574.1,77599.9,19166.0
2026-05-20T17:50:00Z,77600.0,77600.2,77501.1,77513.6,5039.0
2026-05-20T17:55:00Z,77513.7,77533.2,77500.8,77533.2,4836.0
2026-05-20T18:00:00Z,77537.2,77568.9,77450.3,77499.8,4080.0
2026-05-20T18:05:00Z,77499.8,77514.9,77469.3,77501.7,1763.0
2026-05-20T18:10:00Z,77501.8,77509.2,77440.7,77440.7,3304.0
2026-05-20T18:15:00Z,77441.8,77580.6,77437.6,77568.8,3524.0
2026-05-20T18:20:00Z,77568.9,77595.9,77466.5,77474.2,5748.0
2026-05-20T18:25:00Z,77476.7,77491.1,77389.6,77469.9,6749.0
2026-05-20T18:30:00Z,77468.3,77483.2,77417.7,77480.0,2000.0
2026-05-20T18:35:00Z,77480.0,77516.8,77469.6,77503.0,1073.0
2026-05-20T18:40:00Z,77502.9,77502.9,77437.3,77465.4,1729.0
2026-05-20T18:45:00Z,77431.3,77451.8,77355.0,77414.2,11369.0
2026-05-20T18:50:00Z,77414.1,77414.2,77378.1,77379.5,2710.0
2026-05-20T18:55:00Z,77379.5,77420.7,77360.0,77375.5,1543.0
2026-05-20T19:00:00Z,77367.8,77420.0,77321.1,77335.4,8942.0
2026-05-20T19:05:00Z,77335.3,77365.4,77318.5,77365.4,1243.0
2026-05-20T19:10:00Z,77365.3,77395.2,77347.4,77365.7,53888.0
2026-05-20T19:15:00Z,77360.4,77460.7,77330.3,77460.5,5405.0
2026-05-20T19:20:00Z,77448.1,77491.6,77447.1,77460.0,43103.0
2026-05-20T19:25:00Z,77460.0,77535.0,77459.8,77535.0,37724.0
2026-05-20T19:30:00Z,77535.1,77585.7,77492.0,77538.4,54313.0
2026-05-20T19:35:00Z,77538.4,77599.3,77496.3,77539.8,3241.0
2026-05-20T19:40:00Z,77540.0,77600.1,77540.0,77600.0,3607.0
2026-05-20T19:45:00Z,77600.0,77646.9,77556.6,77621.4,6539.0
2026-05-20T19:50:00Z,77621.4,77645.8,77565.6,77638.7,4132.0
2026-05-20T19:55:00Z,77644.1,77677.0,77613.0,77630.5,6389.0
2026-05-20T20:00:00Z,77627.0,77657.5,77539.9,77594.1,6145.0
2026-05-20T20:05:00Z,77594.1,77619.5,77569.6,77619.5,1684.0
2026-05-20T20:10:00Z,77619.5,77721.5,77619.4,77698.7,10143.0
2026-05-20T20:15:00Z,77698.7,77700.4,77573.0,77618.1,4470.0
2026-05-20T20:20:00Z,77614.1,77622.1,77432.7,77595.2,24962.0
2026-05-20T20:25:00Z,77591.4,77644.3,77537.2,77644.3,3338.0
2026-05-20T20:30:00Z,77644.3,77670.0,77556.2,77586.1,4348.0
2026-05-20T20:35:00Z,77586.0,77644.5,77586.0,77607.0,2537.0
2026-05-20T20:40:00Z,77602.1,77705.7,77602.1,77650.2,4017.0
2026-05-20T20:45:00Z,77650.1,77719.7,77632.9,77685.0,3563.0
2026-05-20T20:50:00Z,77685.0,77731.2,77663.8,77663.8,3631.0
2026-05-20T20:55:00Z,77663.8,77714.1,77663.8,77683.9,13360.0
2026-05-20T21:00:00Z,77683.7,77705.9,77608.6,77705.9,2202.0
2026-05-20T21:05:00Z,77705.8,77705.8,77682.3,77699.9,1596.0
2026-05-20T21:10:00Z,77699.9,77729.6,77699.9,77713.9,4462.0
2026-05-20T21:15:00Z,77713.9,77724.3,77629.4,77629.5,2878.0
2026-05-20T21:20:00Z,77629.4,77629.4,77557.9,77624.5,60331.0
2026-05-20T21:25:00Z,77624.4,77624.4,77571.0,77571.9,27164.0
2026-05-20T21:30:00Z,77563.8,77595.6,77547.1,77595.6,125656.0
2026-05-20T21:35:00Z,77595.6,77612.9,77576.7,77576.7,4524.0
2026-05-20T21:40:00Z,77576.8,77602.1,77562.9,77580.0,1185.0
2026-05-20T21:45:00Z,77580.0,77622.4,77568.1,77606.3,4317.0
2026-05-20T21:50:00Z,77606.3,77606.3,77541.1,77542.0,3676.0
2026-05-20T21:55:00Z,77542.0,77550.3,77464.5,77464.5,3125.0
2026-05-20T22:00:00Z,77464.6,77464.6,77326.8,77400.2,24730.0
2026-05-20T22:05:00Z,77400.5,77422.3,77279.9,77299.8,30106.0
2026-05-20T22:10:00Z,77299.8,77358.1,77253.1,77337.6,21416.0
2026-05-20T22:15:00Z,77337.6,77354.1,77206.4,77206.8,34671.0
2026-05-20T22:20:00Z,77206.8,77333.5,77190.0,77325.6,8168.0
2026-05-20T22:25:00Z,77325.5,77414.6,77314.6,77400.2,3435.0
2026-05-20T22:30:00Z,77400.2,77466.6,77390.2,77426.0,20790.0
2026-05-20T22:35:00Z,77426.0,77438.7,77342.9,77355.1,35494.0
2026-05-20T22:40:00Z,77355.1,77409.8,77342.9,77402.7,6294.0
2026-05-20T22:45:00Z,77402.7,77465.2,77402.7,77449.3,3628.0
2026-05-20T22:50:00Z,77450.3,77450.3,77413.6,77418.6,2452.0
2026-05-20T22:55:00Z,77418.4,77450.3,77418.4,77450.3,1917.0
2026-05-20T23:00:00Z,77466.6,77468.2,77413.9,77422.4,10181.0
2026-05-20T23:05:00Z,77422.4,77467.7,77404.0,77410.9,2252.0
2026-05-20T23:10:00Z,77410.9,77423.3,77359.8,77416.4,3476.0
2026-05-20T23:15:00Z,77416.4,77426.7,77355.2,77414.2,2439.0
2026-05-20T23:20:00Z,77408.3,77416.9,77359.6,77366.4,4004.0
2026-05-20T23:25:00Z,77370.2,77412.0,77355.2,77355.3,1317.0
2026-05-20T23:30:00Z,77358.0,77412.5,77355.2,77412.5,7150.0
2026-05-20T23:35:00Z,77412.5,77447.0,77392.8,77418.5,2747.0
2026-05-20T23:40:00Z,77421.0,77440.0,77421.0,77439.8,24926.0
2026-05-20T23:45:00Z,77439.9,77499.2,77420.0,77496.6,7409.0
2026-05-20T23:50:00Z,77496.4,77500.0,77480.0,77500.0,4235.0
2026-05-20T23:55:00Z,77500.0,77510.3,77482.2,77510.3,3023.0
2026-05-21T00:00:00Z,77510.7,77605.2,77472.5,77605.2,16971.0
2026-05-21T00:05:00Z,77606.1,77614.9,77511.2,77606.8,6437.0
2026-05-21T00:10:00Z,77606.8,77643.3,77594.6,77625.6,7524.0
2026-05-21T00:15:00Z,77629.7,77670.0,77561.9,77598.7,10187.0
2026-05-21T00:20:00Z,77600.0,77636.8,77586.0,77636.8,4174.0
2026-05-21T00:25:00Z,77662.7,77682.4,77650.1,77681.9,4462.0
2026-05-21T00:30:00Z,77682.0,77700.0,77672.3,77700.0,6293.0
2026-05-21T00:35:00Z,77700.0,77713.3,77666.4,77697.6,6811.0
2026-05-21T00:40:00Z,77697.6,77700.0,77659.0,77695.3,6674.0
2026-05-21T00:45:00Z,77700.0,77922.5,77699.8,77918.2,43336.0
2026-05-21T00:50:00Z,77918.2,78043.5,77864.4,77991.0,99964.0
2026-05-21T00:55:00Z,77991.0,77991.6,77919.2,77929.1,29335.0
2026-05-21T01:00:00Z,77929.1,77962.7,77890.0,77948.9,5527.0
2026-05-21T01:05:00Z,77950.0,77985.0,77889.8,77947.4,32427.0
2026-05-21T01:10:00Z,77947.4,78100.0,77947.3,78096.4,9199.0
2026-05-21T01:15:00Z,78096.3,78148.4,77847.3,77858.5,43892.0
2026-05-21T01:20:00Z,77858.5,77895.0,77833.0,77860.0,18213.0
2026-05-21T01:25:00Z,77860.1,77860.1,77781.0,77847.4,36843.0
2026-05-21T01:30:00Z,77846.8,77846.8,77781.0,77843.7,19797.0
2026-05-21T01:35:00Z,77843.8,77875.7,77784.0,77788.7,7182.0
2026-05-21T01:40:00Z,77788.9,77920.2,77788.9,77856.4,9011.0
2026-05-21T01:45:00Z,77856.4,77930.0,77856.3,77889.6,9196.0
2026-05-21T01:50:00Z,77888.1,77902.7,77765.3,77785.1,9228.0
2026-05-21T01:55:00Z,77785.0,77835.8,77785.0,77818.0,4135.0
2026-05-21T02:00:00Z,77818.1,77871.7,77799.1,77853.9,2713.0
2026-05-21T02:05:00Z,77854.0,77854.0,77778.4,77809.3,1847.0
2026-05-21T02:10:00Z,77803.3,77854.4,77803.3,77827.4,5037.0
2026-05-21T02:15:00Z,77837.8,77950.1,77824.2,77950.1,7405.0
2026-05-21T02:20:00Z,77950.0,78045.0,77939.8,77972.2,11869.0
2026-05-21T02:25:00Z,77969.6,78063.7,77969.6,78000.1,7077.0
2026-05-21T02:30:00Z,78005.0,78016.6,77968.8,77987.6,7719.0
2026-05-21T02:35:00Z,77987.4,78042.9,77977.0,78000.7,3770.0
2026-05-21T02:40:00Z,78006.3,78006.3,77949.5,77982.4,2426.0
2026-05-21T02:45:00Z,77982.4,77991.4,77931.5,77931.5,8274.0
2026-05-21T02:50:00Z,77932.2,77981.1,77920.3,77920.3,10206.0
2026-05-21T02:55:00Z,77920.3,77950.0,77920.3,77930.0,1843.0
2026-05-21T03:00:00Z,77920.3,77943.9,77910.3,77937.0,1942.0
2026-05-21T03:05:00Z,77929.6,77972.1,77886.2,77925.8,5335.0
2026-05-21T03:10:00Z,77927.9,77947.9,77919.0,77919.0,3111.0
2026-05-21T03:15:00Z,77919.1,77919.1,77867.2,77904.0,4242.0
2026-05-21T03:20:00Z,77904.0,77991.3,77904.0,77967.8,16602.0
2026-05-21T03:25:00Z,77967.7,78004.0,77960.0,77993.2,5614.0
2026-05-21T03:30:00Z,77993.3,77995.6,77978.2,77978.2,3919.0
2026-05-21T03:35:00Z,77978.3,77978.4,77955.9,77958.8,2653.0
2026-05-21T03:40:00Z,77963.0,77980.0,77950.0,77979.9,771.0
2026-05-21T03:45:00Z,77979.9,78006.9,77964.3,77970.8,1173.0
2026-05-21T03:50:00Z,77963.1,77999.9,77963.0,77999.9,10094.0
2026-05-21T03:55:00Z,78000.0,78062.2,78000.0,78043.0,2393.0
2026-05-21T04:00:00Z,78039.2,78093.1,78039.2,78090.3,20506.0
2026-05-21T04:05:00Z,78091.5,78143.2,77940.0,77945.9,14077.0
2026-05-21T04:10:00Z,77949.9,77969.9,77926.9,77938.9,6368.0
2026-05-21T04:15:00Z,77938.9,77993.9,77928.6,77935.8,19590.0
2026-05-21T04:20:00Z,77932.6,77969.6,77923.8,77963.0,1157.0
2026-05-21T04:25:00Z,77963.0,77991.0,77962.4,77985.0,3374.0
2026-05-21T04:30:00Z,77984.9,77997.7,77926.4,77930.8,5997.0
2026-05-21T04:35:00Z,77930.9,77947.5,77924.8,77947.0,2692.0
2026-05-21T04:40:00Z,77947.4,77960.8,77943.5,77945.6,1383.0
2026-05-21T04:45:00Z,77935.2,77968.4,77935.1,77960.7,528.0
2026-05-21T04:50:00Z,77960.7,77969.1,77960.7,77969.0,1336.0
2026-05-21T04:55:00Z,77966.0,78012.3,77965.9,78002.7,1356.0
2026-05-21T05:00:00Z,78001.0,78087.1,77980.0,78066.7,6962.0
2026-05-21T05:05:00Z,78068.2,78083.2,77999.3,77999.5,1847.0
2026-05-21T05:10:00Z,77999.4,77999.4,77853.0,77874.2,8417.0
2026-05-21T05:15:00Z,77879.8,77900.0,77845.0,77890.3,7025.0
2026-05-21T05:20:00Z,77890.4,77915.5,77838.4,77855.8,10681.0
2026-05-21T05:25:00Z,77860.0,77863.4,77829.1,77831.5,17846.0
2026-05-21T05:30:00Z,77831.6,77879.3,77806.9,77872.1,1136.0
2026-05-21T05:35:00Z,77864.5,77864.5,77843.0,77860.2,642.0
2026-05-21T05:40:00Z,77853.8,77860.2,77806.0,77826.0,1550.0
2026-05-21T05:45:00Z,77826.1,77826.1,77665.4,77736.0,24505.0
2026-05-21T05:50:00Z,77736.1,77771.0,77730.0,77763.6,20579.0
2026-05-21T05:55:00Z,77764.9,77795.1,77745.0,77789.6,3140.0
2026-05-21T06:00:00Z,77795.1,77829.8,77766.1,77812.4,3896.0
2026-05-21T06:05:00Z,77812.5,77845.5,77700.2,77708.4,7964.0
2026-05-21T06:10:00Z,77708.5,77765.7,77708.5,77733.6,7179.0
2026-05-21T06:15:00Z,77737.5,77738.7,77684.7,77700.0,6580.0
2026-05-21T06:20:00Z,77700.1,77817.6,77700.0,77784.6,8210.0
2026-05-21T06:25:00Z,77784.6,77784.6,77737.1,77737.1,1292.0
2026-05-21T06:30:00Z,77737.1,77788.4,77737.1,77750.0,2878.0
2026-05-21T06:35:00Z,77750.0,77750.0,77700.0,77700.0,3391.0
2026-05-21T06:40:00Z,77700.0,77700.0,77612.8,77638.0,26288.0
2026-05-21T06:45:00Z,77637.9,77641.3,77510.7,77578.4,38989.0
2026-05-21T06:50:00Z,77570.6,77608.9,77535.3,77574.6,8526.0
2026-05-21T06:55:00Z,77574.6,77595.0,77530.7,77591.7,5591.0
2026-05-21T07:00:00Z,77591.6,77612.9,77533.4,77556.7,4502.0
2026-05-21T07:05:00Z,77569.5,77660.6,77569.5,77583.0,7002.0
2026-05-21T07:10:00Z,77576.0,77591.8,77539.4,77572.0,2653.0
2026-05-21T07:15:00Z,77570.9,77570.9,77486.0,77522.7,26315.0
2026-05-21T07:20:00Z,77511.6,77538.0,77496.9,77528.0,2448.0
2026-05-21T07:25:00Z,77528.0,77582.8,77528.0,77582.6,2440.0
2026-05-21T07:30:00Z,77573.6,77622.1,77573.6,77622.1,9489.0
2026-05-21T07:35:00Z,77622.1,77647.6,77604.6,77647.6,1343.0
2026-05-21T07:40:00Z,77647.6,77687.0,77647.6,77687.0,8753.0
2026-05-21T07:45:00Z,77690.5,77748.9,77680.0,77748.9,8901.0
2026-05-21T07:50:00Z,77750.0,77781.6,77742.6,77781.6,5423.0
2026-05-21T07:55:00Z,77781.5,77870.0,77780.0,77854.2,11472.0
2026-05-21T08:00:00Z,77854.3,77977.0,77853.3,77976.0,6666.0
2026-05-21T08:05:00Z,77975.9,78175.7,77965.7,78075.5,117667.0
2026-05-21T08:10:00Z,78075.3,78100.0,78015.3,78089.3,26867.0
2026-05-21T08:15:00Z,78105.3,78142.5,77987.5,77987.5,8006.0
2026-05-21T08:20:00Z,77983.5,78015.5,77941.5,77961.5,12814.0
2026-05-21T08:25:00Z,77958.4,78024.0,77905.9,78015.5,7963.0
2026-05-21T08:30:00Z,78015.3,78015.3,77905.3,77915.8,5055.0
2026-05-21T08:35:00Z,77915.8,77942.3,77865.5,77878.4,4965.0
2026-05-21T08:40:00Z,77878.4,77920.7,77878.4,77900.1,3465.0
2026-05-21T08:45:00Z,77900.1,77900.2,77854.5,77880.0,5045.0
2026-05-21T08:50:00Z,77879.9,77899.1,77861.9,77871.1,1540.0
2026-05-21T08:55:00Z,77871.2,77926.7,77871.2,77888.7,3219.0
2026-05-21T09:00:00Z,77888.6,77888.6,77860.8,77861.4,972.0
2026-05-21T09:05:00Z,77861.4,77950.0,77850.0,77891.7,4745.0
2026-05-21T09:10:00Z,77891.6,77928.0,77891.6,77900.0,5149.0
2026-05-21T09:15:00Z,77900.0,77924.5,77883.6,77883.6,19516.0
2026-05-21T09:20:00Z,77883.6,77924.5,77883.6,77900.0,5444.0
2026-05-21T09:25:00Z,77900.0,77905.4,77883.6,77892.3,2669.0
2026-05-21T09:30:00Z,77889.9,77907.2,77755.8,77759.9,12431.0
2026-05-21T09:35:00Z,77759.5,77774.5,77652.2,77652.7,14688.0
2026-05-21T09:40:00Z,77652.7,77692.1,77652.2,77660.5,5173.0
2026-05-21T09:45:00Z,77656.9,77686.7,77655.7,77677.1,6157.0
2026-05-21T09:50:00Z,77677.1,77677.1,77625.0,77625.0,11260.0
2026-05-21T09:55:00Z,77625.0,77664.5,77590.0,77608.7,6439.0
2026-05-21T10:00:00Z,77608.5,77629.0,77585.0,77617.2,11448.0
2026-05-21T10:05:00Z,77617.2,77629.9,77585.1,77629.9,3584.0
2026-05-21T10:10:00Z,77635.7,77639.7,77599.6,77600.2,4469.0
2026-05-21T10:15:00Z,77604.2,77637.6,77600.3,77628.4,12150.0
2026-05-21T10:20:00Z,77632.7,77650.9,77603.2,77626.0,4622.0
2026-05-21T10:25:00Z,77626.0,77634.4,77128.6,77349.0,127778.0
2026-05-21T10:30:00Z,77347.8,77410.7,77173.4,77401.7,42029.0
2026-05-21T10:35:00Z,77401.7,77411.1,77205.3,77205.3,32921.0
2026-05-21T10:40:00Z,77209.9,77347.6,77209.9,77337.0,24063.0
2026-05-21T10:45:00Z,77322.6,77341.8,77235.8,77254.2,11943.0
2026-05-21T10:50:00Z,77257.7,77257.7,77173.1,77243.1,13679.0
2026-05-21T10:55:00Z,77248.2,77261.7,77156.7,77168.6,14289.0
2026-05-21T11:00:00Z,77177.8,77277.4,77110.7,77222.0,9437.0
2026-05-21T11:05:00Z,77222.0,77225.8,77171.7,77199.9,4010.0
2026-05-21T11:10:00Z,77200.0,77314.4,77199.9,77278.1,8498.0
2026-05-21T11:15:00Z,77278.0,77340.5,77275.5,77304.0,3775.0
2026-05-21T11:20:00Z,77304.0,77339.8,77243.5,77270.5,4614.0
2026-05-21T11:25:00Z,77270.5,77307.0,77246.1,77287.6,2889.0
2026-05-21T11:30:00Z,77287.6,77342.7,77261.4,77261.4,4354.0
2026-05-21T11:35:00Z,77261.4,77268.8,77189.3,77218.7,3889.0
2026-05-21T11:40:00Z,77224.2,77245.7,77206.6,77225.8,1806.0
2026-05-21T11:45:00Z,77225.8,77229.6,77216.8,77227.3,1604.0
2026-05-21T11:50:00Z,77227.3,77227.3,77203.8,77203.8,1380.0
2026-05-21T11:55:00Z,77202.6,77202.6,77154.7,77157.3,7542.0
2026-05-21T12:00:00Z,77157.3,77244.0,77149.7,77242.6,7065.0
2026-05-21T12:05:00Z,77242.2,77242.5,77155.1,77175.6,3586.0
2026-05-21T12:10:00Z,77175.7,77175.7,77125.3,77151.6,22878.0
2026-05-21T12:15:00Z,77151.7,77181.8,77150.0,77177.6,3177.0
2026-05-21T12:20:00Z,77181.2,77181.2,77074.2,77099.9,24604.0
2026-05-21T12:25:00Z,77100.8,77140.4,77062.2,77080.0,12047.0
2026-05-21T12:30:00Z,77080.0,77267.1,77032.2,77245.5,17502.0
2026-05-21T12:35:00Z,77232.7,77279.0,77186.7,77250.3,45371.0
2026-05-21T12:40:00Z,77258.6,77264.7,77189.1,77208.5,2741.0
2026-05-21T12:45:00Z,77208.5,77287.2,77208.4,77260.1,8522.0
2026-05-21T12:50:00Z,77260.1,77297.4,77236.9,77297.0,7463.0
2026-05-21T12:55:00Z,77297.0,77328.9,77241.7,77244.1,8374.0
2026-05-21T13:00:00Z,77243.0,77315.0,77212.5,77299.9,2024.0
2026-05-21T13:05:00Z,77299.8,77317.6,77264.8,77304.6,2577.0
2026-05-21T13:10:00Z,77304.6,77304.9,77224.8,77225.0,3548.0
2026-05-21T13:15:00Z,77220.8,77233.9,77175.0,77217.9,3073.0
2026-05-21T13:20:00Z,77217.8,77279.5,77199.2,77255.0,4773.0
2026-05-21T13:25:00Z,77245.0,77260.3,77204.4,77260.1,4190.0
2026-05-21T13:30:00Z,77260.3,77282.1,77075.0,77193.0,17720.0
2026-05-21T13:35:00Z,77182.7,77191.1,76814.3,76858.0,80121.0
2026-05-21T13:40:00Z,76856.1,76946.2,76699.0,76719.0,81110.0
2026-05-21T13:45:00Z,76727.4,76933.3,76719.0,76754.9,31451.0
2026-05-21T13:50:00Z,76753.3,77080.2,76753.3,77041.7,33102.0
2026-05-21T13:55:00Z,77041.9,77162.6,77013.4,77094.5,66534.0
2026-05-21T14:00:00Z,77095.2,77215.6,77077.1,77170.4,22474.0
2026-05-21T14:05:00Z,77165.1,77193.2,77020.0,77157.5,18291.0
2026-05-21T14:10:00Z,77159.4,77174.2,77012.4,77055.8,10127.0
2026-05-21T14:15:00Z,77057.6,77057.6,76887.2,76888.3,74316.0
2026-05-21T14:20:00Z,76888.3,76923.0,76747.1,76898.3,61752.0
2026-05-21T14:25:00Z,76896.9,77026.1,76895.0,77016.8,33462.0
2026-05-21T14:30:00Z,77023.0,77128.3,77019.3,77059.7,50371.0
2026-05-21T14:35:00Z,77050.1,77154.8,77050.1,77081.4,8179.0
2026-05-21T14:40:00Z,77066.6,77066.6,76919.6,76949.6,11125.0
2026-05-21T14:45:00Z,76957.2,76987.6,76873.4,76913.9,18245.0
2026-05-21T14:50:00Z,76917.5,76973.9,76860.0,76957.6,5189.0
2026-05-21T14:55:00Z,76954.8,76999.9,76930.3,76944.0,4475.0
2026-05-21T15:00:00Z,76943.9,77022.3,76934.1,77017.3,10716.0
2026-05-21T15:05:00Z,77019.8,77019.8,76861.7,76943.9,21543.0
2026-05-21T15:10:00Z,76935.2,77184.8,76918.5,77111.1,32701.0
2026-05-21T15:15:00Z,77129.9,77212.4,77089.6,77183.5,35713.0
2026-05-21T15:20:00Z,77180.1,77278.1,77163.7,77204.3,12548.0
2026-05-21T15:25:00Z,77200.2,77272.5,77188.0,77230.7,8904.0
2026-05-21T15:30:00Z,77230.7,77250.2,77046.6,77071.9,8440.0
2026-05-21T15:35:00Z,77077.5,77133.1,77032.0,77130.4,19091.0
2026-05-21T15:40:00Z,77134.7,77204.6,77133.0,77178.4,30621.0
2026-05-21T15:45:00Z,77186.9,77373.3,77186.9,77318.6,41877.0
2026-05-21T15:50:00Z,77309.9,77312.0,77134.7,77134.7,6360.0
2026-05-21T15:55:00Z,77133.4,77232.2,77122.1,77224.4,13373.0
2026-05-21T16:00:00Z,77224.4,77311.4,77186.4,77231.5,6763.0
2026-05-21T16:05:00Z,77231.5,77298.2,77227.6,77289.7,3215.0
2026-05-21T16:10:00Z,77292.9,77316.5,77200.0,77244.0,8133.0
2026-05-21T16:15:00Z,77244.0,77247.1,77091.0,77133.5,6421.0
2026-05-21T16:20:00Z,77133.2,77170.8,77088.3,77120.0,8064.0
2026-05-21T16:25:00Z,77136.1,77164.4,77083.3,77147.0,5467.0
2026-05-21T16:30:00Z,77147.0,77257.7,77147.0,77218.3,5494.0
2026-05-21T16:35:00Z,77218.4,77218.4,77046.5,77079.2,5441.0
2026-05-21T16:40:00Z,77081.1,77081.1,76995.3,77029.7,18878.0
2026-05-21T16:45:00Z,77029.8,77062.0,77000.0,77026.1,4767.0
2026-05-21T16:50:00Z,77026.1,77081.9,76980.6,77078.1,7998.0
2026-05-21T16:55:00Z,77080.1,77164.6,77070.3,77164.6,7954.0
2026-05-21T17:00:00Z,77165.9,77269.0,77165.9,77199.4,8036.0
2026-05-21T17:05:00Z,77203.7,77203.7,77149.7,77176.7,5264.0
2026-05-21T17:10:00Z,77176.7,77535.0,77176.7,77482.0,45454.0
2026-05-21T17:15:00Z,77481.9,77839.4,77461.2,77742.7,84939.0
2026-05-21T17:20:00Z,77724.9,77957.2,77677.8,77830.6,47144.0
2026-05-21T17:25:00Z,77836.3,77963.0,77836.2,77939.3,36913.0
2026-05-21T17:30:00Z,77939.3,77999.0,77833.8,77896.0,37415.0
2026-05-21T17:35:00Z,77895.9,77982.9,77895.9,77899.2,8940.0
2026-05-21T17:40:00Z,77899.2,77940.0,77816.8,77861.0,10886.0
2026-05-21T17:45:00Z,77858.8,77878.1,77761.3,77874.4,16984.0
2026-05-21T17:50:00Z,77877.1,78000.0,77832.3,77978.3,19116.0
2026-05-21T17:55:00Z,77990.0,78063.8,77822.0,77831.0,32446.0
2026-05-21T18:00:00Z,77824.9,77890.0,77665.0,77666.9,33582.0
2026-05-21T18:05:00Z,77666.9,77750.0,77600.0,77717.2,91981.0
2026-05-21T18:10:00Z,77717.2,77720.1,77624.9,77665.2,8719.0
2026-05-21T18:15:00Z,77665.1,77799.9,77600.0,77788.5,19681.0
2026-05-21T18:20:00Z,77788.5,77868.1,77743.7,77845.6,13758.0
2026-05-21T18:25:00Z,77845.7,77845.8,77699.2,77699.2,4095.0
2026-05-21T18:30:00Z,77700.8,77777.0,77659.4,77765.5,56749.0
2026-05-21T18:35:00Z,77765.4,77765.4,77680.7,77680.7,1615.0
2026-05-21T18:40:00Z,77680.8,77770.2,77680.8,77723.1,4400.0
2026-05-21T18:45:00Z,77723.2,77723.2,77468.2,77492.9,35624.0
2026-05-21T18:50:00Z,77487.4,77563.3,77269.0,77269.0,42527.0
2026-05-21T18:55:00Z,77269.1,77362.4,77210.6,77354.5,25349.0
2026-05-21T19:00:00Z,77348.0,77447.7,77336.4,77368.0,16148.0
2026-05-21T19:05:00Z,77367.9,77510.2,77357.4,77510.2,7931.0
2026-05-21T19:10:00Z,77510.7,77560.0,77492.6,77499.9,5078.0
2026-05-21T19:15:00Z,77499.9,77563.9,77490.8,77563.9,6975.0
2026-05-21T19:20:00Z,77564.5,77577.5,77528.5,77537.8,6097.0
2026-05-21T19:25:00Z,77528.4,77538.7,77498.9,77511.7,12131.0
2026-05-21T19:30:00Z,77512.3,77559.1,77512.0,77556.8,3850.0
2026-05-21T19:35:00Z,77557.0,77621.0,77557.0,77602.6,3073.0
2026-05-21T19:40:00Z,77610.1,77615.1,77570.6,77587.1,1445.0
2026-05-21T19:45:00Z,77587.1,77634.0,77577.9,77607.8,1667.0
2026-05-21T19:50:00Z,77607.8,77768.0,77607.8,77674.0,12287.0
2026-05-21T19:55:00Z,77672.3,77748.8,77636.3,77656.2,3381.0
2026-05-21T20:00:00Z,77661.0,77699.2,77632.0,77639.1,3381.0
2026-05-21T20:05:00Z,77636.8,77711.3,77631.7,77699.7,2056.0
2026-05-21T20:10:00Z,77699.6,77699.7,77646.3,77677.1,5176.0
2026-05-21T20:15:00Z,77674.7,77699.6,77650.7,77679.8,9025.0
2026-05-21T20:20:00Z,77679.8,77684.7,77657.8,77663.3,3384.0
2026-05-21T20:25:00Z,77663.4,77688.1,77656.5,77659.0,1539.0
2026-05-21T20:30:00Z,77659.0,77715.0,77659.0,77715.0,1538.0
2026-05-21T20:35:00Z,77715.9,77756.0,77643.8,77643.8,3189.0
2026-05-21T20:40:00Z,77643.8,77656.4,77608.4,77656.3,4693.0
2026-05-21T20:45:00Z,77656.4,77760.3,77656.4,77740.2,5258.0
2026-05-21T20:50:00Z,77740.3,77757.5,77613.9,77624.5,6734.0
2026-05-21T20:55:00Z,77624.6,77680.0,77624.6,77671.4,2166.0
2026-05-21T21:00:00Z,77671.4,77755.5,77671.4,77732.1,2938.0
2026-05-21T21:05:00Z,77732.1,77755.9,77732.1,77755.4,2349.0
2026-05-21T21:10:00Z,77755.4,77773.9,77711.0,77737.0,3600.0
2026-05-21T21:15:00Z,77737.1,77750.3,77727.6,77729.8,627.0
2026-05-21T21:20:00Z,77729.8,77754.3,77720.4,77749.5,1002.0
2026-05-21T21:25:00Z,77749.4,77768.0,77728.9,77768.0,1328.0
2026-05-21T21:30:00Z,77768.0,77777.2,77729.3,77739.1,952.0
2026-05-21T21:35:00Z,77739.1,77768.6,77726.4,77726.4,2327.0
2026-05-21T21:40:00Z,77723.2,77723.2,77661.5,77696.9,10920.0
2026-05-21T21:45:00Z,77696.9,77696.9,77631.4,77635.3,4701.0
2026-05-21T21:50:00Z,77635.3,77684.3,77620.6,77684.3,1241.0
2026-05-21T21:55:00Z,77684.3,77684.3,77606.7,77617.6,1280.0
2026-05-21T22:00:00Z,77627.8,77712.3,77585.4,77694.2,6037.0
2026-05-21T22:05:00Z,77694.2,77712.9,77668.6,77686.8,627.0
2026-05-21T22:10:00Z,77686.7,77687.0,77620.0,77620.6,2108.0
2026-05-21T22:15:00Z,77616.6,77617.1,77559.9,77583.9,10247.0
2026-05-21T22:20:00Z,77583.9,77631.4,77575.1,77630.4,7546.0
2026-05-21T22:25:00Z,77630.4,77659.8,77626.0,77659.8,1638.0
2026-05-21T22:30:00Z,77659.8,77683.2,77589.4,77589.4,686.0
2026-05-21T22:35:00Z,77589.4,77598.8,77513.2,77513.2,5006.0
2026-05-21T22:40:00Z,77513.2,77613.3,77513.2,77604.1,2089.0
2026-05-21T22:45:00Z,77604.1,77629.8,77602.6,77608.6,1157.0
2026-05-21T22:50:00Z,77608.7,77608.7,77569.7,77575.5,1089.0
2026-05-21T22:55:00Z,77581.4,77605.0,77576.4,77586.1,686.0
2026-05-21T23:00:00Z,77589.6,77634.7,77552.6,77633.6,1577.0
2026-05-21T23:05:00Z,77625.1,77686.8,77625.0,77680.1,2515.0
2026-05-21T23:10:00Z,77680.1,77680.1,77525.1,77525.1,3182.0
2026-05-21T23:15:00Z,77526.5,77578.0,77490.5,77578.0,14588.0
2026-05-21T23:20:00Z,77581.4,77586.5,77547.5,77580.0,1295.0
2026-05-21T23:25:00Z,77580.0,77626.4,77571.1,77617.3,2197.0
2026-05-21T23:30:00Z,77617.3,77639.3,77599.1,77639.3,2040.0
2026-05-21T23:35:00Z,77639.3,77680.0,77639.3,77679.8,917.0
2026-05-21T23:40:00Z,77680.0,77714.1,77667.2,77667.2,3463.0
2026-05-21T23:45:00Z,77660.1,77670.4,77649.6,77670.3,5357.0
2026-05-21T23:50:00Z,77670.3,77707.3,77650.6,77650.6,6235.0
2026-05-21T23:55:00Z,77653.1,77653.1,77570.2,77584.8,861.0
2026-05-22T00:00:00Z,77584.8,77602.5,77480.0,77507.8,7859.0
2026-05-22T00:05:00Z,77507.8,77533.9,77497.5,77497.5,4472.0
2026-05-22T00:10:00Z,77497.5,77497.5,77413.0,77418.3,11142.0
2026-05-22T00:15:00Z,77418.3,77488.4,77372.4,77438.3,10137.0
2026-05-22T00:20:00Z,77438.3,77514.1,77438.3,77506.7,1626.0
2026-05-22T00:25:00Z,77506.7,77518.6,77445.1,77445.1,1968.0
2026-05-22T00:30:00Z,77457.2,77535.4,77452.0,77501.4,682.0
2026-05-22T00:35:00Z,77501.5,77508.6,77423.8,77423.8,1845.0
2026-05-22T00:40:00Z,77423.8,77444.9,77368.0,77435.7,2511.0
2026-05-22T00:45:00Z,77434.9,77475.2,77380.8,77412.6,1294.0
2026-05-22T00:50:00Z,77412.6,77418.9,77358.9,77358.9,5820.0
2026-05-22T00:55:00Z,77359.0,77400.0,77334.2,77334.2,7133.0
2026-05-22T01:00:00Z,77333.4,77343.4,77289.2,77301.7,10341.0
2026-05-22T01:05:00Z,77301.7,77378.9,77296.5,77371.7,1842.0
2026-05-22T01:10:00Z,77371.7,77493.1,77370.3,77493.1,10037.0
2026-05-22T01:15:00Z,77486.1,77498.6,77410.0,77498.6,3687.0
2026-05-22T01:20:00Z,77498.6,77498.8,77415.1,77415.1,1296.0
2026-05-22T01:25:00Z,77415.2,77443.1,77415.2,77443.0,1502.0
2026-05-22T01:30:00Z,77430.8,77471.5,77374.1,77385.8,496.0
2026-05-22T01:35:00Z,77373.5,77400.7,77318.6,77392.6,3536.0
2026-05-22T01:40:00Z,77392.6,77482.2,77377.0,77482.0,1600.0
2026-05-22T01:45:00Z,77481.8,77609.8,77481.8,77587.7,2288.0
2026-05-22T01:50:00Z,77592.6,77634.8,77556.1,77572.4,10888.0
2026-05-22T01:55:00Z,77572.4,77572.4,77533.5,77564.0,5809.0
2026-05-22T02:00:00Z,77568.2,77665.8,77568.2,77656.1,5675.0
2026-05-22T02:05:00Z,77666.6,77668.0,77602.5,77641.2,4216.0
2026-05-22T02:10:00Z,77637.3,77637.3,77605.8,77628.9,680.0
2026-05-22T02:15:00Z,77628.9,77675.9,77628.9,77675.8,3451.0
2026-05-22T02:20:00Z,77675.8,77697.9,77616.0,77616.0,3016.0
2026-05-22T02:25:00Z,77614.8,77625.0,77576.2,77624.9,2031.0
2026-05-22T02:30:00Z,77624.9,77666.0,77583.4,77583.9,756.0
2026-05-22T02:35:00Z,77583.9,77614.2,77583.9,77607.1,3531.0
2026-05-22T02:40:00Z,77607.1,77620.0,77585.6,77591.4,17778.0
2026-05-22T02:45:00Z,77591.3,77652.6,77570.4,77584.8,7260.0
2026-05-22T02:50:00Z,77584.8,77613.3,77583.0,77583.0,871.0
2026-05-22T02:55:00Z,77583.1,77644.8,77583.1,77638.2,2153.0
2026-05-22T03:00:00Z,77638.2,77715.1,77638.2,77715.1,2246.0
2026-05-22T03:05:00Z,77715.2,77743.8,77680.1,77686.2,37399.0
2026-05-22T03:10:00Z,77686.2,77706.2,77670.2,77675.4,5912.0
2026-05-22T03:15:00Z,77678.7,77720.0,77646.7,77659.9,5539.0
2026-05-22T03:20:00Z,77659.9,77728.0,77659.9,77715.3,9065.0
2026-05-22T03:25:00Z,77715.7,77764.8,77702.4,77764.8,8584.0
2026-05-22T03:30:00Z,77764.7,77770.0,77713.8,77767.9,3250.0
2026-05-22T03:35:00Z,77767.9,77771.3,77728.8,77749.8,2503.0
2026-05-22T03:40:00Z,77753.7,77771.3,77744.2,77746.1,2324.0
2026-05-22T03:45:00Z,77746.2,77748.0,77728.9,77747.9,4370.0
2026-05-22T03:50:00Z,77747.9,77768.1,77704.5,77730.5,3427.0
2026-05-22T03:55:00Z,77730.3,77730.5,77715.4,77730.5,1860.0
2026-05-22T04:00:00Z,77729.5,77777.0,77729.5,77774.0,3965.0
2026-05-22T04:05:00Z,77774.0,77828.0,77771.6,77827.8,29184.0
2026-05-22T04:10:00Z,77827.9,77838.8,77824.7,77838.7,7263.0
2026-05-22T04:15:00Z,77838.8,77852.2,77769.0,77798.7,6666.0
2026-05-22T04:20:00Z,77798.7,77810.0,77760.3,77760.3,2519.0
2026-05-22T04:25:00Z,77760.3,77760.3,77735.0,77749.6,1183.0
2026-05-22T04:30:00Z,77759.0,77765.9,77739.4,77759.6,1626.0
2026-05-22T04:35:00Z,77759.5,77759.5,77660.0,77665.8,3369.0
2026-05-22T04:40:00Z,77665.8,77665.8,77644.4,77654.1,4234.0
2026-05-22T04:45:00Z,77654.2,77654.2,77607.7,77607.7,9347.0
2026-05-22T04:50:00Z,77607.7,77655.7,77604.0,77605.2,5980.0
2026-05-22T04:55:00Z,77605.3,77620.0,77600.1,77619.9,372.0
2026-05-22T05:00:00Z,77619.9,77619.9,77575.0,77604.0,3440.0
2026-05-22T05:05:00Z,77607.6,77658.1,77605.4,77658.1,805.0
2026-05-22T05:10:00Z,77664.8,77691.8,77637.5,77644.2,2705.0
2026-05-22T05:15:00Z,77644.1,77660.4,77643.4,77645.6,441.0
2026-05-22T05:20:00Z,77645.6,77649.7,77533.1,77533.1,14224.0
2026-05-22T05:25:00Z,77533.1,77568.3,77530.3,77565.6,8126.0
2026-05-22T05:30:00Z,77565.6,77597.5,77537.9,77554.2,11520.0
2026-05-22T05:35:00Z,77554.2,77584.5,77536.1,77545.1,2436.0
2026-05-22T05:40:00Z,77545.1,77576.1,77492.4,77555.2,6809.0
2026-05-22T05:45:00Z,77555.2,77600.0,77552.7,77599.9,2708.0
2026-05-22T05:50:00Z,77599.9,77634.9,77578.4,77578.4,1791.0
2026-05-22T05:55:00Z,77578.4,77578.5,77418.3,77440.9,13343.0
2026-05-22T06:00:00Z,77440.9,77487.2,77400.3,77487.1,8798.0
2026-05-22T06:05:00Z,77487.0,77487.0,77392.7,77440.0,32671.0
2026-05-22T06:10:00Z,77439.9,77468.5,77428.2,77450.8,500.0
2026-05-22T06:15:00Z,77450.1,77450.1,77396.8,77420.4,2027.0
2026-05-22T06:20:00Z,77420.4,77436.0,77395.2,77402.4,40220.0
2026-05-22T06:25:00Z,77402.3,77414.2,77380.0,77414.2,275727.0
2026-05-22T06:30:00Z,77424.0,77424.3,77370.0,77390.5,1093.0
2026-05-22T06:35:00Z,77390.5,77390.8,77369.6,77379.0,1482.0
2026-05-22T06:40:00Z,77375.3,77440.8,77368.4,77440.8,4526.0
2026-05-22T06:45:00Z,77426.5,77475.8,77395.9,77466.4,8070.0
2026-05-22T06:50:00Z,77466.0,77469.3,77411.4,77411.5,1114.0
2026-05-22T06:55:00Z,77411.5,77413.3,77324.9,77385.9,4196.0
2026-05-22T07:00:00Z,77385.9,77389.0,77250.0,77287.9,16047.0
2026-05-22T07:05:00Z,77287.9,77312.9,77250.0,77276.1,1724.0
2026-05-22T07:10:00Z,77279.0,77363.6,77279.0,77339.0,7861.0
2026-05-22T07:15:00Z,77339.0,77454.5,77339.0,77454.5,1838.0
2026-05-22T07:20:00Z,77454.6,77491.2,77422.7,77428.6,8262.0
2026-05-22T07:25:00Z,77424.6,77470.5,77416.0,77470.5,1623.0
2026-05-22T07:30:00Z,77470.5,77509.5,77428.1,77428.1,6233.0
2026-05-22T07:35:00Z,77428.1,77446.4,77408.0,77420.4,3132.0
2026-05-22T07:40:00Z,77427.9,77470.0,77427.9,77438.0,2725.0
2026-05-22T07:45:00Z,77438.0,77438.0,77392.4,77416.3,2480.0
2026-05-22T07:50:00Z,77416.3,77416.4,77391.4,77405.0,391.0
2026-05-22T07:55:00Z,77404.9,77404.9,77358.0,77362.9,1935.0
2026-05-22T08:00:00Z,77363.0,77429.4,77363.0,77400.0,1118.0
2026-05-22T08:05:00Z,77400.0,77400.0,77324.1,77363.1,4384.0
2026-05-22T08:10:00Z,77363.1,77418.5,77351.3,77376.2,1456.0
2026-05-22T08:15:00Z,77376.2,77497.0,77376.2,77467.6,2479.0
2026-05-22T08:20:00Z,77467.6,77501.7,77436.1,77466.7,617.0
2026-05-22T08:25:00Z,77466.7,77475.4,77410.0,77438.4,2742.0
2026-05-22T08:30:00Z,77459.5,77468.6,77317.5,77321.0,880.0
2026-05-22T08:35:00Z,77321.0,77330.6,77170.1,77275.8,34201.0
2026-05-22T08:40:00Z,77269.4,77290.0,77220.1,77289.9,2799.0
2026-05-22T08:45:00Z,77290.0,77319.9,77284.4,77291.3,41082.0
2026-05-22T08:50:00Z,77291.4,77330.0,77252.8,77297.1,5100.0
2026-05-22T08:55:00Z,77295.2,77306.9,77223.0,77233.2,3623.0
2026-05-22T09:00:00Z,77237.4,77263.7,77205.4,77263.7,5466.0
2026-05-22T09:05:00Z,77263.6,77263.6,77180.6,77200.4,9838.0
2026-05-22T09:10:00Z,77200.6,77219.1,77179.4,77179.4,1507.0
2026-05-22T09:15:00Z,77179.4,77246.2,77163.3,77213.1,11770.0
2026-05-22T09:20:00Z,77213.1,77273.1,77205.1,77272.0,6289.0
2026-05-22T09:25:00Z,77274.1,77279.6,77235.2,77235.2,5263.0
2026-05-22T09:30:00Z,77235.3,77243.1,77190.8,77203.7,5096.0
2026-05-22T09:35:00Z,77203.7,77245.5,77180.6,77241.6,3083.0
2026-05-22T09:40:00Z,77241.6,77293.6,77226.8,77285.6,2136.0
2026-05-22T09:45:00Z,77285.6,77289.0,77226.9,77273.8,1647.0
2026-05-22T09:50:00Z,77273.8,77323.8,77273.8,77305.9,3418.0
2026-05-22T09:55:00Z,77305.9,77315.4,77267.3,77268.2,1729.0
2026-05-22T10:00:00Z,77269.9,77302.1,77248.1,77248.1,28543.0
2026-05-22T10:05:00Z,77248.1,77311.0,77248.1,77300.2,765.0
2026-05-22T10:10:00Z,77306.0,77306.0,77274.6,77274.6,1699.0
2026-05-22T10:15:00Z,77274.5,77274.5,77222.4,77239.2,744.0
2026-05-22T10:20:00Z,77239.2,77296.0,77233.9,77296.0,456.0
2026-05-22T10:25:00Z,77296.0,77316.2,77296.0,77316.2,2008.0
2026-05-22T10:30:00Z,77316.2,77335.8,77293.2,77308.3,7032.0
2026-05-22T10:35:00Z,77308.3,77308.3,77265.6,77300.0,1459.0
2026-05-22T10:40:00Z,77299.9,77299.9,77290.2,77290.9,1204.0
2026-05-22T10:45:00Z,77290.9,77301.0,77273.8,77288.0,542.0
2026-05-22T10:50:00Z,77288.0,77288.0,77268.1,77273.2,2667.0
2026-05-22T10:55:00Z,77273.1,77282.0,77242.5,77282.0,2179.0
2026-05-22T11:00:00Z,77282.0,77329.4,77279.1,77296.3,1232.0
2026-05-22T11:05:00Z,77294.3,77295.1,77254.7,77277.7,1275.0
2026-05-22T11:10:00Z,77277.7,77281.6,77262.1,77267.3,3116.0
2026-05-22T11:15:00Z,77267.3,77267.3,77183.7,77183.8,4340.0
2026-05-22T11:20:00Z,77183.7,77216.4,77148.8,77214.4,9698.0
2026-05-22T11:25:00Z,77214.4,77307.7,77214.3,77279.8,1814.0
2026-05-22T11:30:00Z,77279.0,77302.2,77266.6,77275.8,5697.0
2026-05-22T11:35:00Z,77275.8,77317.5,77275.8,77311.4,3412.0
2026-05-22T11:40:00Z,77311.4,77314.6,77294.3,77314.6,5028.0
2026-05-22T11:45:00Z,77314.6,77387.5,77285.6,77371.2,11556.0
2026-05-22T11:50:00Z,77371.3,77397.4,77371.3,77373.3,4917.0
2026-05-22T11:55:00Z,77373.2,77394.8,77340.5,77394.8,1722.0
2026-05-22T12:00:00Z,77394.7,77413.4,77353.6,77406.3,2569.0
2026-05-22T12:05:00Z,77393.7,77416.4,77380.5,77407.2,1908.0
2026-05-22T12:10:00Z,77407.2,77512.9,77398.7,77483.6,21294.0
2026-05-22T12:15:00Z,77488.3,77537.2,77440.1,77503.0,20951.0
2026-05-22T12:20:00Z,77503.0,77520.9,77385.7,77432.4,2066.0
2026-05-22T12:25:00Z,77432.3,77446.0,77370.4,77392.9,5897.0
2026-05-22T12:30:00Z,77392.8,77423.2,77372.4,77423.2,2915.0
2026-05-22T12:35:00Z,77412.6,77422.2,77381.0,77414.5,21349.0
2026-05-22T12:40:00Z,77414.5,77421.1,77368.8,77394.6,1998.0
2026-05-22T12:45:00Z,77394.5,77440.5,77394.5,77440.4,872.0
2026-05-22T12:50:00Z,77440.4,77491.2,77437.7,77484.2,3633.0
2026-05-22T12:55:00Z,77481.5,77491.4,77418.2,77491.3,5730.0
2026-05-22T13:00:00Z,77491.3,77498.2,77428.4,77445.2,823.0
2026-05-22T13:05:00Z,77445.2,77498.1,77427.6,77498.1,1032.0
2026-05-22T13:10:00Z,77497.4,77509.6,77442.3,77445.4,4443.0
2026-05-22T13:15:00Z,77460.1,77495.0,77431.9,77435.1,9075.0
2026-05-22T13:20:00Z,77435.1,77445.5,77355.2,77364.6,10436.0
2026-05-22T13:25:00Z,77364.6,77364.6,77283.5,77283.5,3881.0
2026-05-22T13:30:00Z,77283.4,77340.0,77093.5,77161.2,52336.0
2026-05-22T13:35:00Z,77170.4,77266.7,77151.6,77201.7,10568.0
2026-05-22T13:40:00Z,77201.7,77307.7,77128.0,77143.4,10840.0
2026-05-22T13:45:00Z,77173.3,77269.5,77122.3,77184.9,5824.0
2026-05-22T13:50:00Z,77191.5,77224.9,77128.8,77208.0,7658.0
2026-05-22T13:55:00Z,77208.0,77249.1,77162.9,77249.1,3082.0
2026-05-22T14:00:00Z,77248.9,77248.9,77066.7,77098.2,5936.0
2026-05-22T14:05:00Z,77098.2,77112.6,76933.4,77060.1,76644.0
2026-05-22T14:10:00Z,77061.9,77100.0,77004.7,77032.8,10298.0
2026-05-22T14:15:00Z,77032.8,77075.6,76873.7,76901.1,25517.0
2026-05-22T14:20:00Z,76895.7,76930.0,76736.6,76782.9,43873.0
2026-05-22T14:25:00Z,76782.9,76868.7,76770.0,76823.5,32134.0
2026-05-22T14:30:00Z,76823.6,76824.4,76755.5,76794.9,17790.0
2026-05-22T14:35:00Z,76797.1,76797.1,76751.4,76773.7,23827.0
2026-05-22T14:40:00Z,76774.0,76791.8,76742.1,76788.4,12613.0
2026-05-22T14:45:00Z,76788.4,76797.1,76759.0,76774.3,10479.0
2026-05-22T14:50:00Z,76767.2,76787.1,76705.0,76752.8,9535.0
2026-05-22T14:55:00Z,76752.8,76797.1,76722.5,76746.2,24438.0
2026-05-22T15:00:00Z,76746.0,76797.1,76633.5,76795.6,53308.0
2026-05-22T15:05:00Z,76795.6,76922.0,76795.6,76843.6,93072.0
2026-05-22T15:10:00Z,76843.6,76851.5,76726.6,76732.4,7923.0
2026-05-22T15:15:00Z,76732.5,76825.1,76732.5,76809.5,6143.0
2026-05-22T15:20:00Z,76809.0,76815.8,76587.0,76590.8,80664.0
2026-05-22T15:25:00Z,76590.8,76880.0,76540.0,76880.0,35619.0
2026-05-22T15:30:00Z,76876.4,76990.1,76856.1,76886.9,67920.0
2026-05-22T15:35:00Z,76887.0,76900.0,76669.9,76676.8,25343.0
2026-05-22T15:40:00Z,76676.8,76685.8,76613.4,76685.8,21010.0
2026-05-22T15:45:00Z,76685.7,76725.0,76675.6,76687.1,12717.0
2026-05-22T15:50:00Z,76687.1,76767.4,76635.1,76759.1,5618.0
2026-05-22T15:55:00Z,76755.7,76791.4,76753.3,76756.5,9489.0
2026-05-22T16:00:00Z,76756.5,76865.7,76756.5,76834.6,12030.0
2026-05-22T16:05:00Z,76843.5,76849.9,76740.0,76773.9,19257.0
2026-05-22T16:10:00Z,76773.9,76855.2,76748.7,76843.9,6933.0
2026-05-22T16:15:00Z,76840.0,76843.0,76771.5,76798.4,9517.0
2026-05-22T16:20:00Z,76798.4,76914.6,76798.4,76825.1,5462.0
2026-05-22T16:25:00Z,76825.0,76901.6,76812.7,76901.6,11486.0
2026-05-22T16:30:00Z,76901.5,76935.0,76871.2,76871.2,3114.0
2026-05-22T16:35:00Z,76870.7,76914.0,76832.1,76867.8,4239.0
2026-05-22T16:40:00Z,76867.9,76900.0,76857.0,76859.1,2280.0
2026-05-22T16:45:00Z,76859.5,76926.0,76859.5,76917.4,10101.0
2026-05-22T16:50:00Z,76917.4,76966.1,76917.4,76944.1,4009.0
2026-05-22T16:55:00Z,76958.6,76962.8,76898.3,76903.7,5448.0
2026-05-22T17:00:00Z,76917.7,76959.9,76917.6,76955.0,2504.0
2026-05-22T17:05:00Z,76955.0,76972.7,76854.8,76910.0,4875.0
2026-05-22T17:10:00Z,76903.8,76937.5,76903.8,76930.4,1986.0
2026-05-22T17:15:00Z,76930.3,76978.4,76803.5,76803.5,8677.0
2026-05-22T17:20:00Z,76803.5,76847.7,76741.8,76773.0,11624.0
2026-05-22T17:25:00Z,76774.5,77030.1,76774.5,77024.1,21741.0
2026-05-22T17:30:00Z,77030.3,77062.9,76878.7,76940.8,11672.0
2026-05-22T17:35:00Z,76946.6,76981.6,76912.1,76967.5,1724.0
2026-05-22T17:40:00Z,76967.5,76987.6,76941.5,76941.5,1146.0
2026-05-22T17:45:00Z,76941.5,76941.5,76775.4,76775.4,13973.0
2026-05-22T17:50:00Z,76775.4,76779.2,76747.6,76762.4,10713.0
2026-05-22T17:55:00Z,76770.5,76770.5,76714.2,76714.4,30164.0
2026-05-22T18:00:00Z,76719.1,76760.1,76663.5,76703.5,22394.0
2026-05-22T18:05:00Z,76696.0,76735.6,76688.0,76716.9,4099.0
2026-05-22T18:10:00Z,76712.4,76780.0,76701.2,76780.0,2297.0
2026-05-22T18:15:00Z,76778.5,76850.0,76770.9,76837.2,5509.0
2026-05-22T18:20:00Z,76837.2,76867.0,76829.7,76845.0,41963.0
2026-05-22T18:25:00Z,76851.2,76861.1,76772.0,76772.0,2136.0
2026-05-22T18:30:00Z,76772.0,76776.4,76682.7,76719.3,9997.0
2026-05-22T18:35:00Z,76718.3,76718.3,76550.4,76678.2,81832.0
2026-05-22T18:40:00Z,76681.6,76682.7,76543.7,76548.4,11660.0
2026-05-22T18:45:00Z,76547.8,76547.9,76058.4,76304.0,206773.0
2026-05-22T18:50:00Z,76304.0,76535.1,76300.0,76524.0,131283.0
2026-05-22T18:55:00Z,76520.0,76554.3,76470.0,76497.3,17312.0
2026-05-22T19:00:00Z,76494.9,76551.8,76353.0,76367.7,27939.0
2026-05-22T19:05:00Z,76354.4,76366.3,76200.9,76200.9,19212.0
2026-05-22T19:10:00Z,76200.9,76268.6,76180.8,76211.2,10517.0
2026-05-22T19:15:00Z,76211.2,76332.6,76203.0,76324.3,21599.0
2026-05-22T19:20:00Z,76329.3,76380.7,76300.0,76338.1,6714.0
2026-05-22T19:25:00Z,76335.1,76362.2,76160.1,76227.0,10722.0
2026-05-22T19:30:00Z,76232.6,76248.8,75660.0,75825.6,248817.0
2026-05-22T19:35:00Z,75824.8,75912.1,75769.8,75782.8,69247.0
2026-05-22T19:40:00Z,75786.7,75794.4,75625.0,75782.4,34062.0
2026-05-22T19:45:00Z,75780.0,75843.5,75671.9,75698.3,48608.0
2026-05-22T19:50:00Z,75698.3,75860.2,75646.9,75834.0,19227.0
2026-05-22T19:55:00Z,75838.1,75904.3,75794.7,75817.3,13092.0
2026-05-22T20:00:00Z,75817.3,75923.0,75800.0,75851.8,46952.0
2026-05-22T20:05:00Z,75852.6,75966.6,75850.2,75960.7,111930.0
2026-05-22T20:10:00Z,75960.8,75980.5,75880.4,75880.4,89990.0
2026-05-22T20:15:00Z,75880.4,75944.4,75868.5,75891.2,10685.0
2026-05-22T20:20:00Z,75896.4,75932.1,75850.0,75898.0,4564.0
2026-05-22T20:25:00Z,75885.5,75947.6,75865.0,75932.4,3811.0
2026-05-22T20:30:00Z,75932.9,75932.9,75778.6,75909.3,7659.0
2026-05-22T20:35:00Z,75908.1,75926.0,75865.7,75900.5,5384.0
2026-05-22T20:40:00Z,75905.1,75919.0,75867.2,75896.1,1993.0
2026-05-22T20:45:00Z,75897.2,75959.1,75853.3,75952.1,7121.0
2026-05-22T20:50:00Z,75942.2,76042.6,75921.1,76023.7,12209.0
2026-05-22T20:55:00Z,76029.9,76029.9,75889.2,75950.1,44625.0
2026-05-22T21:00:00Z,75950.1,75991.3,75907.3,75969.1,16768.0
2026-05-22T21:05:00Z,75969.1,75990.0,75952.8,75974.7,4939.0
2026-05-22T21:10:00Z,75974.7,75986.1,75949.5,75950.5,2804.0
2026-05-22T21:15:00Z,75945.4,76000.0,75925.1,75999.9,29240.0
2026-05-22T21:20:00Z,76000.0,76000.0,75977.5,75979.2,22294.0
2026-05-22T21:25:00Z,75977.5,75995.8,75939.8,75995.7,6711.0
2026-05-22T21:30:00Z,75995.7,76055.2,75995.7,76000.7,53011.0
2026-05-22T21:35:00Z,76000.7,76033.2,75996.5,75996.5,1616.0
2026-05-22T21:40:00Z,75998.0,76008.9,75895.0,75944.7,11623.0
2026-05-22T21:45:00Z,75961.3,76029.7,75961.2,76009.9,2959.0
2026-05-22T21:50:00Z,76000.1,76027.7,75963.2,75999.9,1494.0
2026-05-22T21:55:00Z,75999.9,75999.9,75933.2,75944.7,39235.0
2026-05-22T22:00:00Z,75940.1,75949.8,75859.9,75868.0,5469.0
2026-05-22T22:05:00Z,75868.0,75887.5,75825.0,75875.0,7960.0
2026-05-22T22:10:00Z,75872.1,75881.0,75806.6,75869.0,2720.0
2026-05-22T22:15:00Z,75868.5,75871.9,75793.0,75793.0,8146.0
2026-05-22T22:20:00Z,75788.1,75788.1,75755.2,75768.5,6506.0
2026-05-22T22:25:00Z,75768.5,75768.6,75719.6,75758.0,9749.0
2026-05-22T22:30:00Z,75758.0,75840.8,75684.7,75701.8,23625.0
2026-05-22T22:35:00Z,75701.8,75725.6,75676.4,75687.2,12754.0
2026-05-22T22:40:00Z,75694.0,75694.1,75510.0,75618.3,57344.0
2026-05-22T22:45:00Z,75615.9,75725.0,75600.0,75723.5,13020.0
2026-05-22T22:50:00Z,75725.0,75725.8,75694.7,75700.5,8023.0
2026-05-22T22:55:00Z,75700.6,75718.7,75690.0,75704.0,4929.0
2026-05-22T23:00:00Z,75704.5,75786.4,75704.5,75769.7,30222.0
2026-05-22T23:05:00Z,75769.7,75817.1,75766.2,75811.1,15138.0
2026-05-22T23:10:00Z,75811.5,75842.1,75801.0,75816.4,5220.0
2026-05-22T23:15:00Z,75821.7,75826.7,75707.5,75721.8,2949.0
2026-05-22T23:20:00Z,75721.9,75746.9,75704.0,75746.9,1885.0
2026-05-22T23:25:00Z,75747.5,75747.5,75650.0,75650.8,32302.0
2026-05-22T23:30:00Z,75650.0,75686.7,75617.1,75686.7,14266.0
2026-05-22T23:35:00Z,75685.0,75739.7,75672.1,75733.6,1668.0
2026-05-22T23:40:00Z,75730.1,75783.8,75718.0,75762.6,136413.0
2026-05-22T23:45:00Z,75762.4,75762.4,75322.0,75463.4,123626.0
2026-05-22T23:50:00Z,75459.9,75555.7,75459.6,75533.5,9266.0
2026-05-22T23:55:00Z,75533.6,75562.9,75507.6,75507.6,18479.0
2026-05-23T00:00:00Z,75512.0,75603.6,75470.1,75548.5,9376.0
2026-05-23T00:05:00Z,75558.9,75594.3,75488.2,75568.8,5333.0
2026-05-23T00:10:00Z,75567.1,75567.3,75393.1,75425.0,39343.0
2026-05-23T00:15:00Z,75425.0,75495.8,75376.5,75410.8,9594.0
2026-05-23T00:20:00Z,75410.6,75449.6,75389.4,75447.4,6119.0
2026-05-23T00:25:00Z,75468.9,75478.2,75383.8,75450.0,7365.0
2026-05-23T00:30:00Z,75464.1,75464.1,75253.7,75382.4,36722.0
2026-05-23T00:35:00Z,75386.1,75393.7,75220.0,75268.5,58267.0
2026-05-23T00:40:00Z,75267.5,75290.5,75177.7,75266.2,38405.0
2026-05-23T00:45:00Z,75253.4,75327.1,75253.4,75323.2,8564.0
2026-05-23T00:50:00Z,75327.1,75389.9,75312.4,75342.2,9200.0
2026-05-23T00:55:00Z,75340.0,75378.4,75329.3,75329.3,20615.0
2026-05-23T01:00:00Z,75335.9,75460.0,75335.9,75448.3,8931.0
2026-05-23T01:05:00Z,75435.1,75473.0,75419.1,75473.0,20796.0
2026-05-23T01:10:00Z,75474.9,75474.9,75355.4,75372.8,15295.0
2026-05-23T01:15:00Z,75382.4,75439.2,75336.5,75439.2,7741.0
2026-05-23T01:20:00Z,75439.2,75459.4,75421.6,75421.7,9845.0
2026-05-23T01:25:00Z,75421.7,75439.7,75403.6,75438.0,3026.0
2026-05-23T01:30:00Z,75438.0,75457.3,75422.5,75426.0,9165.0
2026-05-23T01:35:00Z,75433.9,75474.9,75420.8,75447.6,12027.0
2026-05-23T01:40:00Z,75447.5,75447.6,75377.2,75421.7,2094.0
2026-05-23T01:45:00Z,75425.9,75425.9,75316.4,75396.8,5244.0
2026-05-23T01:50:00Z,75396.8,75457.9,75381.0,75457.9,448.0
2026-05-23T01:55:00Z,75457.9,75459.9,75433.1,75447.1,1077.0
2026-05-23T02:00:00Z,75459.8,75487.5,75392.9,75392.9,4648.0
2026-05-23T02:05:00Z,75387.9,75472.4,75387.9,75452.5,808.0
2026-05-23T02:10:00Z,75447.2,75522.3,75431.4,75436.6,13283.0
2026-05-23T02:15:00Z,75442.4,75514.2,75442.3,75472.0,5071.0
2026-05-23T02:20:00Z,75472.0,75480.6,75445.2,75474.6,1322.0
2026-05-23T02:25:00Z,75474.6,75485.3,75448.1,75448.1,32686.0
2026-05-23T02:30:00Z,75448.1,75467.7,75432.2,75444.7,891.0
2026-05-23T02:35:00Z,75444.7,75479.4,75438.9,75460.5,977.0
2026-05-23T02:40:00Z,75455.7,75492.3,75436.1,75460.7,1094.0
2026-05-23T02:45:00Z,75460.7,75507.4,75460.7,75507.4,1741.0
2026-05-23T02:50:00Z,75507.4,75530.1,75501.3,75526.3,3154.0
2026-05-23T02:55:00Z,75526.4,75558.1,75510.0,75542.9,6271.0
2026-05-23T03:00:00Z,75536.7,75570.7,75536.6,75570.7,2475.0
2026-05-23T03:05:00Z,75570.7,75576.6,75552.1,75568.4,4160.0
2026-05-23T03:10:00Z,75568.4,75579.8,75552.0,75579.8,564.0
2026-05-23T03:15:00Z,75579.8,75579.9,75550.0,75576.9,3090.0
2026-05-23T03:20:00Z,75576.8,75580.0,75560.7,75578.4,6369.0
2026-05-23T03:25:00Z,75566.4,75577.9,75557.7,75570.1,1301.0
2026-05-23T03:30:00Z,75570.0,75616.6,75570.0,75606.7,3966.0
2026-05-23T03:35:00Z,75606.2,75620.8,75603.6,75620.8,2789.0
2026-05-23T03:40:00Z,75625.0,75627.6,75615.0,75621.2,2322.0
2026-05-23T03:45:00Z,75621.2,75621.3,75596.7,75612.9,11796.0
2026-05-23T03:50:00Z,75612.9,75644.6,75606.8,75624.0,50796.0
2026-05-23T03:55:00Z,75624.0,75624.0,75587.8,75599.1,1125.0
2026-05-23T04:00:00Z,75598.1,75601.0,75584.5,75601.0,2014.0
2026-05-23T04:05:00Z,75601.0,75605.8,75593.9,75594.0,5790.0
2026-05-23T04:10:00Z,75596.5,75606.8,75596.5,75597.4,11818.0
2026-05-23T04:15:00Z,75597.4,75597.4,75540.1,75543.1,6141.0
2026-05-23T04:20:00Z,75543.2,75546.9,75534.6,75546.9,3503.0
2026-05-23T04:25:00Z,75546.9,75553.1,75520.0,75553.1,3147.0
2026-05-23T04:30:00Z,75558.3,75617.1,75558.3,75600.0,470.0
2026-05-23T04:35:00Z,75586.1,75586.1,75488.4,75492.4,3176.0
2026-05-23T04:40:00Z,75488.8,75492.8,75477.7,75477.7,1382.0
2026-05-23T04:45:00Z,75477.7,75484.9,75475.3,75484.9,2122.0
2026-05-23T04:50:00Z,75484.9,75504.0,75482.0,75482.0,1600.0
2026-05-23T04:55:00Z,75489.9,75506.0,75480.9,75505.9,1361.0
2026-05-23T05:00:00Z,75505.9,75508.9,75475.0,75508.9,1276.0
2026-05-23T05:05:00Z,75503.4,75527.9,75487.1,75518.3,881.0
2026-05-23T05:10:00Z,75510.6,75510.6,75481.5,75486.3,1229.0
2026-05-23T05:15:00Z,75486.3,75515.0,75486.2,75488.6,1587.0
2026-05-23T05:20:00Z,75488.6,75488.6,75442.2,75452.7,2454.0
2026-05-23T05:25:00Z,75452.7,75493.4,75450.0,75450.0,2285.0
2026-05-23T05:30:00Z,75450.0,75471.1,75442.4,75442.4,358.0
2026-05-23T05:35:00Z,75442.4,75470.6,75442.3,75460.0,1205.0
2026-05-23T05:40:00Z,75460.0,75483.2,75460.0,75483.2,799.0
2026-05-23T05:45:00Z,75483.2,75487.4,75459.9,75460.2,761.0
2026-05-23T05:50:00Z,75460.2,75460.2,75435.1,75436.2,3274.0
2026-05-23T05:55:00Z,75438.7,75449.0,75435.0,75449.0,399753.0
2026-05-23T06:00:00Z,75448.0,75463.5,75433.0,75433.0,74674.0
2026-05-23T06:05:00Z,75433.0,75456.8,75433.0,75456.8,32216.0
2026-05-23T06:10:00Z,75456.8,75456.8,75430.1,75430.1,61017.0
2026-05-23T06:15:00Z,75430.1,75455.2,75429.3,75447.2,2489.0
2026-05-23T06:20:00Z,75447.2,75451.8,75444.0,75444.1,619.0
2026-05-23T06:25:00Z,75444.0,75444.0,75420.0,75420.0,1986.0
2026-05-23T06:30:00Z,75419.9,75454.4,75419.8,75425.5,3389.0
2026-05-23T06:35:00Z,75425.5,75437.4,75385.0,75402.3,43766.0
2026-05-23T06:40:00Z,75402.3,75420.8,75402.2,75414.3,3683.0
2026-05-23T06:45:00Z,75414.3,75418.7,75356.2,75361.7,70750.0
2026-05-23T06:50:00Z,75361.7,75376.5,75352.1,75374.2,1753.0
2026-05-23T06:55:00Z,75365.5,75388.8,75352.2,75361.3,1517.0
2026-05-23T07:00:00Z,75361.4,75407.4,75323.3,75329.8,4481.0
2026-05-23T07:05:00Z,75329.8,75329.8,75220.0,75309.3,23080.0
2026-05-23T07:10:00Z,75310.1,75331.1,75297.5,75320.1,5390.0
2026-05-23T07:15:00Z,75316.1,75316.2,75265.1,75272.7,35453.0
2026-05-23T07:20:00Z,75273.2,75273.2,75225.0,75238.9,341560.0
2026-05-23T07:25:00Z,75238.9,75249.9,75178.0,75249.9,9259.0
2026-05-23T07:30:00Z,75249.9,75249.9,75112.2,75216.2,181817.0
2026-05-23T07:35:00Z,75216.4,75310.9,75216.2,75306.4,8843.0
2026-05-23T07:40:00Z,75306.4,75306.4,75214.8,75251.5,21865.0
2026-05-23T07:45:00Z,75250.0,75250.0,74929.0,74992.9,61288.0
2026-05-23T07:50:00Z,74990.0,74993.5,74216.4,74490.3,215461.0
2026-05-23T07:55:00Z,74478.9,74587.9,74463.7,74573.1,27625.0
2026-05-23T08:00:00Z,74573.2,74634.9,74539.3,74570.1,664199.0
2026-05-23T08:05:00Z,74565.2,74581.0,74461.0,74556.5,155499.0
2026-05-23T08:10:00Z,74556.1,74674.2,74532.2,74625.2,10481.0
2026-05-23T08:15:00Z,74625.2,74712.3,74625.2,74650.1,20731.0
2026-05-23T08:20:00Z,74650.1,74710.4,74565.7,74710.4,9233.0
2026-05-23T08:25:00Z,74711.6,74713.8,74580.0,74580.0,28086.0
2026-05-23T08:30:00Z,74580.3,74591.0,74475.0,74513.8,15212.0
2026-05-23T08:35:00Z,74513.9,74513.9,74326.6,74326.6,24069.0
2026-05-23T08:40:00Z,74326.7,74426.3,74312.1,74426.2,31472.0
2026-05-23T08:45:00Z,74426.3,74604.4,74400.0,74585.9,20285.0
2026-05-23T08:50:00Z,74585.9,74651.7,74585.8,74650.2,9335.0
2026-05-23T08:55:00Z,74650.2,74659.0,74636.1,74655.0,14936.0
2026-05-23T09:00:00Z,74652.0,74660.0,74618.9,74645.7,3286.0
2026-05-23T09:05:00Z,74642.8,74642.8,74604.2,74604.2,7197.0
2026-05-23T09:10:00Z,74604.3,74656.0,74604.3,74628.3,1966.0
2026-05-23T09:15:00Z,74632.3,74661.1,74632.3,74644.6,2331.0
2026-05-23T09:20:00Z,74644.4,74657.4,74629.4,74652.0,3192.0
2026-05-23T09:25:00Z,74652.0,74669.6,74651.9,74664.9,4542.0
2026-05-23T09:30:00Z,74660.0,74702.0,74660.0,74694.7,3364.0
2026-05-23T09:35:00Z,74695.6,74695.6,74633.9,74652.7,2148.0
2026-05-23T09:40:00Z,74652.8,74719.9,74652.8,74709.9,2566.0
2026-05-23T09:45:00Z,74708.9,74719.0,74700.0,74716.5,1372.0
2026-05-23T09:50:00Z,74710.5,74726.3,74700.0,74700.0,2665.0
2026-05-23T09:55:00Z,74700.0,74700.1,74626.3,74630.2,6512.0
2026-05-23T10:00:00Z,74635.9,74658.7,74635.9,74644.1,5069.0
2026-05-23T10:05:00Z,74644.2,74679.4,74641.7,74671.8,963.0
2026-05-23T10:10:00Z,74671.8,74720.0,74670.1,74719.1,5080.0
2026-05-23T10:15:00Z,74719.9,74730.0,74707.4,74723.0,1835.0
2026-05-23T10:20:00Z,74723.0,74723.0,74700.0,74703.1,1801.0
2026-05-23T10:25:00Z,74703.1,74717.3,74688.1,74717.3,2501.0
2026-05-23T10:30:00Z,74708.2,74759.5,74706.4,74759.5,3618.0
2026-05-23T10:35:00Z,74759.4,74759.4,74716.9,74742.4,1295.0
2026-05-23T10:40:00Z,74747.0,74747.0,74718.4,74741.8,1324.0
2026-05-23T10:45:00Z,74740.0,74756.7,74691.7,74692.0,2625.0
2026-05-23T10:50:00Z,74691.8,74697.6,74689.5,74697.6,906.0
2026-05-23T10:55:00Z,74697.6,74706.8,74680.6,74687.9,1993.0
2026-05-23T11:00:00Z,74683.3,74715.9,74682.2,74711.3,10719.0
2026-05-23T11:05:00Z,74711.4,74759.1,74711.3,74759.0,6871.0
2026-05-23T11:10:00Z,74759.0,74788.1,74759.0,74766.1,2655.0
2026-05-23T11:15:00Z,74773.9,74794.2,74773.9,74790.3,5012.0
2026-05-23T11:20:00Z,74790.2,74839.2,74790.2,74803.7,5993.0
2026-05-23T11:25:00Z,74803.7,74838.0,74803.7,74820.9,5019.0
2026-05-23T11:30:00Z,74820.9,74820.9,74794.3,74795.0,1184.0
2026-05-23T11:35:00Z,74795.0,74800.0,74758.7,74758.7,1862.0
2026-05-23T11:40:00Z,74758.7,74785.1,74758.7,74766.6,1146.0
2026-05-23T11:45:00Z,74762.7,74765.6,74759.4,74765.5,2219.0
2026-05-23T11:50:00Z,74768.6,74768.8,74761.9,74762.0,453.0
2026-05-23T11:55:00Z,74762.0,74800.1,74762.0,74773.5,1099.0
2026-05-23T12:00:00Z,74760.3,74766.9,74719.2,74732.0,2595.0
2026-05-23T12:05:00Z,74732.0,74743.2,74726.8,74729.8,3130.0
2026-05-23T12:10:00Z,74729.8,74729.8,74666.2,74687.8,8598.0
2026-05-23T12:15:00Z,74694.6,74724.1,74673.8,74673.8,12928.0
2026-05-23T12:20:00Z,74662.4,74671.9,74630.6,74666.0,3696.0
2026-05-23T12:25:00Z,74666.0,74709.8,74666.0,74700.0,5578.0
2026-05-23T12:30:00Z,74700.0,74729.8,74699.9,74710.4,9381.0
2026-05-23T12:35:00Z,74710.4,74737.9,74710.3,74737.1,3286.0
2026-05-23T12:40:00Z,74743.6,74743.6,74701.3,74701.6,2383.0
2026-05-23T12:45:00Z,74701.6,74709.8,74692.3,74702.4,2068.0
2026-05-23T12:50:00Z,74704.9,74709.8,74693.4,74702.2,1490.0
2026-05-23T12:55:00Z,74702.3,74726.0,74687.7,74726.0,1995.0
2026-05-23T13:00:00Z,74726.0,74930.0,74725.0,74916.1,14380.0
2026-05-23T13:05:00Z,74915.2,74961.4,74867.7,74919.0,11553.0
2026-05-23T13:10:00Z,74919.0,74919.0,74887.9,74898.5,4760.0
2026-05-23T13:15:00Z,74898.5,74994.7,74898.5,74910.2,17281.0
2026-05-23T13:20:00Z,74910.2,75001.9,74910.2,74960.3,29107.0
2026-05-23T13:25:00Z,74960.3,74966.1,74937.1,74960.1,9385.0
2026-05-23T13:30:00Z,74965.1,75007.5,74878.3,74915.6,3536.0
2026-05-23T13:35:00Z,74902.4,74932.8,74850.0,74896.4,5220.0
2026-05-23T13:40:00Z,74896.4,74918.4,74864.4,74908.6,45197.0
2026-05-23T13:45:00Z,74908.6,75124.4,74908.6,75108.5,15507.0
2026-05-23T13:50:00Z,75108.4,75226.1,75031.3,75206.2,48963.0
2026-05-23T13:55:00Z,75204.9,75218.6,75154.5,75170.0,187044.0
2026-05-23T14:00:00Z,75185.0,75190.0,75085.4,75099.9,9803.0
2026-05-23T14:05:00Z,75099.9,75216.3,75071.6,75171.1,12208.0
2026-05-23T14:10:00Z,75175.1,75211.1,75175.1,75180.0,75858.0
2026-05-23T14:15:00Z,75180.2,75210.0,75160.0,75184.1,3651.0
2026-05-23T14:20:00Z,75184.1,75317.9,75184.1,75268.1,22742.0
2026-05-23T14:25:00Z,75268.1,75300.0,75230.5,75294.2,4016.0
2026-05-23T14:30:00Z,75294.8,75349.8,75257.9,75335.9,29443.0
2026-05-23T14:35:00Z,75343.6,75434.3,75329.6,75379.9,24838.0
2026-05-23T14:40:00Z,75377.6,75439.9,75357.9,75438.5,58934.0
2026-05-23T14:45:00Z,75437.5,75476.0,75364.6,75383.9,24200.0
2026-05-23T14:50:00Z,75383.7,75424.3,75380.0,75409.6,9268.0
2026-05-23T14:55:00Z,75405.0,75670.4,75405.0,75500.5,36525.0
2026-05-23T15:00:00Z,75503.1,75511.1,75445.6,75468.4,16947.0
2026-05-23T15:05:00Z,75468.3,75589.3,75468.3,75570.0,13833.0
2026-05-23T15:10:00Z,75566.6,75616.1,75563.2,75601.8,18980.0
2026-05-23T15:15:00Z,75600.0,75640.0,75550.0,75639.8,10446.0
2026-05-23T15:20:00Z,75639.6,75639.6,75567.1,75604.0,15327.0
2026-05-23T15:25:00Z,75590.8,75595.7,75484.8,75498.7,10508.0
2026-05-23T15:30:00Z,75498.7,75506.8,75406.0,75422.1,6931.0
2026-05-23T15:35:00Z,75422.0,75422.2,75368.5,75409.2,6322.0
2026-05-23T15:40:00Z,75408.9,75492.7,75408.9,75468.7,4202.0
2026-05-23T15:45:00Z,75468.7,75511.1,75455.2,75456.7,7975.0
2026-05-23T15:50:00Z,75453.6,75495.8,75439.9,75461.3,4515.0
2026-05-23T15:55:00Z,75462.1,75486.9,75461.0,75486.9,2689.0
2026-05-23T16:00:00Z,75490.0,75606.6,75490.0,75568.1,9491.0
2026-05-23T16:05:00Z,75568.2,75574.7,75486.3,75496.4,1650.0
2026-05-23T16:10:00Z,75496.4,75537.6,75496.4,75506.3,20851.0
2026-05-23T16:15:00Z,75503.5,75518.7,75455.9,75493.9,7936.0
2026-05-23T16:20:00Z,75486.5,75488.2,75380.5,75385.0,6226.0
2026-05-23T16:25:00Z,75385.0,75443.9,75380.1,75443.9,5964.0
2026-05-23T16:30:00Z,75443.8,75466.6,75439.4,75439.4,3780.0
2026-05-23T16:35:00Z,75444.4,75533.9,75444.4,75514.3,5287.0
2026-05-23T16:40:00Z,75515.1,75515.5,75480.4,75480.4,71334.0
2026-05-23T16:45:00Z,75467.6,75482.3,75438.9,75469.7,17050.0
2026-05-23T16:50:00Z,75456.7,75513.8,75444.7,75444.7,4529.0
2026-05-23T16:55:00Z,75418.4,75448.6,75400.0,75405.2,3684.0
2026-05-23T17:00:00Z,75412.4,75488.6,75400.0,75400.1,2537.0
2026-05-23T17:05:00Z,75403.3,75456.6,75403.3,75456.5,2518.0
2026-05-23T17:10:00Z,75456.6,75456.6,75396.9,75425.0,1672.0
2026-05-23T17:15:00Z,75425.0,75475.4,75415.0,75427.5,1726.0
2026-05-23T17:20:00Z,75427.5,75427.6,75380.7,75409.0,4428.0
2026-05-23T17:25:00Z,75409.0,75450.0,75382.8,75442.7,7075.0
2026-05-23T17:30:00Z,75442.6,75478.0,75442.6,75446.7,2617.0
2026-05-23T17:35:00Z,75437.7,75441.1,75379.8,75422.3,4992.0
2026-05-23T17:40:00Z,75427.3,75427.3,75380.0,75393.0,4226.0
2026-05-23T17:45:00Z,75393.0,75399.9,75333.3,75398.3,6419.0
2026-05-23T17:50:00Z,75398.3,75460.0,75398.2,75459.9,1970.0
2026-05-23T17:55:00Z,75459.9,75481.8,75450.0,75457.0,11411.0
2026-05-23T18:00:00Z,75464.1,75479.9,75429.5,75475.6,4185.0
2026-05-23T18:05:00Z,75475.6,75544.9,75475.6,75523.3,6529.0
2026-05-23T18:10:00Z,75533.6,75777.0,75533.6,75659.7,29328.0
2026-05-23T18:15:00Z,75660.5,75770.8,75621.1,75766.3,20566.0
2026-05-23T18:20:00Z,75766.2,75894.4,75751.0,75779.0,88454.0
2026-05-23T18:25:00Z,75778.9,75813.6,75711.2,75792.6,9360.0
2026-05-23T18:30:00Z,75797.4,75981.8,75797.4,75838.5,33256.0
2026-05-23T18:35:00Z,75852.1,75887.3,75777.9,75814.0,14210.0
2026-05-23T18:40:00Z,75816.3,75882.3,75807.0,75849.2,4453.0
2026-05-23T18:45:00Z,75859.9,75860.0,75723.3,75745.2,9367.0
2026-05-23T18:50:00Z,75747.1,75831.6,75747.1,75820.6,6833.0
2026-05-23T18:55:00Z,75822.4,75851.6,75803.1,75812.3,5678.0
2026-05-23T19:00:00Z,75812.7,75843.6,75750.4,75779.9,12862.0
2026-05-23T19:05:00Z,75780.0,75795.5,75737.8,75781.5,6745.0
2026-05-23T19:10:00Z,75764.7,75801.6,75755.6,75766.0,13563.0
2026-05-23T19:15:00Z,75766.0,76000.0,75766.0,75918.0,19665.0
2026-05-23T19:20:00Z,75919.9,75950.5,75860.3,75870.7,4450.0
2026-05-23T19:25:00Z,75870.6,75930.2,75870.6,75930.2,6405.0
2026-05-23T19:30:00Z,75930.7,75948.5,75865.9,75883.2,2051.0
2026-05-23T19:35:00Z,75883.2,75904.7,75846.1,75886.7,4187.0
2026-05-23T19:40:00Z,75886.7,75897.5,75858.3,75897.0,2533.0
2026-05-23T19:45:00Z,75900.0,75923.1,75862.7,75923.1,8359.0
2026-05-23T19:50:00Z,75923.1,75923.1,75877.8,75889.2,47583.0
2026-05-23T19:55:00Z,75889.2,75977.0,75879.2,75949.4,7122.0
2026-05-23T20:00:00Z,75948.8,75973.9,75940.3,75940.7,14845.0
2026-05-23T20:05:00Z,75946.2,75946.2,75919.1,75934.6,5316.0
2026-05-23T20:10:00Z,75945.9,76130.4,75945.9,76056.8,48042.0
2026-05-23T20:15:00Z,76067.5,76165.9,76027.3,76108.9,42171.0
2026-05-23T20:20:00Z,76108.8,76128.0,75995.7,76000.0,61578.0
2026-05-23T20:25:00Z,76000.0,76018.2,75959.6,75959.6,11399.0
2026-05-23T20:30:00Z,75959.7,76338.5,75922.9,76266.3,32769.0
2026-05-23T20:35:00Z,76262.6,76817.6,76251.2,76711.8,244622.0
2026-05-23T20:40:00Z,76742.4,76920.4,76705.0,76787.9,97950.0
2026-05-23T20:45:00Z,76807.1,76869.0,76685.9,76804.9,294378.0
2026-05-23T20:50:00Z,76805.6,76856.5,76669.7,76856.5,153547.0
2026-05-23T20:55:00Z,76859.7,77273.3,76859.7,77247.9,465448.0
2026-05-23T21:00:00Z,77261.4,77375.2,76852.8,76986.1,94461.0
2026-05-23T21:05:00Z,76985.8,77123.7,76905.2,77039.9,24338.0
2026-05-23T21:10:00Z,77040.0,77116.6,76933.2,76939.5,12411.0
2026-05-23T21:15:00Z,76939.6,76984.4,76813.7,76925.3,31383.0
2026-05-23T21:20:00Z,76939.1,77075.2,76939.1,76948.0,9980.0
2026-05-23T21:25:00Z,76947.4,76947.4,76727.3,76727.3,17590.0
2026-05-23T21:30:00Z,76726.8,76818.1,76505.7,76805.8,115704.0
2026-05-23T21:35:00Z,76802.3,76897.4,76664.1,76678.8,110488.0
2026-05-23T21:40:00Z,76665.4,76679.6,76524.2,76671.1,24874.0
2026-05-23T21:45:00Z,76671.3,76717.6,76531.3,76588.0,10530.0
2026-05-23T21:50:00Z,76599.8,76733.3,76599.8,76712.0,8175.0
2026-05-23T21:55:00Z,76714.9,76792.3,76712.7,76769.9,6855.0
2026-05-23T22:00:00Z,76769.9,76867.1,76769.9,76847.4,68928.0
2026-05-23T22:05:00Z,76835.0,76835.0,76712.2,76715.8,12663.0
2026-05-23T22:10:00Z,76712.2,76712.2,76622.9,76623.0,5637.0
2026-05-23T22:15:00Z,76625.7,76668.0,76611.4,76668.0,1426.0
2026-05-23T22:20:00Z,76673.8,76673.8,76540.1,76540.1,18242.0
2026-05-23T22:25:00Z,76549.9,76592.0,76502.9,76514.3,11955.0
2026-05-23T22:30:00Z,76518.0,76560.9,76423.2,76536.0,31218.0
2026-05-23T22:35:00Z,76513.6,76513.6,76371.0,76414.3,9522.0
2026-05-23T22:40:00Z,76418.4,76532.7,76418.4,76512.4,57164.0
2026-05-23T22:45:00Z,76523.8,76564.5,76464.2,76550.7,6693.0
2026-05-23T22:50:00Z,76550.7,76561.8,76528.0,76559.9,3545.0
2026-05-23T22:55:00Z,76559.9,76575.9,76541.1,76553.0,1993.0
2026-05-23T23:00:00Z,76541.1,76568.1,76501.1,76562.8,5055.0
2026-05-23T23:05:00Z,76562.8,76757.5,76562.8,76695.6,20982.0
2026-05-23T23:10:00Z,76693.2,76722.8,76640.5,76647.7,8764.0
2026-05-23T23:15:00Z,76647.7,76731.9,76647.7,76676.9,3987.0
2026-05-23T23:20:00Z,76697.2,76700.8,76582.4,76586.7,10665.0
2026-05-23T23:25:00Z,76586.7,76609.3,76557.0,76609.2,35172.0
2026-05-23T23:30:00Z,76609.3,76727.3,76609.3,76700.0,3186.0
2026-05-23T23:35:00Z,76694.1,76720.0,76649.0,76694.8,1281.0
2026-05-23T23:40:00Z,76682.3,76712.4,76657.1,76678.3,1740.0
2026-05-23T23:45:00Z,76678.3,76709.0,76630.0,76700.0,12897.0
2026-05-23T23:50:00Z,76694.2,76736.8,76660.0,76716.1,12006.0
2026-05-23T23:55:00Z,76716.1,76799.0,76716.1,76718.7,3585.0
2026-05-24T00:00:00Z,76718.7,76757.6,76665.0,76670.1,7824.0
2026-05-24T00:05:00Z,76677.0,76677.0,76630.0,76630.0,3303.0
2026-05-24T00:10:00Z,76630.0,76665.0,76623.0,76658.0,3478.0
2026-05-24T00:15:00Z,76658.0,76700.0,76652.1,76664.0,4197.0
2026-05-24T00:20:00Z,76673.7,76694.4,76599.9,76599.9,2921.0
2026-05-24T00:25:00Z,76614.0,76665.6,76607.2,76663.8,30725.0
2026-05-24T00:30:00Z,76655.2,76759.5,76655.2,76711.0,12415.0
2026-05-24T00:35:00Z,76710.7,76761.7,76700.4,76752.5,4736.0
2026-05-24T00:40:00Z,76752.5,76796.5,76714.8,76714.8,2234.0
2026-05-24T00:45:00Z,76712.0,76907.2,76707.5,76835.1,8377.0
2026-05-24T00:50:00Z,76842.5,76842.5,76775.4,76800.1,2970.0
2026-05-24T00:55:00Z,76800.1,76834.3,76787.4,76805.7,3830.0
2026-05-24T01:00:00Z,76812.6,76857.5,76804.1,76812.9,1759.0
2026-05-24T01:05:00Z,76812.9,76813.0,76724.8,76759.6,5315.0
2026-05-24T01:10:00Z,76756.2,76795.0,76739.8,76759.1,1864.0
2026-05-24T01:15:00Z,76759.2,76774.6,76753.3,76769.6,1240.0
2026-05-24T01:20:00Z,76770.4,76886.3,76770.4,76873.0,16562.0
2026-05-24T01:25:00Z,76873.1,76873.3,76836.4,76870.3,2698.0
2026-05-24T01:30:00Z,76870.3,76889.6,76835.5,76887.5,612.0
2026-05-24T01:35:00Z,76887.5,76887.5,76855.8,76874.4,3801.0
2026-05-24T01:40:00Z,76874.3,76874.3,76784.6,76796.8,5461.0
2026-05-24T01:45:00Z,76794.2,76841.2,76761.5,76841.2,859.0
2026-05-24T01:50:00Z,76849.9,76860.5,76835.5,76836.9,3241.0
2026-05-24T01:55:00Z,76839.9,76865.4,76820.7,76865.4,3362.0
2026-05-24T02:00:00Z,76865.2,76886.7,76865.2,76865.8,1918.0
2026-05-24T02:05:00Z,76865.8,76866.3,76816.7,76865.2,1709.0
2026-05-24T02:10:00Z,76865.2,76888.0,76865.1,76887.9,1812.0
2026-05-24T02:15:00Z,76887.9,76887.9,76876.1,76886.0,1319.0
2026-05-24T02:20:00Z,76889.9,76930.9,76705.7,76705.7,8894.0
2026-05-24T02:25:00Z,76705.7,76729.3,76661.3,76718.5,5374.0
2026-05-24T02:30:00Z,76718.5,76790.9,76718.5,76775.5,2303.0
2026-05-24T02:35:00Z,76772.0,76802.7,76745.1,76781.6,2843.0
2026-05-24T02:40:00Z,76781.6,76816.8,76770.4,76800.0,1014.0
2026-05-24T02:45:00Z,76800.0,76818.1,76790.1,76794.1,1653.0
2026-05-24T02:50:00Z,76790.9,76824.2,76781.0,76809.5,3417.0
2026-05-24T02:55:00Z,76809.5,76818.1,76790.1,76790.1,465.0
2026-05-24T03:00:00Z,76791.5,76929.3,76764.8,76929.3,7187.0
2026-05-24T03:05:00Z,76928.2,76934.9,76919.1,76932.9,4672.0
2026-05-24T03:10:00Z,76932.9,76983.1,76883.3,76890.7,6157.0
2026-05-24T03:15:00Z,76882.1,76882.1,76835.9,76843.9,8001.0
2026-05-24T03:20:00Z,76844.7,76884.5,76843.0,76869.8,1205.0
2026-05-24T03:25:00Z,76884.7,76894.4,76873.1,76877.3,1198.0
2026-05-24T03:30:00Z,76877.3,76877.4,76836.6,76836.6,759.0
2026-05-24T03:35:00Z,76841.4,76841.5,76760.1,76772.4,3628.0
2026-05-24T03:40:00Z,76772.4,76788.3,76700.0,76724.3,3951.0
2026-05-24T03:45:00Z,76724.3,76765.4,76724.2,76765.3,1550.0
2026-05-24T03:50:00Z,76761.4,76775.2,76730.4,76759.9,3403.0
2026-05-24T03:55:00Z,76762.5,76767.6,76667.4,76682.2,3628.0
2026-05-24T04:00:00Z,76704.8,76823.9,76704.8,76802.4,4206.0
2026-05-24T04:05:00Z,76802.4,76802.4,76736.0,76754.4,1163.0
2026-05-24T04:10:00Z,76754.4,76806.4,76750.3,76806.4,833.0
2026-05-24T04:15:00Z,76806.5,76812.6,76784.5,76787.8,1222.0
2026-05-24T04:20:00Z,76787.8,76792.0,76750.3,76750.3,687.0
2026-05-24T04:25:00Z,76750.3,76754.0,76724.0,76726.0,1336.0
2026-05-24T04:30:00Z,76726.1,76739.9,76700.0,76716.1,2951.0
2026-05-24T04:35:00Z,76720.1,76728.9,76694.7,76703.8,1221.0
2026-05-24T04:40:00Z,76703.8,76750.0,76703.8,76746.2,2880.0
2026-05-24T04:45:00Z,76746.1,76750.0,76694.5,76750.0,944.0
2026-05-24T04:50:00Z,76750.0,76776.7,76749.9,76767.0,2178.0
2026-05-24T04:55:00Z,76750.0,76783.7,76750.0,76750.1,280.0
2026-05-24T05:00:00Z,76750.0,76750.0,76730.3,76744.8,2131.0
2026-05-24T05:05:00Z,76744.8,76744.8,76694.7,76714.3,1539.0
2026-05-24T05:10:00Z,76708.8,76708.8,76692.0,76702.6,1582.0
2026-05-24T05:15:00Z,76702.6,76702.6,76674.4,76676.8,5844.0
2026-05-24T05:20:00Z,76676.8,76686.8,76669.9,76671.9,3161.0
2026-05-24T05:25:00Z,76671.9,76694.6,76636.1,76669.9,10845.0
2026-05-24T05:30:00Z,76669.9,76694.9,76669.9,76689.4,193.0
2026-05-24T05:35:00Z,76685.1,76685.1,76645.0,76651.0,1309.0
2026-05-24T05:40:00Z,76650.8,76650.8,76615.5,76615.6,1486.0
2026-05-24T05:45:00Z,76615.6,76744.5,76612.5,76744.5,3762.0
2026-05-24T05:50:00Z,76744.5,76831.2,76744.5,76791.9,17800.0
2026-05-24T05:55:00Z,76791.9,76798.9,76780.4,76780.4,979.0
2026-05-24T06:00:00Z,76780.1,76831.9,76774.0,76798.7,3257.0
2026-05-24T06:05:00Z,76798.7,76810.0,76782.0,76798.8,1887.0
2026-05-24T06:10:00Z,76798.8,76808.0,76780.3,76798.9,339.0
2026-05-24T06:15:00Z,76798.8,76798.8,76754.7,76757.9,1316.0
2026-05-24T06:20:00Z,76757.9,76775.0,76718.4,76718.4,787.0
2026-05-24T06:25:00Z,76718.5,76718.5,76684.5,76701.0,1352.0
2026-05-24T06:30:00Z,76701.0,76736.6,76701.0,76703.6,3054.0
2026-05-24T06:35:00Z,76703.6,76764.0,76703.6,76711.5,838.0
2026-05-24T06:40:00Z,76706.9,76780.8,76706.8,76780.8,2324.0
2026-05-24T06:45:00Z,76780.9,76866.9,76763.7,76866.9,7831.0
2026-05-24T06:50:00Z,76866.9,77041.5,76866.9,76970.8,22808.0
2026-05-24T06:55:00Z,76974.1,77004.0,76942.0,76956.1,4533.0
2026-05-24T07:00:00Z,76956.0,76980.9,76924.6,76962.0,2262.0
2026-05-24T07:05:00Z,76951.0,76951.0,76874.8,76894.5,1951.0
2026-05-24T07:10:00Z,76892.9,76892.9,76860.2,76863.0,1841.0
2026-05-24T07:15:00Z,76863.0,76871.2,76845.5,76869.6,1033.0
2026-05-24T07:20:00Z,76869.6,76869.6,76837.5,76854.5,3393.0
2026-05-24T07:25:00Z,76854.5,76867.2,76844.4,76867.1,1251.0
2026-05-24T07:30:00Z,76867.1,76867.1,76818.2,76858.0,1680.0
2026-05-24T07:35:00Z,76875.0,76876.0,76828.1,76840.7,1244.0
2026-05-24T07:40:00Z,76837.1,76837.1,76818.1,76834.8,1632.0
2026-05-24T07:45:00Z,76835.0,76840.9,76750.0,76775.2,2609.0
2026-05-24T07:50:00Z,76775.2,76801.8,76766.9,76768.6,3386.0
2026-05-24T07:55:00Z,76763.8,76766.8,76752.4,76761.6,810.0
2026-05-24T08:00:00Z,76772.9,76789.0,76752.4,76762.6,1126.0
2026-05-24T08:05:00Z,76755.7,76755.8,76694.4,76722.8,11647.0
2026-05-24T08:10:00Z,76722.8,76722.9,76703.4,76706.0,3064.0
2026-05-24T08:15:00Z,76708.1,76735.9,76708.1,76735.9,1893.0
2026-05-24T08:20:00Z,76735.9,76795.2,76735.9,76795.1,3947.0
2026-05-24T08:25:00Z,76795.1,76817.6,76780.3,76780.8,3486.0
2026-05-24T08:30:00Z,76780.6,76818.1,76760.0,76760.0,2962.0
2026-05-24T08:35:00Z,76760.0,76795.8,76753.7,76787.8,154.0
2026-05-24T08:40:00Z,76787.9,76792.9,76780.0,76780.0,599.0
2026-05-24T08:45:00Z,76770.0,76800.6,76768.6,76777.6,416.0
2026-05-24T08:50:00Z,76775.1,76791.9,76769.9,76773.8,1715.0
2026-05-24T08:55:00Z,76773.8,76800.8,76770.9,76800.7,299.0
2026-05-24T09:00:00Z,76800.7,76818.1,76784.3,76807.0,1147.0
2026-05-24T09:05:00Z,76807.0,76852.7,76806.4,76852.7,3414.0
2026-05-24T09:10:00Z,76852.8,76877.6,76852.8,76868.8,1798.0
2026-05-24T09:15:00Z,76868.2,76885.0,76865.2,76873.9,1524.0
2026-05-24T09:20:00Z,76873.9,76951.6,76866.6,76951.4,6637.0
2026-05-24T09:25:00Z,76951.4,76951.4,76856.2,76923.5,4173.0
2026-05-24T09:30:00Z,76923.5,76923.5,76876.8,76894.4,3361.0
2026-05-24T09:35:00Z,76894.4,77015.2,76894.4,76941.4,9987.0
2026-05-24T09:40:00Z,76941.4,76957.7,76915.7,76955.1,2187.0
2026-05-24T09:45:00Z,76947.7,76979.6,76935.2,76945.3,343010.0
2026-05-24T09:50:00Z,76945.3,76972.8,76945.3,76972.8,1970.0
2026-05-24T09:55:00Z,76972.8,76994.3,76956.7,76991.7,3309.0
2026-05-24T10:00:00Z,76993.1,76994.2,76894.6,76929.1,7013.0
2026-05-24T10:05:00Z,76929.1,76990.1,76929.1,76938.7,848.0
2026-05-24T10:10:00Z,76938.7,76938.7,76888.0,76906.9,1236.0
2026-05-24T10:15:00Z,76907.7,76965.9,76901.6,76954.1,571.0
2026-05-24T10:20:00Z,76954.1,76975.0,76933.2,76962.5,4648.0
2026-05-24T10:25:00Z,76962.5,77592.1,76944.8,77201.0,112510.0
2026-05-24T10:30:00Z,77201.1,77201.1,77055.7,77193.1,9769.0
2026-05-24T10:35:00Z,77193.1,77193.2,77105.5,77177.7,22253.0
2026-05-24T10:40:00Z,77164.1,77195.0,77146.6,77164.5,4365.0
2026-05-24T10:45:00Z,77164.5,77164.5,77086.6,77130.0,10750.0
2026-05-24T10:50:00Z,77130.0,77172.5,77107.5,77134.8,23716.0
2026-05-24T10:55:00Z,77134.8,77167.8,77116.8,77164.6,2815.0
2026-05-24T11:00:00Z,77159.6,77255.7,77150.3,77255.7,9870.0
2026-05-24T11:05:00Z,77258.8,77300.0,77227.2,77278.7,9644.0
2026-05-24T11:10:00Z,77260.5,77317.0,77250.2,77266.7,5261.0
2026-05-24T11:15:00Z,77266.7,77266.7,77225.0,77249.9,7697.0
2026-05-24T11:20:00Z,77254.8,77313.0,77250.6,77261.4,7929.0
2026-05-24T11:25:00Z,77261.4,77317.0,77223.8,77255.0,3464.0
2026-05-24T11:30:00Z,77255.0,77295.8,77250.0,77278.1,33509.0
2026-05-24T11:35:00Z,77278.1,77282.0,77209.7,77211.2,3459.0
2026-05-24T11:40:00Z,77211.2,77230.8,77179.8,77217.7,3523.0
2026-05-24T11:45:00Z,77217.7,77279.1,77217.7,77217.8,1810.0
2026-05-24T11:50:00Z,77210.9,77255.8,77198.4,77243.9,2508.0
2026-05-24T11:55:00Z,77243.9,77279.8,77243.9,77279.6,4426.0
2026-05-24T12:00:00Z,77279.8,77294.4,77210.4,77223.9,4028.0
2026-05-24T12:05:00Z,77223.9,77239.0,77171.9,77172.0,2517.0
2026-05-24T12:10:00Z,77186.7,77186.9,77126.5,77180.7,3296.0
2026-05-24T12:15:00Z,77180.8,77180.8,77064.6,77067.3,4821.0
2026-05-24T12:20:00Z,77063.3,77073.7,77021.2,77048.7,4023.0
2026-05-24T12:25:00Z,77048.7,77062.2,77026.9,77049.1,1043.0
2026-05-24T12:30:00Z,77042.6,77083.5,77008.0,77025.5,39264.0
2026-05-24T12:35:00Z,77025.5,77068.0,77024.9,77040.5,839.0
2026-05-24T12:40:00Z,77040.5,77095.3,77040.5,77095.3,9532.0
2026-05-24T12:45:00Z,77095.3,77100.0,77065.7,77065.7,1281.0
2026-05-24T12:50:00Z,77065.7,77073.5,77050.1,77056.6,1960.0
2026-05-24T12:55:00Z,77056.6,77086.4,77048.1,77077.9,801.0
2026-05-24T13:00:00Z,77078.0,77083.8,77046.8,77064.8,1864.0
2026-05-24T13:05:00Z,77064.8,77070.0,77050.1,77054.4,656.0
2026-05-24T13:10:00Z,77054.4,77054.4,76950.0,77012.8,23614.0
2026-05-24T13:15:00Z,77012.8,77073.2,77012.8,77073.2,1532.0
2026-05-24T13:20:00Z,77073.2,77090.1,77029.9,77030.0,12756.0
2026-05-24T13:25:00Z,77029.9,77040.0,76917.1,76917.2,9451.0
2026-05-24T13:30:00Z,76927.1,76983.1,76882.8,76909.9,11867.0
2026-05-24T13:35:00Z,76909.9,76944.5,76839.6,76860.0,75142.0
2026-05-24T13:40:00Z,76870.4,76960.0,76870.4,76943.7,7296.0
2026-05-24T13:45:00Z,76949.1,76965.8,76876.9,76876.9,6198.0
2026-05-24T13:50:00Z,76873.8,76877.8,76737.3,76749.1,57336.0
2026-05-24T13:55:00Z,76758.1,76790.1,76650.0,76760.4,64612.0
2026-05-24T14:00:00Z,76765.0,76811.1,76683.1,76703.4,14267.0
2026-05-24T14:05:00Z,76705.7,76750.0,76705.7,76716.9,15043.0
2026-05-24T14:10:00Z,76716.8,76739.9,76407.9,76480.3,48032.0
2026-05-24T14:15:00Z,76480.2,76500.0,76166.0,76223.5,90218.0
2026-05-24T14:20:00Z,76229.1,76524.0,76229.0,76461.7,52990.0
2026-05-24T14:25:00Z,76450.1,76488.2,76332.5,76379.3,29824.0
2026-05-24T14:30:00Z,76374.2,76497.8,76366.6,76477.3,27441.0
2026-05-24T14:35:00Z,76465.1,76509.3,76382.5,76501.8,18003.0
2026-05-24T14:40:00Z,76498.5,76498.5,76407.6,76423.8,166604.0
2026-05-24T14:45:00Z,76421.8,76456.8,76360.6,76381.3,11572.0
2026-05-24T14:50:00Z,76381.3,76481.1,76353.2,76462.5,5095.0
2026-05-24T14:55:00Z,76462.4,76462.4,76402.6,76428.1,4095.0
2026-05-24T15:00:00Z,76415.7,76509.2,76385.5,76509.2,56474.0
2026-05-24T15:05:00Z,76510.5,76511.7,76411.9,76463.5,7241.0
2026-05-24T15:10:00Z,76463.5,76491.9,76451.2,76473.7,1740.0
2026-05-24T15:15:00Z,76474.0,76505.0,76403.1,76459.0,6457.0
2026-05-24T15:20:00Z,76458.9,76469.8,76370.9,76447.4,9152.0
2026-05-24T15:25:00Z,76447.4,76447.5,76413.7,76413.8,4106.0
2026-05-24T15:30:00Z,76413.7,76470.9,76408.7,76408.7,5515.0
2026-05-24T15:35:00Z,76408.6,76432.0,76388.9,76419.2,3535.0
2026-05-24T15:40:00Z,76417.7,76420.0,76395.8,76419.2,7224.0
2026-05-24T15:45:00Z,76419.2,76434.2,76380.6,76434.2,4634.0
2026-05-24T15:50:00Z,76434.2,76445.6,76338.5,76369.0,14569.0
2026-05-24T15:55:00Z,76372.3,76375.1,76330.0,76343.7,5165.0
2026-05-24T16:00:00Z,76343.8,76585.6,76343.8,76534.7,11889.0
2026-05-24T16:05:00Z,76534.8,76657.8,76521.9,76552.1,18692.0
2026-05-24T16:10:00Z,76552.1,76608.6,76541.2,76575.5,28769.0
2026-05-24T16:15:00Z,76575.4,76722.2,76563.7,76627.4,14142.0
2026-05-24T16:20:00Z,76627.3,76627.3,76574.3,76584.4,54330.0
2026-05-24T16:25:00Z,76575.1,76575.1,76520.0,76559.6,11941.0
2026-05-24T16:30:00Z,76559.5,76562.3,76520.0,76520.0,6738.0
2026-05-24T16:35:00Z,76520.0,76520.0,76400.8,76484.0,5694.0
2026-05-24T16:40:00Z,76484.0,76500.1,76464.6,76478.4,6790.0
2026-05-24T16:45:00Z,76479.8,76574.4,76479.8,76560.9,2372.0
2026-05-24T16:50:00Z,76561.0,76618.0,76550.0,76597.4,8087.0
2026-05-24T16:55:00Z,76597.4,76673.2,76584.5,76639.9,12533.0
2026-05-24T17:00:00Z,76639.9,76698.5,76620.1,76666.0,18030.0
2026-05-24T17:05:00Z,76665.9,76710.0,76665.8,76679.7,6425.0
2026-05-24T17:10:00Z,76679.7,76679.7,76585.4,76594.5,5021.0
2026-05-24T17:15:00Z,76608.3,76636.3,76545.7,76545.7,11957.0
2026-05-24T17:20:00Z,76545.8,76613.4,76539.3,76613.4,7138.0
2026-05-24T17:25:00Z,76613.4,76613.4,76577.0,76577.0,2076.0
2026-05-24T17:30:00Z,76582.1,76636.3,76569.5,76594.3,3645.0
2026-05-24T17:35:00Z,76594.3,76699.5,76594.3,76699.1,4563.0
2026-05-24T17:40:00Z,76699.3,76699.3,76655.1,76666.3,1849.0
2026-05-24T17:45:00Z,76670.7,76706.8,76648.3,76706.8,3534.0
2026-05-24T17:50:00Z,76710.0,76775.0,76661.1,76684.7,10652.0
2026-05-24T17:55:00Z,76684.7,76689.7,76660.1,76661.7,1744.0
2026-05-24T18:00:00Z,76661.7,76686.8,76636.1,76636.1,6904.0
2026-05-24T18:05:00Z,76636.1,76654.5,76600.2,76648.7,3594.0
2026-05-24T18:10:00Z,76655.8,76743.1,76655.8,76703.6,8826.0
2026-05-24T18:15:00Z,76703.6,76758.4,76693.1,76721.8,5121.0
2026-05-24T18:20:00Z,76721.8,76721.8,76661.7,76673.8,1804.0
2026-05-24T18:25:00Z,76674.9,76677.3,76642.3,76649.8,9780.0
2026-05-24T18:30:00Z,76649.8,76649.8,76569.1,76601.4,10579.0
2026-05-24T18:35:00Z,76601.4,76680.0,76601.3,76680.0,10496.0
2026-05-24T18:40:00Z,76680.0,76683.7,76594.0,76609.4,2938.0
2026-05-24T18:45:00Z,76609.4,76636.4,76565.2,76585.0,3442.0
2026-05-24T18:50:00Z,76585.1,76629.3,76567.3,76629.3,12722.0
2026-05-24T18:55:00Z,76629.3,76653.5,76628.8,76637.9,7053.0
2026-05-24T19:00:00Z,76637.9,76718.4,76628.6,76651.6,5372.0
2026-05-24T19:05:00Z,76650.1,76675.5,76649.9,76663.8,1959.0
2026-05-24T19:10:00Z,76663.8,76673.9,76605.6,76605.6,3220.0
2026-05-24T19:15:00Z,76605.6,76725.3,76574.9,76675.6,6221.0
2026-05-24T19:20:00Z,76675.6,76680.5,76651.1,76667.5,4279.0
2026-05-24T19:25:00Z,76670.3,76670.4,76610.8,76630.1,1543.0
2026-05-24T19:30:00Z,76630.0,76642.8,76607.7,76630.1,5197.0
2026-05-24T19:35:00Z,76632.5,76653.8,76632.5,76646.1,2407.0
2026-05-24T19:40:00Z,76646.1,76708.4,76646.1,76678.0,4330.0
2026-05-24T19:45:00Z,76678.0,76725.1,76678.0,76725.1,1509.0
2026-05-24T19:50:00Z,76725.0,76732.0,76715.5,76725.4,5824.0
2026-05-24T19:55:00Z,76725.4,76753.3,76721.7,76738.5,728.0
2026-05-24T20:00:00Z,76739.1,76768.4,76655.8,76664.9,8149.0
2026-05-24T20:05:00Z,76664.9,76711.9,76626.8,76670.0,4922.0
2026-05-24T20:10:00Z,76665.6,76689.9,76664.6,76664.7,627.0
2026-05-24T20:15:00Z,76664.6,76681.6,76620.1,76654.5,2849.0
2026-05-24T20:20:00Z,76654.4,76673.7,76593.4,76640.0,4204.0
2026-05-24T20:25:00Z,76640.0,76646.7,76585.0,76646.7,2055.0
2026-05-24T20:30:00Z,76646.6,76674.7,76611.5,76624.9,1611.0
2026-05-24T20:35:00Z,76625.0,76683.5,76613.0,76642.3,2413.0
2026-05-24T20:40:00Z,76642.3,76681.5,76630.5,76665.0,6574.0
2026-05-24T20:45:00Z,76665.0,76693.6,76626.2,76672.8,2419.0
2026-05-24T20:50:00Z,76672.8,76672.8,76618.8,76623.8,1216.0
2026-05-24T20:55:00Z,76623.8,76639.2,76586.0,76639.2,976.0
2026-05-24T21:00:00Z,76632.9,76718.2,76614.8,76681.9,3413.0
2026-05-24T21:05:00Z,76681.9,76689.6,76647.3,76677.6,2408.0
2026-05-24T21:10:00Z,76677.6,76690.4,76644.5,76690.4,1760.0
2026-05-24T21:15:00Z,76690.3,76690.3,76661.8,76677.9,824.0
2026-05-24T21:20:00Z,76694.7,76694.7,76664.2,76672.3,565.0
2026-05-24T21:25:00Z,76672.3,76672.3,76444.1,76484.7,17918.0
2026-05-24T21:30:00Z,76484.8,76542.2,76340.1,76366.0,24410.0
2026-05-24T21:35:00Z,76366.0,76366.0,76088.0,76201.9,50725.0
2026-05-24T21:40:00Z,76202.0,76318.0,76087.8,76115.0,441345.0
2026-05-24T21:45:00Z,76118.2,76199.9,76069.6,76112.7,176993.0
2026-05-24T21:50:00Z,76112.8,76223.5,76112.8,76188.8,163206.0
2026-05-24T21:55:00Z,76189.5,76246.9,76070.7,76105.9,8538.0
2026-05-24T22:00:00Z,76105.9,76651.7,76104.5,76565.7,43444.0
2026-05-24T22:05:00Z,76555.2,76880.2,76548.0,76877.6,92917.0
2026-05-24T22:10:00Z,76861.0,76983.8,76773.0,76945.8,82158.0
2026-05-24T22:15:00Z,76945.9,76946.0,76779.1,76818.0,24237.0
2026-05-24T22:20:00Z,76818.1,76923.0,76804.6,76890.3,13497.0
2026-05-24T22:25:00Z,76890.2,76901.1,76815.8,76815.8,5871.0
2026-05-24T22:30:00Z,76810.8,76935.0,76805.3,76814.0,9201.0
2026-05-24T22:35:00Z,76815.9,76822.7,76656.9,76734.3,14594.0
2026-05-24T22:40:00Z,76734.3,76738.3,76638.4,76738.2,14089.0
2026-05-24T22:45:00Z,76739.9,76972.8,76739.9,76836.3,21493.0
2026-05-24T22:50:00Z,76836.3,76896.7,76764.4,76775.2,3502.0
2026-05-24T22:55:00Z,76775.3,76820.9,76760.0,76762.4,4259.0
2026-05-24T23:00:00Z,76764.2,76917.1,76764.2,76872.1,15177.0
2026-05-24T23:05:00Z,76868.9,76898.3,76820.7,76898.3,2899.0
2026-05-24T23:10:00Z,76902.2,76937.7,76884.5,76929.1,6869.0
2026-05-24T23:15:00Z,76938.9,76987.4,76850.7,76882.9,16445.0
2026-05-24T23:20:00Z,76882.9,76915.7,76841.2,76856.0,3020.0
2026-05-24T23:25:00Z,76856.0,76857.4,76789.0,76822.5,4236.0
2026-05-24T23:30:00Z,76822.5,76953.4,76822.5,76918.6,2775.0
2026-05-24T23:35:00Z,76918.6,77123.9,76918.5,77063.3,23638.0
2026-05-24T23:40:00Z,77063.3,77190.3,76973.2,77159.5,22129.0
2026-05-24T23:45:00Z,77159.5,77159.5,77075.0,77130.6,6994.0
2026-05-24T23:50:00Z,77123.2,77140.7,77062.5,77062.6,4233.0
2026-05-24T23:55:00Z,77062.6,77071.0,77020.9,77020.9,6021.0
2026-05-25T00:00:00Z,77020.9,77165.9,77020.9,77097.8,12711.0
2026-05-25T00:05:00Z,77097.8,77165.1,77090.4,77134.8,4313.0
2026-05-25T00:10:00Z,77134.9,77171.8,77117.6,77152.3,4346.0
2026-05-25T00:15:00Z,77152.3,77179.7,77101.8,77137.9,11365.0
2026-05-25T00:20:00Z,77138.0,77216.0,77089.1,77203.0,22061.0
2026-05-25T00:25:00Z,77202.9,77221.2,77116.1,77171.9,5520.0
2026-05-25T00:30:00Z,77172.1,77243.3,77101.8,77124.9,15636.0
2026-05-25T00:35:00Z,77124.8,77185.6,77115.8,77165.6,25175.0
2026-05-25T00:40:00Z,77165.7,77165.7,77079.0,77079.0,6843.0
2026-05-25T00:45:00Z,77079.0,77250.1,77052.0,77186.3,14394.0
2026-05-25T00:50:00Z,77186.3,77186.4,77111.6,77152.6,1240.0
2026-05-25T00:55:00Z,77152.6,77152.6,77075.3,77109.3,3500.0
2026-05-25T01:00:00Z,77109.3,77162.4,76983.8,77048.7,6551.0
2026-05-25T01:05:00Z,77048.8,77096.1,77042.5,77051.6,5382.0
2026-05-25T01:10:00Z,77051.6,77137.2,77032.0,77137.2,6904.0
2026-05-25T01:15:00Z,77137.2,77202.8,77132.8,77165.5,3080.0
2026-05-25T01:20:00Z,77160.8,77204.1,77157.3,77185.7,5848.0
2026-05-25T01:25:00Z,77185.7,77200.3,77110.1,77134.4,5886.0
2026-05-25T01:30:00Z,77134.4,77148.5,77075.7,77148.3,5006.0
2026-05-25T01:35:00Z,77148.3,77166.1,77079.5,77095.9,1882.0
2026-05-25T01:40:00Z,77095.9,77130.8,77059.6,77080.0,3732.0
2026-05-25T01:45:00Z,77080.0,77136.8,77073.2,77081.1,5796.0
2026-05-25T01:50:00Z,77080.8,77108.8,77016.0,77016.0,10858.0
2026-05-25T01:55:00Z,77016.2,77045.1,76875.1,76902.8,7070.0
2026-05-25T02:00:00Z,76902.8,77062.9,76902.8,77061.5,5839.0
2026-05-25T02:05:00Z,77061.5,77450.6,77059.8,77360.7,36366.0
2026-05-25T02:10:00Z,77360.7,77426.8,77334.3,77364.4,12572.0
2026-05-25T02:15:00Z,77364.4,77364.4,77234.2,77240.0,13440.0
2026-05-25T02:20:00Z,77236.6,77236.6,77171.6,77175.8,6253.0
2026-05-25T02:25:00Z,77179.4,77183.0,77002.1,77087.0,6565.0
2026-05-25T02:30:00Z,77101.0,77145.6,77026.9,77026.9,8599.0
2026-05-25T02:35:00Z,77029.1,77131.5,77020.1,77131.5,6352.0
2026-05-25T02:40:00Z,77131.3,77131.3,77045.2,77126.0,2782.0
2026-05-25T02:45:00Z,77128.3,77140.6,77061.7,77120.0,893.0
2026-05-25T02:50:00Z,77115.2,77140.0,77086.4,77086.4,3215.0
2026-05-25T02:55:00Z,77095.7,77115.2,77042.6,77064.9,1856.0
2026-05-25T03:00:00Z,77062.1,77126.9,77033.0,77045.9,11568.0
2026-05-25T03:05:00Z,77048.0,77094.5,77021.4,77052.4,1559.0
2026-05-25T03:10:00Z,77052.2,77079.6,77040.0,77057.2,1481.0
2026-05-25T03:15:00Z,77046.8,77092.6,77044.1,77063.1,4447.0
2026-05-25T03:20:00Z,77068.1,77113.6,77053.0,77053.0,1616.0
2026-05-25T03:25:00Z,77054.8,77086.9,77022.5,77049.9,1474.0
2026-05-25T03:30:00Z,77055.8,77078.2,76984.2,77049.3,5578.0
2026-05-25T03:35:00Z,77048.7,77087.0,77043.1,77068.8,893.0
2026-05-25T03:40:00Z,77061.7,77061.7,77029.8,77040.9,2667.0
2026-05-25T03:45:00Z,77014.4,77017.9,76968.1,77009.5,1012.0
2026-05-25T03:50:00Z,76988.3,77032.6,76980.4,77009.4,1352.0
2026-05-25T03:55:00Z,77006.7,77016.9,76980.2,76989.1,1258.0
2026-05-25T04:00:00Z,76992.7,77042.5,76980.4,76983.9,2243.0
2026-05-25T04:05:00Z,76981.5,77018.0,76966.8,77018.0,7079.0
2026-05-25T04:10:00Z,77018.0,77039.9,76984.1,76993.7,3112.0
2026-05-25T04:15:00Z,76997.7,77030.0,76960.8,77030.0,793.0
2026-05-25T04:20:00Z,77030.0,77088.9,77030.0,77070.1,7267.0
2026-05-25T04:25:00Z,77076.9,77138.8,77076.9,77138.8,4324.0
2026-05-25T04:30:00Z,77141.4,77183.7,77100.2,77100.2,3396.0
2026-05-25T04:35:00Z,77100.3,77155.9,77100.0,77115.2,2521.0
2026-05-25T04:40:00Z,77117.4,77215.3,77117.4,77206.0,6210.0
2026-05-25T04:45:00Z,77205.9,77257.5,77199.9,77230.3,4380.0
2026-05-25T04:50:00Z,77230.3,77420.4,77229.9,77341.2,18023.0
2026-05-25T04:55:00Z,77341.2,77374.9,77331.2,77359.3,2751.0
2026-05-25T05:00:00Z,77358.5,77360.5,77288.9,77306.3,5346.0
2026-05-25T05:05:00Z,77306.3,77414.0,77288.2,77340.6,10465.0
2026-05-25T05:10:00Z,77340.6,77393.5,77336.0,77381.8,1199.0
2026-05-25T05:15:00Z,77393.4,77452.0,77362.8,77382.5,9078.0
2026-05-25T05:20:00Z,77382.5,77385.5,77321.4,77345.9,8113.0
2026-05-25T05:25:00Z,77345.9,77393.9,77345.9,77374.6,3450.0
2026-05-25T05:30:00Z,77360.4,77417.3,77360.4,77394.0,7037.0
2026-05-25T05:35:00Z,77398.0,77469.6,77398.0,77416.6,5896.0
2026-05-25T05:40:00Z,77416.6,77450.0,77409.9,77426.5,4941.0
2026-05-25T05:45:00Z,77426.5,77426.5,77374.7,77400.7,3230.0
2026-05-25T05:50:00Z,77400.7,77406.6,77368.9,77387.6,4472.0
2026-05-25T05:55:00Z,77387.6,77387.7,77352.4,77363.3,642.0
2026-05-25T06:00:00Z,77364.0,77382.1,77325.3,77329.2,7621.0
2026-05-25T06:05:00Z,77329.3,77649.2,77328.7,77552.8,52324.0
2026-05-25T06:10:00Z,77531.3,77531.3,77298.6,77298.6,15359.0
2026-05-25T06:15:00Z,77298.3,77320.0,77239.9,77260.4,10537.0
2026-05-25T06:20:00Z,77257.1,77257.2,77184.9,77193.9,42591.0
2026-05-25T06:25:00Z,77185.0,77243.9,77183.3,77240.0,3811.0
2026-05-25T06:30:00Z,77240.0,77325.0,77238.6,77324.9,47918.0
2026-05-25T06:35:00Z,77324.9,77385.7,77324.4,77365.6,2207.0
2026-05-25T06:40:00Z,77357.1,77395.7,77357.1,77378.7,3298.0
2026-05-25T06:45:00Z,77378.8,77490.2,77378.8,77414.2,6320.0
2026-05-25T06:50:00Z,77413.3,77421.8,77385.1,77421.7,4872.0
2026-05-25T06:55:00Z,77421.8,77421.8,77359.9,77372.8,3245.0
2026-05-25T07:00:00Z,77386.1,77485.0,77381.3,77445.9,890.0
2026-05-25T07:05:00Z,77445.9,77445.9,77376.2,77376.3,4740.0
2026-05-25T07:10:00Z,77376.3,77376.3,77268.2,77289.1,5345.0
2026-05-25T07:15:00Z,77289.1,77320.8,77147.9,77207.7,7229.0
2026-05-25T07:20:00Z,77207.5,77222.0,77168.8,77219.8,8594.0
2026-05-25T07:25:00Z,77219.7,77219.7,77170.2,77178.6,2440.0
2026-05-25T07:30:00Z,77178.6,77301.1,77161.2,77258.4,4123.0
2026-05-25T07:35:00Z,77258.4,77278.4,77226.0,77278.4,1163.0
2026-05-25T07:40:00Z,77278.4,77299.9,77247.3,77292.5,1403.0
2026-05-25T07:45:00Z,77292.5,77323.9,77274.4,77302.3,926.0
2026-05-25T07:50:00Z,77302.3,77324.4,77270.6,77324.4,802.0
2026-05-25T07:55:00Z,77324.4,77371.6,77317.6,77365.5,4628.0
2026-05-25T08:00:00Z,77365.6,77385.9,77310.4,77381.2,6623.0
2026-05-25T08:05:00Z,77372.1,77373.3,77322.5,77334.5,3767.0
2026-05-25T08:10:00Z,77334.5,77346.3,77241.6,77280.0,955.0
2026-05-25T08:15:00Z,77258.5,77289.9,77258.5,77289.9,1394.0
2026-05-25T08:20:00Z,77289.8,77325.0,77284.3,77284.3,2067.0
2026-05-25T08:25:00Z,77284.3,77294.3,77268.1,77286.4,1224.0
2026-05-25T08:30:00Z,77286.4,77296.1,77281.3,77281.5,793.0
2026-05-25T08:35:00Z,77291.0,77346.9,77291.0,77300.2,1452.0
2026-05-25T08:40:00Z,77300.1,77325.0,77298.0,77312.9,3046.0
2026-05-25T08:45:00Z,77313.0,77329.0,77290.9,77329.0,1108.0
2026-05-25T08:50:00Z,77329.0,77394.6,77329.0,77394.6,3036.0
2026-05-25T08:55:00Z,77394.7,77433.6,77394.7,77425.0,3335.0
2026-05-25T09:00:00Z,77425.0,77450.0,77394.6,77394.6,3121.0
2026-05-25T09:05:00Z,77394.6,77450.0,77392.1,77445.2,2250.0
2026-05-25T09:10:00Z,77445.2,77468.5,77418.4,77426.1,4901.0
2026-05-25T09:15:00Z,77426.2,77429.3,77400.0,77421.4,1305.0
2026-05-25T09:20:00Z,77421.4,77469.9,77393.1,77469.9,1507.0
2026-05-25T09:25:00Z,77469.9,77500.1,77454.7,77478.7,4080.0
2026-05-25T09:30:00Z,77478.7,77659.9,77474.5,77586.1,23212.0
2026-05-25T09:35:00Z,77585.4,77605.8,77534.2,77560.8,10551.0
2026-05-25T09:40:00Z,77560.7,77580.0,77536.1,77550.0,4693.0
2026-05-25T09:45:00Z,77549.9,77573.9,77536.3,77573.9,1550.0
2026-05-25T09:50:00Z,77573.9,77634.5,77573.9,77607.6,10450.0
2026-05-25T09:55:00Z,77607.5,77607.5,77567.5,77567.5,4433.0
2026-05-25T10:00:00Z,77560.0,77580.0,77524.8,77527.9,5092.0
2026-05-25T10:05:00Z,77527.9,77594.6,77525.0,77594.6,1579.0
2026-05-25T10:10:00Z,77583.5,77599.8,77576.1,77599.8,2827.0
2026-05-25T10:15:00Z,77599.8,77648.2,77587.6,77587.6,7098.0
2026-05-25T10:20:00Z,77587.6,77587.6,77490.0,77533.9,12476.0
2026-05-25T10:25:00Z,77530.4,77530.4,77479.9,77496.1,5404.0
2026-05-25T10:30:00Z,77496.2,77504.0,77482.2,77504.0,3142.0
2026-05-25T10:35:00Z,77504.0,77553.5,77483.2,77483.2,4592.0
2026-05-25T10:40:00Z,77483.2,77485.0,77473.5,77482.2,4535.0
2026-05-25T10:45:00Z,77482.2,77524.9,77480.7,77492.7,2074.0
2026-05-25T10:50:00Z,77492.7,77504.2,77448.5,77495.9,1495.0
2026-05-25T10:55:00Z,77495.9,77504.9,77495.9,77502.9,2392.0
2026-05-25T11:00:00Z,77503.0,77503.0,77376.8,77406.5,4692.0
2026-05-25T11:05:00Z,77413.0,77425.7,77382.9,77425.6,9948.0
2026-05-25T11:10:00Z,77425.7,77436.8,77408.0,77408.1,1874.0
2026-05-25T11:15:00Z,77408.1,77414.0,77375.0,77397.2,3141.0
2026-05-25T11:20:00Z,77396.0,77407.5,77383.6,77392.0,1311.0
2026-05-25T11:25:00Z,77392.1,77392.1,77370.7,77377.8,5269.0
2026-05-25T11:30:00Z,77377.8,77449.2,77377.8,77449.1,5986.0
2026-05-25T11:35:00Z,77450.0,77484.9,77416.7,77466.0,3131.0
2026-05-25T11:40:00Z,77466.0,77466.0,77426.5,77428.7,2367.0
2026-05-25T11:45:00Z,77428.7,77464.4,77385.8,77389.4,5105.0
2026-05-25T11:50:00Z,77389.4,77389.5,77333.4,77359.9,9368.0
2026-05-25T11:55:00Z,77359.8,77359.8,77288.6,77325.1,5070.0
2026-05-25T12:00:00Z,77325.1,77325.2,77252.0,77280.7,4764.0
2026-05-25T12:05:00Z,77280.8,77320.3,77280.7,77291.1,4190.0
2026-05-25T12:10:00Z,77291.1,77340.2,77288.9,77334.3,2157.0
2026-05-25T12:15:00Z,77334.4,77337.6,77300.0,77313.6,2293.0
2026-05-25T12:20:00Z,77328.2,77349.9,77284.0,77347.2,9189.0
2026-05-25T12:25:00Z,77347.2,77389.2,77338.5,77361.7,5552.0
2026-05-25T12:30:00Z,77361.7,77389.5,77326.9,77333.3,10141.0
2026-05-25T12:35:00Z,77333.3,77368.9,77310.1,77315.0,5885.0
2026-05-25T12:40:00Z,77315.1,77322.7,77307.4,77322.7,2607.0
2026-05-25T12:45:00Z,77322.8,77322.8,77259.2,77299.9,8551.0
2026-05-25T12:50:00Z,77300.0,77364.1,77292.5,77360.1,5271.0
2026-05-25T12:55:00Z,77362.4,77398.4,77325.7,77325.8,5202.0
2026-05-25T13:00:00Z,77315.0,77384.8,77302.6,77384.8,1586.0
2026-05-25T13:05:00Z,77383.7,77418.8,77364.5,77370.6,5727.0
2026-05-25T13:10:00Z,77370.6,77375.0,77280.0,77280.1,6803.0
2026-05-25T13:15:00Z,77283.0,77324.1,77264.7,77264.7,4457.0
2026-05-25T13:20:00Z,77264.6,77315.7,77244.7,77305.8,4001.0
2026-05-25T13:25:00Z,77299.8,77333.0,77290.2,77299.2,4864.0
2026-05-25T13:30:00Z,77299.2,77329.9,77288.0,77307.1,6539.0
2026-05-25T13:35:00Z,77307.1,77310.1,77262.6,77307.0,4249.0
2026-05-25T13:40:00Z,77307.0,77307.0,77269.5,77300.0,2329.0
2026-05-25T13:45:00Z,77325.9,77325.9,77279.1,77304.0,8569.0
2026-05-25T13:50:00Z,77306.8,77315.2,77272.8,77307.5,3245.0
2026-05-25T13:55:00Z,77307.5,77317.5,77295.3,77305.7,2158.0
2026-05-25T14:00:00Z,77302.0,77407.9,77273.2,77407.9,8120.0
2026-05-25T14:05:00Z,77401.0,77488.8,77389.0,77431.4,11017.0
2026-05-25T14:10:00Z,77430.2,77472.8,77430.1,77454.0,6798.0
2026-05-25T14:15:00Z,77447.9,77559.4,77443.5,77515.1,13515.0
2026-05-25T14:20:00Z,77515.1,77525.0,77463.2,77525.0,43580.0
2026-05-25T14:25:00Z,77534.2,77583.3,77520.0,77580.4,45962.0
2026-05-25T14:30:00Z,77574.0,77574.0,77506.2,77538.3,12691.0
2026-05-25T14:35:00Z,77538.4,77549.4,77526.4,77535.0,6257.0
2026-05-25T14:40:00Z,77535.0,77535.0,77502.4,77528.8,4201.0
2026-05-25T14:45:00Z,77528.8,77743.9,77528.8,77658.2,42868.0
2026-05-25T14:50:00Z,77662.1,77689.8,77625.0,77660.3,7380.0
2026-05-25T14:55:00Z,77660.3,77696.2,77653.7,77669.9,13546.0
2026-05-25T15:00:00Z,77676.4,77724.4,77650.0,77666.1,14082.0
2026-05-25T15:05:00Z,77666.2,77739.6,77666.2,77730.5,8101.0
2026-05-25T15:10:00Z,77730.1,77883.7,77667.3,77668.4,38984.0
2026-05-25T15:15:00Z,77668.4,77707.3,77582.6,77655.6,10657.0
2026-05-25T15:20:00Z,77655.7,77655.7,77556.0,77585.7,21654.0
2026-05-25T15:25:00Z,77585.8,77644.7,77562.6,77562.6,3347.0
2026-05-25T15:30:00Z,77558.1,77640.2,77535.3,77627.5,14212.0
2026-05-25T15:35:00Z,77622.8,77625.0,77590.6,77622.0,2956.0
2026-05-25T15:40:00Z,77622.0,77640.4,77582.5,77624.1,2709.0
2026-05-25T15:45:00Z,77624.1,77624.2,77515.5,77568.6,4488.0
2026-05-25T15:50:00Z,77571.0,77583.4,77539.4,77568.1,2084.0
2026-05-25T15:55:00Z,77568.1,77625.3,77568.1,77584.6,5014.0
2026-05-25T16:00:00Z,77584.6,77608.3,77533.4,77553.8,3018.0
2026-05-25T16:05:00Z,77553.8,77571.7,77541.8,77541.8,5505.0
2026-05-25T16:10:00Z,77541.8,77555.3,77472.0,77472.8,8384.0
2026-05-25T16:15:00Z,77472.7,77518.7,77472.7,77501.2,8206.0
2026-05-25T16:20:00Z,77501.3,77589.6,77486.5,77547.6,6918.0
2026-05-25T16:25:00Z,77547.6,77569.3,77530.1,77561.5,3583.0
2026-05-25T16:30:00Z,77561.5,77563.9,77549.0,77556.9,2311.0
2026-05-25T16:35:00Z,77556.9,77610.3,77556.8,77594.5,4471.0
2026-05-25T16:40:00Z,77594.5,77655.2,77560.6,77649.4,6869.0
2026-05-25T16:45:00Z,77649.3,77749.7,77631.9,77749.7,9670.0
2026-05-25T16:50:00Z,77748.3,77775.0,77664.1,77664.2,15085.0
2026-05-25T16:55:00Z,77664.2,77717.0,77664.2,77698.0,9391.0
2026-05-25T17:00:00Z,77698.0,77762.0,77691.9,77719.1,12157.0
2026-05-25T17:05:00Z,77719.1,77750.4,77691.0,77721.7,4273.0
2026-05-25T17:10:00Z,77721.7,77721.7,77650.6,77650.6,9424.0
2026-05-25T17:15:00Z,77650.6,77650.6,77557.4,77616.3,10722.0
2026-05-25T17:20:00Z,77616.4,77617.6,77568.8,77568.8,5247.0
2026-05-25T17:25:00Z,77568.8,77624.3,77568.8,77624.3,8270.0
2026-05-25T17:30:00Z,77624.3,77624.3,77556.0,77556.0,1759.0
2026-05-25T17:35:00Z,77553.9,77568.8,77532.9,77559.7,1496.0
2026-05-25T17:40:00Z,77559.8,77560.3,77536.7,77551.1,1800.0
2026-05-25T17:45:00Z,77551.2,77551.2,77529.2,77549.9,874.0
2026-05-25T17:50:00Z,77549.9,77549.9,77529.2,77534.7,4359.0
2026-05-25T17:55:00Z,77534.7,77549.9,77514.1,77540.6,3179.0
2026-05-25T18:00:00Z,77529.2,77584.4,77506.2,77572.2,1631.0
2026-05-25T18:05:00Z,77572.4,77609.6,77564.5,77606.7,8348.0
2026-05-25T18:10:00Z,77606.7,77629.9,77605.8,77605.8,3219.0
2026-05-25T18:15:00Z,77605.8,77628.6,77592.0,77592.0,4220.0
2026-05-25T18:20:00Z,77592.0,77599.1,77560.7,77573.4,6846.0
2026-05-25T18:25:00Z,77573.4,77602.0,77573.4,77602.0,936.0
2026-05-25T18:30:00Z,77612.1,77612.1,77561.4,77596.0,1840.0
2026-05-25T18:35:00Z,77595.9,77596.0,77562.6,77585.6,1312.0
2026-05-25T18:40:00Z,77601.8,77601.8,77549.2,77588.3,2528.0
2026-05-25T18:45:00Z,77580.4,77585.3,77554.5,77573.3,661.0
2026-05-25T18:50:00Z,77573.3,77595.9,77521.8,77536.0,8164.0
2026-05-25T18:55:00Z,77536.0,77536.0,77511.7,77511.7,3854.0
2026-05-25T19:00:00Z,77511.8,77511.9,77384.8,77413.9,12204.0
2026-05-25T19:05:00Z,77409.1,77465.1,77394.3,77397.8,4742.0
2026-05-25T19:10:00Z,77398.4,77465.5,77394.4,77465.5,4459.0
2026-05-25T19:15:00Z,77465.4,77465.4,77412.4,77442.1,7728.0
2026-05-25T19:20:00Z,77458.8,77470.1,77425.0,77470.1,3280.0
2026-05-25T19:25:00Z,77470.1,77487.9,77445.9,77487.8,1906.0
2026-05-25T19:30:00Z,77487.8,77491.1,77393.8,77397.5,2125.0
2026-05-25T19:35:00Z,77394.3,77394.3,77318.4,77329.4,12603.0
2026-05-25T19:40:00Z,77329.5,77376.0,77312.4,77375.9,11316.0
2026-05-25T19:45:00Z,77375.9,77409.4,77375.9,77395.2,3119.0
2026-05-25T19:50:00Z,77395.2,77434.5,77378.5,77378.5,1505.0
2026-05-25T19:55:00Z,77378.4,77429.8,77370.5,77416.4,2265.0
2026-05-25T20:00:00Z,77408.8,77447.7,77377.6,77418.5,1522.0
2026-05-25T20:05:00Z,77418.5,77429.9,77403.8,77413.2,4282.0
2026-05-25T20:10:00Z,77413.2,77426.4,77413.2,77426.3,994.0
2026-05-25T20:15:00Z,77416.8,77469.8,77416.8,77469.8,3545.0
2026-05-25T20:20:00Z,77469.8,77469.9,77430.1,77434.8,2326.0
2026-05-25T20:25:00Z,77442.1,77454.1,77402.0,77402.0,948.0
2026-05-25T20:30:00Z,77402.0,77439.3,77336.2,77336.2,5737.0
2026-05-25T20:35:00Z,77336.3,77343.4,77258.0,77305.5,20345.0
2026-05-25T20:40:00Z,77305.5,77336.4,77181.5,77235.0,18181.0
2026-05-25T20:45:00Z,77235.0,77284.0,77229.0,77241.0,16682.0
2026-05-25T20:50:00Z,77241.0,77277.9,77241.0,77268.8,2239.0
2026-05-25T20:55:00Z,77268.7,77315.1,77212.0,77243.7,8174.0
2026-05-25T21:00:00Z,77243.7,77311.4,77240.7,77311.4,11236.0
2026-05-25T21:05:00Z,77311.5,77340.0,77294.5,77306.0,2356.0
2026-05-25T21:10:00Z,77306.0,77335.0,77306.0,77334.7,944.0
2026-05-25T21:15:00Z,77334.8,77334.8,77258.2,77298.6,7358.0
2026-05-25T21:20:00Z,77298.5,77309.9,77244.5,77259.7,2035.0
2026-05-25T21:25:00Z,77259.6,77335.1,77259.6,77323.8,3522.0
2026-05-25T21:30:00Z,77325.0,77331.0,77308.0,77308.1,2139.0
2026-05-25T21:35:00Z,77314.8,77344.7,77250.7,77274.7,2857.0
2026-05-25T21:40:00Z,77274.7,77328.4,77253.0,77272.2,4107.0
2026-05-25T21:45:00Z,77272.2,77300.0,77268.0,77299.9,2653.0
2026-05-25T21:50:00Z,77300.0,77316.0,77274.7,77314.8,7480.0
2026-05-25T21:55:00Z,77314.8,77364.6,77306.9,77340.9,3393.0
2026-05-25T22:00:00Z,77348.7,77348.7,77250.0,77284.5,6054.0
2026-05-25T22:05:00Z,77284.5,77369.2,77284.5,77319.6,2101.0
2026-05-25T22:10:00Z,77306.0,77417.3,77305.9,77372.4,10586.0
2026-05-25T22:15:00Z,77372.4,77399.4,77300.0,77313.4,3033.0
2026-05-25T22:20:00Z,77313.4,77355.1,77301.9,77334.6,669.0
2026-05-25T22:25:00Z,77334.6,77336.9,77235.0,77265.4,2870.0
2026-05-25T22:30:00Z,77265.5,77265.5,77061.2,77100.0,41870.0
2026-05-25T22:35:00Z,77098.4,77150.0,77020.0,77149.9,16248.0
2026-05-25T22:40:00Z,77149.9,77177.8,77108.2,77161.8,2057.0
2026-05-25T22:45:00Z,77161.7,77195.6,77144.2,77195.5,7484.0
2026-05-25T22:50:00Z,77195.6,77217.7,77169.8,77189.5,7302.0
2026-05-25T22:55:00Z,77189.4,77189.4,77090.1,77090.1,10022.0
2026-05-25T23:00:00Z,77090.1,77169.8,77040.2,77150.7,5323.0
2026-05-25T23:05:00Z,77150.7,77263.4,77150.6,77230.5,2105.0
2026-05-25T23:10:00Z,77230.5,77254.9,77196.9,77254.8,10322.0
2026-05-25T23:15:00Z,77255.0,77283.2,77227.2,77227.2,11192.0
2026-05-25T23:20:00Z,77227.3,77257.5,77218.7,77247.2,3700.0
2026-05-25T23:25:00Z,77247.5,77265.8,77233.8,77254.1,2856.0
2026-05-25T23:30:00Z,77254.0,77290.2,77231.3,77290.2,9632.0
2026-05-25T23:35:00Z,77289.8,77309.8,77278.9,77309.8,4688.0
2026-05-25T23:40:00Z,77309.8,77329.5,77295.5,77302.4,8990.0
2026-05-25T23:45:00Z,77302.4,77303.3,77270.2,77283.6,13171.0
2026-05-25T23:50:00Z,77288.8,77302.7,77254.3,77302.7,1079.0
2026-05-25T23:55:00Z,77302.7,77328.7,77281.4,77281.4,6277.0
2026-05-26T00:00:00Z,77296.0,77319.6,77222.0,77226.1,8519.0
2026-05-26T00:05:00Z,77226.1,77263.0,77178.7,77196.4,6706.0
2026-05-26T00:10:00Z,77200.9,77201.0,77177.7,77188.1,7917.0
2026-05-26T00:15:00Z,77188.1,77209.5,77090.1,77127.3,2058.0
2026-05-26T00:20:00Z,77124.5,77124.5,77051.0,77105.0,6306.0
2026-05-26T00:25:00Z,77105.0,77140.1,77069.0,77100.3,3090.0
2026-05-26T00:30:00Z,77100.3,77168.4,77080.0,77085.9,5790.0
2026-05-26T00:35:00Z,77085.9,77085.9,76918.0,76953.5,22638.0
2026-05-26T00:40:00Z,76929.9,76940.7,76789.1,76839.5,22162.0
2026-05-26T00:45:00Z,76845.6,76900.1,76775.0,76841.1,46687.0
2026-05-26T00:50:00Z,76841.1,76841.1,76532.1,76693.7,75137.0
2026-05-26T00:55:00Z,76693.7,76811.4,76693.7,76762.8,18498.0
2026-05-26T01:00:00Z,76745.0,76745.0,76590.5,76612.6,16694.0
2026-05-26T01:05:00Z,76612.5,76718.1,76606.3,76644.7,8017.0
2026-05-26T01:10:00Z,76644.8,76841.2,76630.5,76802.7,11867.0
2026-05-26T01:15:00Z,76802.6,76852.0,76765.2,76810.2,4069.0
2026-05-26T01:20:00Z,76810.2,76824.8,76769.1,76798.9,2534.0
2026-05-26T01:25:00Z,76798.9,76799.0,76701.9,76763.8,6364.0
2026-05-26T01:30:00Z,76745.8,76745.8,76595.4,76628.5,6036.0
2026-05-26T01:35:00Z,76628.5,76693.7,76608.4,76635.0,15688.0
2026-05-26T01:40:00Z,76635.0,76635.0,76560.0,76626.7,12394.0
2026-05-26T01:45:00Z,76626.7,76748.1,76626.7,76726.9,5307.0
2026-05-26T01:50:00Z,76727.0,76761.3,76726.9,76744.1,5921.0
2026-05-26T01:55:00Z,76750.0,76757.4,76710.4,76730.6,2428.0
2026-05-26T02:00:00Z,76729.2,76753.5,76600.0,76672.4,6312.0
2026-05-26T02:05:00Z,76672.5,76764.8,76672.5,76761.8,7124.0
2026-05-26T02:10:00Z,76761.8,76786.5,76736.5,76736.5,12252.0
2026-05-26T02:15:00Z,76736.5,76744.1,76656.0,76744.1,7200.0
2026-05-26T02:20:00Z,76744.8,76744.8,76658.0,76710.7,4109.0
2026-05-26T02:25:00Z,76692.9,76716.2,76630.0,76637.6,7905.0
2026-05-26T02:30:00Z,76638.7,76656.1,76611.0,76646.3,2440.0
2026-05-26T02:35:00Z,76632.3,76700.0,76631.3,76635.7,3765.0
2026-05-26T02:40:00Z,76635.7,76641.2,76558.2,76560.1,8413.0
2026-05-26T02:45:00Z,76560.0,76615.5,76472.6,76597.9,44500.0
2026-05-26T02:50:00Z,76597.9,76652.1,76596.3,76611.8,2817.0
2026-05-26T02:55:00Z,76611.8,76646.9,76579.9,76620.2,8534.0
2026-05-26T03:00:00Z,76622.2,76630.9,76570.1,76570.1,2965.0
2026-05-26T03:05:00Z,76570.2,76603.7,76555.9,76565.5,2295.0
2026-05-26T03:10:00Z,76565.4,76619.1,76536.2,76539.0,5157.0
2026-05-26T03:15:00Z,76536.3,76573.6,76509.9,76509.9,2300.0
2026-05-26T03:20:00Z,76513.0,76574.0,76513.0,76551.3,2579.0
2026-05-26T03:25:00Z,76546.8,76546.8,76445.2,76540.0,6332.0
2026-05-26T03:30:00Z,76540.0,76639.0,76520.8,76635.0,6286.0
2026-05-26T03:35:00Z,76635.0,76685.0,76628.8,76654.8,6629.0
2026-05-26T03:40:00Z,76654.7,76654.7,76616.0,76620.5,2956.0
2026-05-26T03:45:00Z,76620.5,76631.7,76601.0,76627.8,6633.0
2026-05-26T03:50:00Z,76627.8,76647.1,76615.8,76643.5,3171.0
2026-05-26T03:55:00Z,76643.5,76643.7,76628.9,76630.6,1614.0
2026-05-26T04:00:00Z,76630.2,76675.8,76588.0,76596.4,2838.0
2026-05-26T04:05:00Z,76614.9,76631.1,76589.8,76589.9,2737.0
2026-05-26T04:10:00Z,76589.9,76647.3,76589.9,76638.0,1711.0
2026-05-26T04:15:00Z,76646.2,76646.4,76601.2,76601.5,557.0
2026-05-26T04:20:00Z,76607.7,76652.8,76569.6,76652.8,2062.0
2026-05-26T04:25:00Z,76652.8,76716.2,76645.7,76711.4,7532.0
2026-05-26T04:30:00Z,76700.7,76742.0,76700.7,76739.8,3372.0
2026-05-26T04:35:00Z,76726.2,76748.1,76726.1,76730.0,914.0
2026-05-26T04:40:00Z,76730.0,76730.0,76711.1,76729.8,1345.0
2026-05-26T04:45:00Z,76729.8,76754.8,76721.8,76735.6,3131.0
2026-05-26T04:50:00Z,76735.6,76739.2,76735.0,76739.1,5782.0
2026-05-26T04:55:00Z,76739.2,76776.6,76713.6,76719.9,8560.0
2026-05-26T05:00:00Z,76719.9,76732.1,76668.3,76732.1,5559.0
2026-05-26T05:05:00Z,76732.1,76756.0,76683.8,76729.1,4026.0
2026-05-26T05:10:00Z,76729.1,76807.3,76729.1,76773.7,17606.0
2026-05-26T05:15:00Z,76773.8,76814.9,76773.7,76814.9,4416.0
2026-05-26T05:20:00Z,76814.9,76854.0,76814.9,76828.9,7242.0
2026-05-26T05:25:00Z,76828.8,76838.5,76826.2,76838.5,3729.0
2026-05-26T05:30:00Z,76838.7,76859.5,76836.3,76849.7,4751.0
2026-05-26T05:35:00Z,76860.0,76950.1,76860.0,76897.9,10693.0
2026-05-26T05:40:00Z,76897.8,76897.8,76848.5,76880.7,3679.0
2026-05-26T05:45:00Z,76880.7,76880.7,76848.9,76850.0,4510.0
2026-05-26T05:50:00Z,76849.9,76859.7,76815.0,76818.0,3654.0
2026-05-26T05:55:00Z,76815.1,76880.0,76815.1,76880.0,5560.0
2026-05-26T06:00:00Z,76895.2,76895.2,76799.9,76835.0,3136.0
2026-05-26T06:05:00Z,76840.0,76876.4,76822.0,76865.5,1732.0
2026-05-26T06:10:00Z,76865.5,76865.5,76807.8,76832.5,1318.0
2026-05-26T06:15:00Z,76838.3,76838.3,76802.7,76817.5,2959.0
2026-05-26T06:20:00Z,76810.0,76831.7,76805.0,76819.2,2088.0
2026-05-26T06:25:00Z,76848.3,76873.9,76748.1,76805.3,5229.0
2026-05-26T06:30:00Z,76805.3,76831.5,76800.0,76831.5,23578.0
2026-05-26T06:35:00Z,76831.5,76950.0,76831.5,76950.0,5369.0
2026-05-26T06:40:00Z,76950.0,77012.1,76920.0,76942.9,14800.0
2026-05-26T06:45:00Z,76942.7,76942.7,76901.0,76901.0,4541.0
2026-05-26T06:50:00Z,76901.0,76915.9,76889.1,76889.1,2738.0
2026-05-26T06:55:00Z,76889.2,76906.2,76870.0,76870.0,3969.0
2026-05-26T07:00:00Z,76870.0,76884.9,76820.0,76820.0,809.0
2026-05-26T07:05:00Z,76820.0,76820.0,76715.0,76715.0,3372.0
2026-05-26T07:10:00Z,76713.0,76713.8,76622.7,76639.7,9672.0
2026-05-26T07:15:00Z,76639.7,76641.0,76556.8,76639.2,7050.0
2026-05-26T07:20:00Z,76639.2,76658.0,76611.2,76658.0,5105.0
2026-05-26T07:25:00Z,76658.6,76681.0,76654.7,76671.0,3016.0
2026-05-26T07:30:00Z,76671.1,76671.1,76571.4,76640.7,426832.0
2026-05-26T07:35:00Z,76640.7,76640.7,76590.8,76595.0,5184.0
2026-05-26T07:40:00Z,76595.0,76641.8,76595.0,76608.7,4175.0
2026-05-26T07:45:00Z,76611.8,76647.6,76610.4,76647.6,2408.0
2026-05-26T07:50:00Z,76647.6,76724.0,76647.6,76724.0,2606.0
2026-05-26T07:55:00Z,76724.0,76724.1,76642.3,76688.0,3655.0
2026-05-26T08:00:00Z,76688.0,76708.7,76652.5,76691.8,2659.0
2026-05-26T08:05:00Z,76691.8,76726.6,76671.2,76726.6,10928.0
2026-05-26T08:10:00Z,76726.6,76781.3,76720.0,76751.2,4841.0
2026-05-26T08:15:00Z,76751.2,76752.6,76687.7,76752.6,2736.0
2026-05-26T08:20:00Z,76752.6,76759.5,76730.3,76750.6,999.0
2026-05-26T08:25:00Z,76750.6,76780.0,76741.5,76762.5,1429.0
2026-05-26T08:30:00Z,76762.5,76781.3,76723.4,76733.5,791.0
2026-05-26T08:35:00Z,76733.4,76819.8,76720.1,76819.8,11121.0
2026-05-26T08:40:00Z,76819.6,76819.7,76786.0,76792.8,1277.0
2026-05-26T08:45:00Z,76792.8,76799.9,76720.0,76722.8,21320.0
2026-05-26T08:50:00Z,76722.9,76745.6,76681.0,76745.6,1401.0
2026-05-26T08:55:00Z,76745.6,76747.0,76691.5,76695.7,1123.0
2026-05-26T09:00:00Z,76687.9,76707.2,76640.2,76666.1,1811.0
2026-05-26T09:05:00Z,76684.9,76684.9,76621.0,76623.0,7626.0
2026-05-26T09:10:00Z,76623.0,76692.8,76623.0,76651.3,1776.0
2026-05-26T09:15:00Z,76651.3,76773.9,76625.5,76752.2,12420.0
2026-05-26T09:20:00Z,76751.6,76754.0,76605.9,76629.5,19426.0
2026-05-26T09:25:00Z,76629.9,76703.0,76627.3,76701.7,15515.0
2026-05-26T09:30:00Z,76701.7,76738.9,76683.0,76687.9,6357.0
2026-05-26T09:35:00Z,76687.9,76695.6,76657.4,76674.9,4398.0
2026-05-26T09:40:00Z,76674.9,76679.8,76638.4,76655.4,4073.0
2026-05-26T09:45:00Z,76655.4,76676.4,76608.9,76615.1,4700.0
2026-05-26T09:50:00Z,76615.1,76642.9,76615.1,76640.7,3378.0
2026-05-26T09:55:00Z,76640.7,76653.5,76640.7,76640.9,1252.0
2026-05-26T10:00:00Z,76622.7,76631.7,76594.5,76594.5,2477.0
2026-05-26T10:05:00Z,76594.2,76623.9,76541.7,76623.9,4354.0
2026-05-26T10:10:00Z,76627.7,76695.1,76623.0,76689.0,6622.0
2026-05-26T10:15:00Z,76686.9,76875.0,76686.9,76868.1,9321.0
2026-05-26T10:20:00Z,76874.0,76941.2,76850.1,76917.2,17091.0
2026-05-26T10:25:00Z,76910.1,77242.9,76900.0,77199.9,72072.0
2026-05-26T10:30:00Z,77190.9,77249.9,77133.0,77249.9,29144.0
2026-05-26T10:35:00Z,77250.0,77440.0,77199.2,77389.3,94497.0
2026-05-26T10:40:00Z,77392.8,77549.2,77392.8,77472.9,141823.0
2026-05-26T10:45:00Z,77479.1,77539.2,77384.9,77508.6,23042.0
2026-05-26T10:50:00Z,77509.0,77586.8,77429.7,77448.9,26909.0
2026-05-26T10:55:00Z,77455.5,77495.0,77390.7,77398.6,21346.0
2026-05-26T11:00:00Z,77398.8,77456.4,77385.0,77456.3,7725.0
2026-05-26T11:05:00Z,77456.3,77477.7,77332.9,77333.2,18847.0
2026-05-26T11:10:00Z,77333.1,77350.0,77224.8,77237.6,33289.0
2026-05-26T11:15:00Z,77237.4,77325.1,77225.6,77286.6,12207.0
2026-05-26T11:20:00Z,77264.6,77264.6,77181.1,77220.6,11300.0
2026-05-26T11:25:00Z,77220.6,77249.8,77188.0,77197.1,3966.0
2026-05-26T11:30:00Z,77197.0,77285.3,77187.9,77217.0,6568.0
2026-05-26T11:35:00Z,77218.5,77232.0,77137.5,77179.0,8379.0
2026-05-26T11:40:00Z,77194.8,77232.0,77183.4,77194.7,1833.0
2026-05-26T11:45:00Z,77194.7,77239.7,77171.8,77235.7,7915.0
2026-05-26T11:50:00Z,77233.1,77250.4,77210.1,77210.1,4700.0
2026-05-26T11:55:00Z,77202.8,77226.3,77150.0,77153.8,3724.0
2026-05-26T12:00:00Z,77163.0,77200.0,77150.5,77176.0,4519.0
2026-05-26T12:05:00Z,77176.0,77191.6,76856.3,76907.3,37953.0
2026-05-26T12:10:00Z,76919.5,77039.9,76900.0,77020.0,14245.0
2026-05-26T12:15:00Z,77020.0,77071.4,76984.1,77031.3,5641.0
2026-05-26T12:20:00Z,77031.3,77037.3,76958.8,76967.7,8409.0
2026-05-26T12:25:00Z,76967.8,76980.0,76924.5,76979.9,17359.0
2026-05-26T12:30:00Z,76993.8,77034.8,76936.6,77005.0,17791.0
2026-05-26T12:35:00Z,77014.6,77022.6,76988.6,77010.6,3150.0
2026-05-26T12:40:00Z,77017.0,77077.1,77017.0,77060.0,11410.0
2026-05-26T12:45:00Z,77060.0,77086.9,77025.6,77065.8,4077.0
2026-05-26T12:50:00Z,77065.5,77084.9,77026.7,77079.9,4333.0
2026-05-26T12:55:00Z,77084.4,77115.3,77080.0,77098.9,13047.0
2026-05-26T13:00:00Z,77108.4,77117.1,77050.0,77067.1,2781.0
2026-05-26T13:05:00Z,77067.1,77067.1,77023.3,77026.7,5008.0
2026-05-26T13:10:00Z,77026.7,77058.4,77016.0,77057.5,2156.0
2026-05-26T13:15:00Z,77058.4,77058.4,76919.6,76919.6,19742.0
2026-05-26T13:20:00Z,76919.6,76982.2,76760.0,76843.1,35474.0
2026-05-26T13:25:00Z,76843.2,76843.2,76765.0,76770.0,12199.0
2026-05-26T13:30:00Z,76770.0,76821.3,76650.0,76762.1,23015.0
2026-05-26T13:35:00Z,76760.4,76879.5,76710.6,76824.1,24269.0
2026-05-26T13:40:00Z,76822.9,76961.3,76782.3,76868.1,14785.0
2026-05-26T13:45:00Z,76868.0,77361.5,76868.0,77329.6,54317.0
2026-05-26T13:50:00Z,77363.3,77430.0,77124.5,77145.3,40167.0
2026-05-26T13:55:00Z,77166.4,77287.6,77161.0,77196.7,26032.0
2026-05-26T14:00:00Z,77203.0,77250.0,77133.9,77161.8,9593.0
2026-05-26T14:05:00Z,77148.7,77241.9,77092.0,77214.5,19494.0
2026-05-26T14:10:00Z,77226.3,77363.8,77226.3,77363.8,10831.0
2026-05-26T14:15:00Z,77364.0,77679.7,77328.1,77491.0,64663.0
2026-05-26T14:20:00Z,77540.9,77861.3,77531.6,77750.0,42147.0
2026-05-26T14:25:00Z,77749.3,78049.1,77749.3,77923.0,171195.0
2026-05-26T14:30:00Z,77923.0,77970.8,77500.0,77532.0,123502.0
2026-05-26T14:35:00Z,77544.6,77546.2,76867.8,76895.7,90052.0
2026-05-26T14:40:00Z,76885.0,76975.3,76726.5,76788.0,76084.0
2026-05-26T14:45:00Z,76811.7,76963.6,76681.9,76940.8,55583.0
2026-05-26T14:50:00Z,76943.8,77153.7,76902.9,77045.5,47678.0
2026-05-26T14:55:00Z,77044.2,77044.2,76873.5,76873.5,15617.0
2026-05-26T15:00:00Z,76869.0,76968.7,76651.0,76813.8,24556.0
2026-05-26T15:05:00Z,76813.8,76885.9,76720.9,76846.8,9169.0
2026-05-26T15:10:00Z,76835.2,76950.1,76830.8,76935.8,10098.0
2026-05-26T15:15:00Z,76942.3,76951.5,76823.1,76825.1,3674.0
2026-05-26T15:20:00Z,76828.3,76837.5,76523.9,76677.7,68923.0
2026-05-26T15:25:00Z,76677.7,76727.3,76606.1,76614.4,7227.0
2026-05-26T15:30:00Z,76613.6,76667.4,76321.1,76403.3,82521.0
2026-05-26T15:35:00Z,76403.4,76441.5,76332.4,76422.6,29685.0
2026-05-26T15:40:00Z,76426.1,76570.0,76340.1,76500.8,32505.0
2026-05-26T15:45:00Z,76500.9,76500.9,76380.0,76411.0,15544.0
2026-05-26T15:50:00Z,76420.3,76445.7,76237.0,76271.3,38032.0
2026-05-26T15:55:00Z,76254.9,76518.5,76240.1,76478.1,19203.0
2026-05-26T16:00:00Z,76478.2,76490.8,76380.4,76440.9,20199.0
2026-05-26T16:05:00Z,76441.1,76455.0,76355.9,76423.8,6676.0
2026-05-26T16:10:00Z,76423.9,76423.9,76197.0,76305.0,35191.0
2026-05-26T16:15:00Z,76305.0,76467.9,76285.0,76436.3,30755.0
2026-05-26T16:20:00Z,76436.4,76513.9,76387.7,76487.0,6726.0
2026-05-26T16:25:00Z,76487.0,76540.0,76439.2,76513.6,30291.0
2026-05-26T16:30:00Z,76513.6,76578.4,76475.0,76576.6,16401.0
2026-05-26T16:35:00Z,76577.1,76678.7,76568.7,76612.2,24177.0
2026-05-26T16:40:00Z,76601.4,76606.6,76515.5,76515.5,10361.0
2026-05-26T16:45:00Z,76515.5,76570.0,76442.4,76442.4,6524.0
2026-05-26T16:50:00Z,76442.4,76496.7,76391.4,76496.6,5120.0
2026-05-26T16:55:00Z,76496.7,76523.8,76470.1,76523.7,4745.0
2026-05-26T17:00:00Z,76523.9,76622.9,76507.3,76579.1,12048.0
2026-05-26T17:05:00Z,76579.1,76579.1,76441.6,76527.1,3966.0
2026-05-26T17:10:00Z,76527.1,76530.6,76454.8,76454.9,1581.0
2026-05-26T17:15:00Z,76458.7,76458.7,76273.5,76295.0,13162.0
2026-05-26T17:20:00Z,76295.0,76295.0,76128.8,76159.5,34864.0
2026-05-26T17:25:00Z,76164.2,76164.2,76026.6,76032.2,62777.0
2026-05-26T17:30:00Z,76035.6,76035.7,75818.1,75865.1,79292.0
2026-05-26T17:35:00Z,75864.2,76000.0,75856.9,75939.0,15918.0
2026-05-26T17:40:00Z,75938.6,76011.1,75836.5,76005.4,12214.0
2026-05-26T17:45:00Z,75992.3,76124.0,75960.0,76101.4,17799.0
2026-05-26T17:50:00Z,76101.4,76104.4,76005.1,76005.7,8376.0
2026-05-26T17:55:00Z,76004.2,76060.4,75908.8,75909.6,10874.0
2026-05-26T18:00:00Z,75912.9,75995.4,75839.0,75970.6,21627.0
2026-05-26T18:05:00Z,75978.2,75999.5,75919.7,75971.5,5765.0
2026-05-26T18:10:00Z,75980.0,76002.5,75897.6,75996.4,7916.0
2026-05-26T18:15:00Z,75996.5,76123.4,75984.5,76087.5,15117.0
2026-05-26T18:20:00Z,76089.9,76250.0,76089.9,76214.9,24885.0
2026-05-26T18:25:00Z,76214.9,76248.0,76042.3,76074.4,13712.0
2026-05-26T18:30:00Z,76074.1,76116.5,76031.4,76106.5,6163.0
2026-05-26T18:35:00Z,76099.2,76115.5,76033.1,76064.9,8844.0
2026-05-26T18:40:00Z,76063.9,76063.9,75860.2,75900.3,8331.0
2026-05-26T18:45:00Z,75889.2,75986.6,75887.8,75933.7,16160.0
2026-05-26T18:50:00Z,75930.0,75965.8,75918.9,75938.2,5292.0
2026-05-26T18:55:00Z,75918.0,75932.0,75759.4,75814.2,52680.0
2026-05-26T19:00:00Z,75814.2,75866.8,75807.7,75842.4,5933.0
2026-05-26T19:05:00Z,75841.2,75903.3,75815.1,75880.4,8512.0
2026-05-26T19:10:00Z,75880.4,75914.9,75810.1,75836.2,9846.0
2026-05-26T19:15:00Z,75836.1,75870.4,75781.9,75854.5,9560.0
2026-05-26T19:20:00Z,75862.8,75886.9,75835.1,75847.4,8378.0
2026-05-26T19:25:00Z,75861.5,75912.5,75857.6,75895.4,5968.0
2026-05-26T19:30:00Z,75897.9,75978.4,75897.9,75905.4,7004.0
2026-05-26T19:35:00Z,75900.5,75946.4,75859.1,75933.9,5967.0
2026-05-26T19:40:00Z,75933.9,76035.1,75924.0,76000.1,14696.0
2026-05-26T19:45:00Z,76000.1,76023.2,75969.0,75983.1,5738.0
2026-05-26T19:50:00Z,75994.4,76079.2,75994.4,76046.2,5137.0
2026-05-26T19:55:00Z,76046.2,76067.1,76001.3,76028.3,3912.0
2026-05-26T20:00:00Z,76051.0,76075.5,76013.2,76071.5,8607.0
2026-05-26T20:05:00Z,76072.2,76092.9,76044.9,76055.1,2853.0
2026-05-26T20:10:00Z,76068.0,76096.0,76052.2,76089.2,3908.0
2026-05-26T20:15:00Z,76092.8,76129.9,76018.7,76025.3,8822.0
2026-05-26T20:20:00Z,76025.3,76037.4,75980.7,76015.4,3908.0
2026-05-26T20:25:00Z,76025.5,76135.8,76025.5,76135.8,7213.0
2026-05-26T20:30:00Z,76135.8,76157.8,76009.2,76009.2,10724.0
2026-05-26T20:35:00Z,76009.2,76030.0,75961.8,76023.9,5135.0
2026-05-26T20:40:00Z,76021.6,76070.5,76021.6,76048.4,5838.0
2026-05-26T20:45:00Z,76051.0,76092.9,76050.9,76071.7,11902.0
2026-05-26T20:50:00Z,76064.5,76071.7,76050.9,76057.0,11360.0
2026-05-26T20:55:00Z,76057.0,76092.9,76043.5,76081.9,1123.0
2026-05-26T21:00:00Z,76081.9,76092.3,75982.0,75996.1,4384.0
2026-05-26T21:05:00Z,75981.6,76013.2,75961.8,75985.1,4174.0
2026-05-26T21:10:00Z,75977.8,75977.8,75822.6,75870.5,11833.0
2026-05-26T21:15:00Z,75870.4,75960.0,75860.6,75951.7,7574.0
2026-05-26T21:20:00Z,75946.3,76008.3,75941.1,75993.1,2101.0
2026-05-26T21:25:00Z,76003.3,76032.9,76003.3,76022.4,4900.0
2026-05-26T21:30:00Z,76022.4,76048.9,75960.2,75970.8,2772.0
2026-05-26T21:35:00Z,75980.8,76023.3,75974.7,75992.2,1264.0
2026-05-26T21:40:00Z,75992.2,76024.4,75961.7,75971.1,3390.0
2026-05-26T21:45:00Z,75971.1,76016.8,75971.1,75978.1,2757.0
2026-05-26T21:50:00Z,75965.5,75965.8,75915.6,75915.6,2497.0
2026-05-26T21:55:00Z,75915.4,75925.8,75844.1,75864.0,5877.0
2026-05-26T22:00:00Z,75864.0,75975.6,75864.0,75905.0,5712.0
2026-05-26T22:05:00Z,75888.6,75901.8,75770.1,75831.1,13870.0
2026-05-26T22:10:00Z,75831.1,75838.2,75710.3,75774.6,31395.0
2026-05-26T22:15:00Z,75768.7,75821.4,75721.2,75764.1,6838.0
2026-05-26T22:20:00Z,75758.0,75796.9,75753.1,75768.5,8004.0
2026-05-26T22:25:00Z,75768.5,75782.6,75755.3,75767.1,5267.0
2026-05-26T22:30:00Z,75760.9,75832.0,75754.2,75832.0,3392.0
2026-05-26T22:35:00Z,75832.0,75845.8,75764.8,75776.0,3101.0
2026-05-26T22:40:00Z,75776.0,75823.4,75757.6,75770.2,2503.0
2026-05-26T22:45:00Z,75763.0,75763.0,75641.2,75670.7,22873.0
2026-05-26T22:50:00Z,75678.7,75744.1,75660.0,75725.6,10302.0
2026-05-26T22:55:00Z,75725.6,75729.7,75691.1,75729.7,5075.0
2026-05-26T23:00:00Z,75730.0,75875.0,75730.0,75851.9,12171.0
2026-05-26T23:05:00Z,75856.7,75872.7,75802.7,75854.3,4408.0
2026-05-26T23:10:00Z,75854.3,75911.9,75854.3,75871.6,6566.0
2026-05-26T23:15:00Z,75871.6,75898.8,75857.9,75898.8,2407.0
